/*
Navicat MySQL Data Transfer

Source Server         : 139.129.194.110 b2b2c
Source Server Version : 50547
Source Host           : 139.129.194.110:3306
Source Database       : leadthingb2b2c_changcheng

Target Server Type    : MYSQL
Target Server Version : 50547
File Encoding         : 65001

Date: 2018-11-26 16:34:18
*/

SET FOREIGN_KEY_CHECKS=0;

-- ----------------------------
-- Table structure for act_evt_log
-- ----------------------------
DROP TABLE IF EXISTS `act_evt_log`;
CREATE TABLE `act_evt_log` (
  `LOG_NR_` bigint(20) NOT NULL AUTO_INCREMENT,
  `TYPE_` varchar(64) COLLATE utf8_bin DEFAULT NULL,
  `PROC_DEF_ID_` varchar(64) COLLATE utf8_bin DEFAULT NULL,
  `PROC_INST_ID_` varchar(64) COLLATE utf8_bin DEFAULT NULL,
  `EXECUTION_ID_` varchar(64) COLLATE utf8_bin DEFAULT NULL,
  `TASK_ID_` varchar(64) COLLATE utf8_bin DEFAULT NULL,
  `TIME_STAMP_` timestamp NOT NULL DEFAULT CURRENT_TIMESTAMP ON UPDATE CURRENT_TIMESTAMP,
  `USER_ID_` varchar(255) COLLATE utf8_bin DEFAULT NULL,
  `DATA_` longblob,
  `LOCK_OWNER_` varchar(255) COLLATE utf8_bin DEFAULT NULL,
  `LOCK_TIME_` timestamp NULL DEFAULT NULL,
  `IS_PROCESSED_` tinyint(4) DEFAULT '0',
  PRIMARY KEY (`LOG_NR_`)
) ENGINE=InnoDB DEFAULT CHARSET=utf8 COLLATE=utf8_bin;

-- ----------------------------
-- Records of act_evt_log
-- ----------------------------

-- ----------------------------
-- Table structure for act_ge_bytearray
-- ----------------------------
DROP TABLE IF EXISTS `act_ge_bytearray`;
CREATE TABLE `act_ge_bytearray` (
  `ID_` varchar(64) COLLATE utf8_bin NOT NULL,
  `REV_` int(11) DEFAULT NULL,
  `NAME_` varchar(255) COLLATE utf8_bin DEFAULT NULL,
  `DEPLOYMENT_ID_` varchar(64) COLLATE utf8_bin DEFAULT NULL,
  `BYTES_` longblob,
  `GENERATED_` tinyint(4) DEFAULT NULL,
  PRIMARY KEY (`ID_`),
  KEY `ACT_FK_BYTEARR_DEPL` (`DEPLOYMENT_ID_`),
  CONSTRAINT `ACT_FK_BYTEARR_DEPL` FOREIGN KEY (`DEPLOYMENT_ID_`) REFERENCES `act_re_deployment` (`ID_`)
) ENGINE=InnoDB DEFAULT CHARSET=utf8 COLLATE=utf8_bin;

-- ----------------------------
-- Records of act_ge_bytearray
-- ----------------------------
INSERT INTO `act_ge_bytearray` VALUES ('cb608f0d526f4c5282ec617a559ec410', '1', 'test_audit.png', '809b52df107d48c98625937c3f17b1e9', 0x89504E470D0A1A0A0000000D49484452000003DC0000017C08060000003DD3B3DA000053E24944415478DAEDDD0B7C54F59DFFFF53A08AB7BF68A9CBB2FC6CEA6581D5AE5A31868B17349658A0E2AD4B5D8AAC525656A922D40B5A2FC0221A318518110C1711630AC4809186909A442E4908E112638C3166A5980245C4D218631CE3F77F3EDF39E730339949324998CC4C5ECFC7E3F3C85CCE5C32E7FB3E733E73CE9C310C000000000000000000000000000000000000000000000080EEA70F2F0100000000009D2BC12C65FD0500000000009D20DEAC2FCC4AB2FE8EE1250100000000A0739A6DBBC9962DDC9FD1740300000000D079CD766B970300000000805624B4D254DBD7F39D6E0000000000826CB65B6BA6D9D20D00000000401BC51BC16DB90E767A0000000000BA6DB33DA61DB7ABA3E90600000000A0F39AEDCEBA3D000000000051A7B503A485FA7E0000000000889A66BBB37607674B3700000000A0DBF33DE0D9F7CCBAD3FA1B0CDFDB7120350000000040B76FB6C77834CDCBCC52D6DFB636DD816E47D30D00000000E8F6CDB6B8D36A9A55104DB767B36DD7448FEBF94E3700000000A0DB08D404FB6B9E5B6ABAFD4D9FEA677ABED30D00000000E836CD7642104DB4BFA6BBADCDB66FD3CDEEE50000000080A8D3D6A6B7B5A63BD866DBF3F13F33D8D20D0000000088C266BBADCD6EA0A6BB473B9B6D1BDFE9060000000074DB66BBA5A6BBAA03CD76479F0F000000000061A3A35B94FD35DD1D69B67D9B6EBED30D000000005D2CCEACC7CDCA366BA7D5AC29AA4D95D4C1D75E7623F7DDB25D655DDE1149CC1B8AA2288AA2282ACAAACEAC6AB372CD7AC6706F68EA453B8770D4D71AA49F9A5564D61CB3C69975B1597D7879DAA4B5A392B7A6A52DDC6DF99DEE40D8C20D00008068247DCA20C3BD87A9F4325BCD3A68B83736F5E3E541B8986C35DA8BCDBA8097A343A4B9AD334ECC77B8DBD374F31D6E000000742703CC4AB6D68167F272A02BC9EE166F98956FB8B764A3F39AEE60B62807FAE92F7F47290FA6E9E628E5000000E8AE64CB77B9E1FE9AECE9BC1CE80AD26C67197CCFE14436DDAD35BBADFDCE766BBFD31DC81083DFE106000040F7D6C7EA77B2E979106AB21B793E03EF846A6D0B736BCDB6D1CEA6DBDEAD7D1CB30000000034DD7A4BF723BC14081539409A7C679BDDC84FBC405BBADBDA6C07DB74DB8F47B30D000000B8C9EEE5B2F72707524348C811FC9279194226C168BE7BF79D46F0BFB3EDAFE99EE8F3387C671B000000684EFA9F245E0684826CDDE668E4A16FBA3D0FA4E6D93CB7A5D9365AB91D3FFD050000000426472F979F0CE32BB538A1E20CF7EF6C23F47C772F976679A211FC4F7DF9DEAEA3BFFF0D00000074075B5967C689F69459737819C2A6E9EE287FBBAB03000000684EFAA06778197022C921F139A0567434DD9DDDBC03000000D14CD69B7379197022ED34383A7938E8E86EE0EC460E00000004478E565ECDCB8013499AB43EBC0C61D57407BB859A03A401000000C1933EA88E97012792E225082BC1EE16CE6EE400000000FD101860E8E4267A88E1FE448EEFE003000000F4436080A18D12AC663AA185EB3FA3D906000000E887C00043F0026DE9663772000000807E080C307472D34DB30D000000D00F8101864E6EBA9368B601000000FA2130C0D0B9A659F38A9FFE02000000E887C0004327CAB2E6552F5E0A000000807E080C30748E38B35C065BB801000000FA2130C0D0A932ADF924B5939703000000A01F02030C1D37C438BE75DB2E0E9A06000000D00F8101860ECAF269B6EDADDC7C971B000000A01F02030CEDE46FEBB65DE3787900000000FA2130C0D03ED9019A6DA9225E1E000000807E080C3004AFA5ADDB7C971B000000A01F02030CED94D54AB3CD11CB01000000FA2130C0C0BC0200000058C706030CCC2B00000080756C8001C6BC02000000C03A361860605E01000000AC63830106E615000000C03A36C000635E01000000601D1B0C3030AF00000000D6B1C10003F30A000000601D1B608031AF00000000B08E0D0618985700000000EBD86080817905000000B08E0D30C098570000000058C706030CCC2B00000080756C30C0C0BC0200000058C7061860CC2B00000000AC63830106E615000000C03A361860605E01000000AC63030C30E61500000000D6B1C10003F30A000000601D1B0C3030AF00000000D6B1010618F30A00000000EBD86080817905000000B08E0D0618985700000000EBD800038C7905000000B08E0D30C09857BC0400000000EBD86080817905000000B08E0D0618985700000000EBD800038C790500000080756C30C0C0BC0200000058C706030CCC2B00000080756C8001C6BC02000000C03A361860605E01000000AC63830106E615000000C03A36C000635E01000000601D1B0C3030AF00000000D6B1C10003F30A000000601D1B608031AF00000000B08E0D0618985700000000EBD86080817905000000B08E0D30C098570000000058C706032CA4FFB052BD535252664E9C38716F6C6C6C43EFDEBD95F53A509D503D7BF6FCEEFCF3CFFF6CF8F0E11BCDBF238918000000E887C000EB06962D5B76CFC89123EB636262D49C39B3557E7E9E6A68F8CAECC1BFA33AA9E4F52C2A2A548989CFA981030736F6EFDF7FAFF9D25F4CD4000000403F040658944A4D7D657DBF7EFD5452D20BCAE56A349BC3262A04959CBC48F5E9D3E7AB534F3DF526E206000000FA2130C0A2B0D9BEE0820B5451D176B309FC960A71959797A9BE7DFBFEC39C1563881C000000E887C0008B12CB962DBD47B66C17156D339B3F97572D5DFA921A3326418D1A75BDBAFEFA6BD40DF12355F2A2A466D3511DAFF2F2BDEA94534EF9C260F772000000D00F81011605FF9C52BD478EBCA63E29E979F3E4375EB562F95235FAE7A3D4ADB78CD53576CC8D2A3EFE5A3574E8156A916EBABFA13AB91213E77FDEAB57AF3C6207000000FA2130C0225C4ACAC29931313F522E57BDD9F0357A55C2A878DD68DF70C348A77EF6B3EBD4F061579A4D776CB3E9A9CEA9B3CF3EFB5373D6C4113D000000D00F810116C1264E9CB077CE9C27CD46EFEB663562789C7A61C17C95F556864A7931496FD9BE6AC4507DB99C76B9BEF47B3BAA63356DDABD3BCD599348F4000000403F040658048B8D1DD2909F9F63367A0DCDEAEEBB27AA837FFD546DDDF28ECAFED306B5EAD554B53E738DFAB8FA43F53F5327AB6FBFFDD2EFEDA88ED5BBEFE61E3067CD4EA207000000FA2130C02258EFDEBD5543C3E766A357DFAC1E9BF5902A2EDAA276146F55BB7795E892D33B766C578F3DF690DFDB501D2F991FE6AC71113D000000D00F810116E1FF9F525F362B97EBEF6AD6AC996ACA6F26A992924255FEDE1E5DBB76ED50D3EEFB6F35E3C1FBD4D75F7FEEF7B654C78B051B000000E887C0008B8A86BBCEAB1A1B3F57EBD6BDA662637FAAAA3FAA540F4EBFCFAB4A4B8BD590CB2F55AFAF4E550D0D9F35BB3DD5F162C106000000FA2130C0A2A2E1FE8753DF7D774CBDB5215D0D1B1AAB6AAAABD47B65BB55EEE68D2AF3CD3FAAB4D757AAD4575E329BF134BD7BF995575EAED2D357A86FBFFDC2EB3EA88E170B36000000D00F810116150DF731A7B66ED9A47F6B5B9AECBCBCCDEACD8C74DD68AF58BE44BDBC78914A7AE159F5CCBCA7F501D416BFB4505D7BCD08B5F1ED355EF74175BC58B0010000807E080CB0A868B8FFEED463B37EA78F442E8DF5B2D4C5BA96BC9CAC92172D50CF27CE53FF3BF749F5C4EF1F513367FC563DF9C4A366B39DA97E37F37EAFFBA03A5E2CD8000000403F0406585434DC5F38250DB7FC04D8EDB7DDACDE487B5537DAD27C3F3B7F8E9A3BE709F5DCB37375D32D4DF898D1096A73CEDB56C3FD05D589C5820D000000F44360804545C37DD4A9BD7BB7A9471F99A17E79FB38DD50CBAEE4FE2A2E6E88FAF584F17A6B7769E9BB5EF74175BC58B0010000807E080CB0A868B83FF72AD7377F535F7EF9A94A7CEE699530EA3A3562F8956AE8D02B54DC9543D450B3D1BEE6EAE1EA81FBEF51C78EFD454FEB7B7BAAE3C5820D000000F44360804545C37D840AB362C106000000FA2130C0A2A2E1FE8C0AB362C106000000FA2130C0A2A2E13E4C8559B16003000000FD10186051D170FF8D0AB362C106000000FA2130C0A2A2E13E448559B16003000000FD10186051D1701FA4C2AC58B0010000807E080CB0A868B80F5061566D18774F98D5403C010000403F0406585837DC7FA5C2AC5A1877D2687F6D5DCFC20F000000F44360808577C35DEBB7E4BA850B67ABC4C4C775EDDB57AC2F2B29D918F036C196DC5F6666AA733A27E7757DBABA7A5BC0DB9497BFA3F6ECC9F17A1EBECF4BCECF9A35ADD963CD9F3F4B9F3E74688FD77555555BF4F5478E94377BBCDADAD26697555616E8E96B6A0AF5F90D1B96AB33CE38BDDDFFBBBFEB5A69B469B8010000403F040658F837DC9FFAADE30DA1F76559592BBC2EBBF9E6043579F2AFCC86BC48979CBEF7DE3B9DF3729BB9731F72A6EFD9B3A74A4E9EE35CE76EE6DDA7CBCBFF6C36CE6FAB33CF3C434F5B5DBD553F9EDD606EDCF8AA1A3FFE176AC2845BF469B9ACB676A7FE2BD37A3ECF952B5F704EEFDFBF43FFADACCC5705056BF569794CCFE967CF9EA98E1E7D5FFFCF727ECA94FF741EC3BE2FCFE91F7FFCB75EE72FBFFC277AFAD1A3AFD7CFCFBEEEC61B47AAE9D37FA31FEFDC73FF45CD9831C56CF0DFD5B7A9A8C80BF8DA5BF3679EE1DE755C0528000000807E080CB0F06DB8F7FB2DBBA94C4C7C4C97DD146FD9B22EE06DA42EBCF0C72A36F6D216A7B1EF5F9ACFC387F7E8F3070E94EABF7979E9FABAFAFA2A7D5E1E5BCE9F724A6FDD7C8F1D1B6F36C37798CDED4A7DF9B1631F585BB8B3D4A143BB9DCB972C99AF9F4B46C612B560C1EFF565757595FA6F41C11AE77948132E973535EDD37FABAADC5BAFE5F9AC59B3586DD8B0CCEB79DBD36567AF52A5A51B556E6E9A7ECE725EFE17FBB1FDFDCFF23FC8EB77CE393F50C3865DAE9FABFD7CF7EF2FF67A6D0CFF5BB469B8010000403F040658E434DC7F695665659BD49E3DD9AAB1F163AFAAADDDA11B447FB7B1EB78C3EDFFFA82823FAA6BAF8D533939AFA9949439EAB4D34E359BE60A75F2C927A93BEEB8C96C62DF369BDA4F9CE9EDE652A6ADABFB40A5A7BFA8060E3C4F2D5CF894BE5CA67737D31F78DD46A697D32E578D2A2FDFAC2F4B4D7D4E3F5645C59FF575870EEDD297A7A52D5283075FA09B79FBF6F6FDCAEB20A7EDFB5EB52AC9DAFABF54DD7CF328E771ECE7939BFB7AC0FF5DB6DCCBF5329DBCC6F663C97D794ED786469BA2288AA22877D599B5C7AC6CB39E312BDEAC5EACC202F44360808549C3BDAF592D59324F5D74D1BFAA2D5BD6A8D5ABFFA0AEBB6E989A3DFB417D5E6E5358F8A6DFDB49B91BEE4B025E2F65E82DC9EE2DCBF3E63DA48E1CD963ED1E5EACAF97F39ED326253DA1060CF867B3A9AE50C9C94FEBCBA64E9D607D57FB5EBD9BBA3D7D6363B5F3265C5D5DA0B2B296A98D1B5778955CB76DDB3A3D7D76F6ABAAA6668BD7E31B7A2BF81FF56DFBF63D5B6F8D96CB8F1E2D536BD6A4E8867FFAF4BB557CFC087DD94F7E32488D1E7D9DBE6F792EF2E1815C6EDF974C27D7C5C40C50975C32D86CBA577B3D965CE7FBFA58F3E715B3BE35C2730B771FB3069935C6ACC7CDCA35EBA0594966F563D101049D236914B6922380F723807E080CB0A86AB83F695672F95D77FD529F4E4B5BA8B7427B5E9799B9C4EFEDA42EBC30C66AB89B5F575FFF81F55DE7E5FA7E648BB69C2E2BCB76EEF7ACB3CED4BB5CEFDF5FE83C9E34A90505E9BAD996A6559ADB55AB5EB0BE8BBDCDF92BD3A7A6CEB7B64C6FB41AEBB57EFF3FFB7F387A74AFF57DEACDFA7C6D6D91F3DCEC6957AF4ED2A70F1FDEE55C26CDF88D375EAB1F4F2E5BB8F049DD6837347CA8FF4FCFC7CAC858EC9C970F0D9A9A6A9C0F040CFDDDF59C66CFCF673EBD1AA0F10E3703ACA6415674EE61F101B43B47C9667D61D64C5E0E80F723807E080CB0886EB8FFAF59B91BEEDB9DD3D3A7DFE5755D66E6CB7E6F2775BCE1F67F7D71F19BFAF676232BBB725757BBB776BB5CD5CDEE5FCE2F5E2CBB93BFAF0E1C2856E9E98BCCA6FD625553E36E560F1D2AB1BEC3BDDE6C643F562929B3AD03A4E5EADB6FD8B05437F59326DDA6CB6EF6E5FA86864AA77995E90A0BD7A98B2EBA5037E9EE263CC76AE6B7367B7DC68EBD5EDD7A6B82D92C6FD2FFF39123BB5476F60AEB68EBAF7A4DEB6EB8BD5F87C4C447F5070B5959A97E5FFF00F3CB778B77B8922D0DB28561AD59A7B31801DA9DA372C3BD9B2C3902783F02E887C0008BCC86BBA65919FA27C19E50F5F5EF5B074A4B379BD03566435B6D36ACCBFCDEC6AEE30DB7FFEB6B6B0BD5F2E5CF5A3FD3F590D96CE7A9F3CEFB7F6AEEDC079DC77637DCC79F4B72F293BAA1DDB76F8B6EB8E5B2C6C60FADADC479D62EE0696613BDD96CDA3FB29AF917023E07CFC73876ACCC795E72FF863E605A91D948675BDF057FDAEFEDA5E1B6FF4F795CF97EF61D77FC42DF56AE5FB0609633AD5C7FF4E86E75D965FFA666CF9EAE2F97D7D4D0DFF95EE5F7FE5B996FF616EF7026DF9FCBB2567200B44F1F2B47D906DF4905783F02E887C0008BC486FB63BF75E448A9F5B35D8FE8F315159B9CADC10D0D15FAB2C3874BD44D37C5EB9A3265BCD93CBEAAB7DA9E7B6E7F7D5A2A2D2DC93A08D97A7D1B437F577ABBD52CBFA31B5A431F25FC23E7FACCCCC5CEF390F3C386FDD46CF4535546468A4A4D7D463F867D9DDC87A177F15EEA759BF2F23FA9C2C2B5BA09969A34E9565D723FEE2638C76C82DD074DEBD7EF87AAACCC7D90B4BCBCD5CEF35BBC78B6B5F57B89D76B63E803B03D6336FD95FAB9DD7BEF0475E850B19A376FA6FAFEF77BE9FBF29C566AD5AAE79DFF511E431E535E1FFB317DEF3F8A567264CB02BBF3011D6BBA654BF723BC1400EF4700FD10186011D770577B554ECE0ADDBCF6EF7F8ED974EF6C76BDDC66DAB489CEF98686F79B4D13A81A1B3FD0D3CBFDCBFD1C3EBCC36A385FF3BA7F77F37CFC7C4949863EED727D681DE13B4B9F6F6AAA72A6292878DDEB360B163CAAA7F7F73CE4FAE2E275FAF4BE7D05FAAF7C77BCA6264FDFCFE0C1E73BD3CA63B93F30C8F4BAFD810385FABA6DDBD2D5E8D1D7AA5B6F1DE5F7F1E4B9DB97575464ABABAFBE4237F2BEF7BF7AF502AFFB8FA23126BBF37D6A70E01AA0A339FA8C1C01BC1F01F4436080455CC3FD51445553D3879D324DA89E4B7BA68FC2712707AE496271027448323902783F02E887C0008BB886BB8A0AB38AC27127478B9523C5F21D54801C01E408A01F02BA53C3FD21156615A5E34EBE3B97C02205E890ADE408E0FD08A01F02032CA21AEE4A2ACC2A4AC7DDE3867B573E00ED37871C01BC1F01F44360804554C3FD01156615A5E36E8CE1FE6923001DCB512E2F03C0FB11403F040658C434DC15549855948E3B393AEC1E162940877354CDCB00F07E04D00F810116310DF7FB549855948E3BF92DE13A1629003902C811403F0474A386BB9C0AB38AE271C7021B2047003902C80BD09D1AEEF7A8302B1A6E00E4082047007901032C2A1AEE322ACC8A861B003902C811405EC0008B8A867B2F156645C30D801C01E408202F60804545C3BD870AB3A2E106408E007204901730C0A2A2E1DE4D8559D170032047003902C80B186011EEE4934FFAAEA1A1C86CF2765161525F7D55B8CF9C352EF204801C01E408202F608045B0C1837F7C283F7F89D9E895526152EBD73FFFB6396B76922700E4082047007901032C825D75D565EBE6CC994AA31B463576EC5569E6AC49244F00C811408E00F2020658041B30E007B103069CF38DCBB58366373CEA931E3D7A5498B3268E3C012047003902C80B186011AE7FFF1F9626253D48B31B063566CC554BCD59924B9E009023801C01E4050CB0E830E8CC334FAB2F2A5A41D3DB85959FBF74BD392F0E9A75317902408E007204901730C0A247FC39E79CFD779AEEAE6BB67BF4E85163CE8731E409003902C811405EC0008BC2A6FBA493BE7F6CDEBCFB3EE73BDDA1FBCEB6B51BF9C16ED06CB3C006C811408E00F20274EB0136A867CFEFE59C7EFAA987A74CB965F7A64D2F1E6C6828A431EEC4FAEAABEDFBE4A7BFE468E4D601D2E43BDB17932700E408204700790103AC7BB8D4AC39666D35ABC17A1DA8CE2997E1FE9D6DF9E9AF38F204801C01E408202F6080219C6559F3AA172F057902C811007204901730C0D039642BB1CB9A5709BC1CE409204700C811405EC00043E7C8348EEFAEBD9397833C01E408003902C80B1860E8B821C6F1ADDB768DE165214F003902408E00F20206183A26CB687E5032D9CACD77B9C913408E00902380BC80018676F2B775DBAE71BC3CE409204700C811405EC00043FB641B817F7AAB8897873C01E408003902C80B1860085E4B5BB7F92E377902C811007204901730C0D04E59AD34DB1CB19C3C01E408003902C80B1860605E318F009023801C01E4050C3030AFC03C02C811408E00F20230C09857601E01E408003902C80B1860605E318F009023801C01E4050C3030AFC03C02C811408E00F20230C09857601E01E408003902C80B1860605E318F009023801C01E4050C3030AFC03C02C811408E00F20230C09857601E01E408204700C80B1860605E318F009023801C01E4050C3030AFC03C02C811408E00F20230C09857601E01E408204700C80B1860605E318F009023801C01E4050C3030AFC03C02C811408E00F20230C09857601E01E408204700C80B1860605E318F007204801C01E4050C3030AFC03C02C811408E00F20230C09857601E01E408204700C80B4E882C6B40B5543B799958188079049023801C01E40508CE10B35CAD34DC63789958188079049023801C01E405085E760BCD769159BD788958188079049023801C01E40508DE90161AEE71BC3C2C0CC03C02C811408E00F202B49FBFEF72CB77B7D9BACDC200CC23801C01E408202F4007F8FB2E37DFDD666100E611408E0072049017A013641A6CDD666100E611408E0072049017A0D3C57934DC09BC1C2C0CC03C02C811408E00F202741EFBBBDC6CDD666100E611408E0072049017A0130D6180B13000F3082047003902C80B22678E29D53B252565E6C48913F7C6C6C636F4EEDD3BD0CF70512D54CF9E3DBF3BFFFCF33F1B3E7CF846F3EF4846160B03E611408E00902380BC7463CB962DBB67E4C891F53131316ACE9CD92A3F3F4F35347C65F6E0DF514196BC6E4545852A31F1393570E0C0C6FEFDFBEF355FE28B5918807904902300E408202FDD4C6AEA2BEBFBF5EBA792925E502E57A3D93436519D58C9C98B549F3E7DBE3AF5D4536F626100E611408E00902380BC74A366FB820B2E504545DBCDE6F05BEA0455797999EADBB7EF3F8CEEF9BBE12C0C9847003902408E00F2D2BD2C5BB6F41ED9B25D54B4CD6C0A5D5EB574E94B6ACC9804356AD4F5EAFAEBAF5137C48F54C98B929A4D47B5BDCACBF7AA534E39E50BA3FBED5ECEC2807904902300E408202FDD68EE28D57BE4C86BEA93929E374F7EE3552B962F55A37F3E4ADD7ACB585D63C7DCA8E2E3AF5543875EA116E9A6FB1BAA9D959838FFF35EBD7AE5B13000F308204700C811405EA2544ACAC29931313F522E57BDD908367A55C2A878DD68DF70C348A77EF6B3EBD4F061579A4D776CB3E9A9E0EAECB3CFFED49C05712C0CC03C02C8110072049097283471E284BD73E63C6936805F37AB11C3E3D40B0BE6ABACB73254CA8B497ACBF6552386EACBE5B4CBF5A5DFDB516DAB69D3EEDD69CE82441606601E01E408003902C84B148A8D1DD2909F9F6336800DCDEAEEBB27AA837FFD546DDDF28ECAFED306B5EAD554B53E738DFAB8FA43F53F5327AB6FBFFDD2EFEDA8B6D5BBEFE61E3067C14E1606601E01E408003902C84B14EADDBBB76A68F8DC6C00EB9BD563B31E52C5455BD48EE2AD6AF7AE125D727AC78EEDEAB1C71EF27B1BAAED25AFBB390B5CDD64A825580B830452C7021B204700C811405EBACD0C52EACB66E572FD5DCD9A35534DF9CD24555252A8CADFDBA36BD7AE1D6ADA7DFFAD663C789FFAFAEBCFFDDE966A7B759380C49B2547654FB2FE8E21762CB0017204801C01E4A59B34DC755ED5D8F8B95AB7EE35151BFB5355FD51A57A70FA7D5E555A5AAC865C7EA97A7D75AA6A68F8ACD9EDA9B657370848BC4F932D5BB83FA3E966810D902300E408202FDDA4E1FE8753DF7D774CBDB5215D0D1B1AAB6AAAABD47B65BB55EEE68D2AF3CD3FAAB4D757AAD4575E329BF134BD7BF995575EAED2D357A86FBFFDC2EB3EA8B6579407C4B7D96EED72B0C006C8110072049097686BB88F39B575CB26FD5BDBD264E7E56D566F66A4EB467BC5F225EAE5C58B54D20BCFAA67E63DAD0FA0B6F8A585EADA6B46A88D6FAFF1BA0FAAED15C5014968A5A9B6AFE73BDD2CB0017204801C01519A970166DD67D65AB3AACDAAB39E7083599F989569D64C6BBA286EB8FFEED463B37EA78F442E8DF5B2D4C5BA96BC9CAC92172D50CF27CE53FF3BF749F5C4EF1F513367FC563DF9C4A366B39DA97E37F37EAFFBA0DA5E51FA86D2D6669A2DDD2CB0017204801C015198977166E55A4DF62B66DD66D620B34EB7AE97BF31562390644D976FD684E86CB8BF704A1A6EF909B0DB6FBB59BD91F6AA6EB4A5F97E76FE1C3577CE13EAB967E7EAA65B9AF031A313D4E69CB7AD86FB0BAA1D15856F28F146705BAE839D1EACE000E408204700C2342FD244679B556E35D3BD82B8AD3404F29BC95BCDBA20BA1AEEA34EEDDDBB4D3DFAC80CF5CBDBC7E9865A7625F757717143D4AF278CD75BBB4B4BDFF5BA0FAAED15656F28EDDD622DB7ABA3E966810D902300E40888DCBC8C37EBA0E1DE45BC5707EEE73EEB7EA2656BB7D9F87DEE55AE6FFEA6BEFCF25395F8DCD32A61D4756AC4F02BD5D0A157A8B82B87A8A166A37DCDD5C3D503F7DFA38E1DFB8B9ED6F7F654DB2B8ADE503ABA7B38BB97B3C006C81100720444685E64255EBE931DD749F777A9757F93A3A3E13E42755145C91B4A6B07480BF5FD80151C801C01E408202F2132DE6A8E633AF97E63ACFB8DF42DDD66E3F719D54515056F289D7DB471B674B38203902300E4088890BC48532CBB7FC79DA0FBBFD4BAFF4191DD701FA6BAA822FC0DC5F78067DF33EB4EEB6F307C6FC781D458C101C811408E0044405EE448E4334FF063C877BAB74676C3FD37AA8B2A82DF507CB7444BB3BCCCFA7F9605D17407BA1D4D372B38003902C8118030CE8BFCF4971C8DBC77081E6B8F11B9BB969B8DDF21AA8B2A42DF50FCEDF67DA7F5BFA8209A6ECF66DBAE891ED7F39D6E5670007204902300619A97DC10AEA84B0312A95BB9CDC6EF20D54515816F28819A607FCD734B4DB7BFE953FD4CCF77BA59C101C811408E0084595E0618EE039AF50AE163561B9D7F60B68E7EE030A26D0DF701AA8BAA8B02D2D6B111A8D94E08A289F6D774B7B5D9F66DBAD9BD9C151C801C01E4084018E445BE57BD38C48F99689CF8EF8B07FBC22BABB98A6BB9E1FE6B874AEE23337399733A27274D9FAEAEDE1EF036E5E5EFA83D7B36AB92928D5EF7E379DEAE7DFB76A8934F3EA94DCF63FCF89B9A5DB666CD12BFD36767AF56679E7946BBFFE79494799DF2DA85F1D8684FD3DB5AD31D6CB3EDF9F89F196CE96605072047003902D0E579596BD66D217E4C6904B2C2B0E1B62BDBF0BF55D36CFC6A83AE9E3D7BAAE4E43966335CACEF3F31F171E7B434D3D238BB9BD95AB3F1DEA6B2B2563ACF65E3C655BA319E30E1167D5A2EABAD2DD57F655A7F8F27D79D724AEF80CFE7D0A13D7A9A0103FE59DF67FFFEFFA4D2D25E349BE2FF55175DF4AFCEE31C3B56D9EC7E2B2AF2544D4DA19EE6D65B7FAE264FFE95337D7171969EAEB07083BE6CD2A45FEABFF23871713FD5A7A5366C58AECE3BEFDCA05FC72E6EB85B1B1BBECD765B9BDD404D778F7636DB36BED3CD0A0E408E007204200CF222BB775F10E2C78C31EBD3306EB83DB76A8EF06EB83F6D77C9ED67CC98A20E1FDEABCF1F38B04BFFCDCBFBA3BEAEBEFE237D5E1A72BB69CECA5AA1C68EBD414D99F29F66B3FAAAD3081B7A0BF7DB7AFAF2F23FEBE6574AA691E6B95FBF1FEAC7B26F3371E26D7A5A97EB13DDF0CA6969B40B0BD7AB6BAF1DAAE6CD7BD8798ED278DBCFF9C891F7D4B06143F4FDD8CFCB7EDE86DE5A9FEA9CCEC858EA9C5EB366B1731FB2C55D6E6B9FFFFEF77BA9C71FFF6DBB5EBF301E1BED69B65B6ABAAB3AD06C77F4F980151C801C01E408202F9DA4CEACD343FC98F2780D11D0707B6ED58C7337DCFB83AE828235BAA9CDC9596D36B373D569A79D6A36CD1FE846F48E3BC6A9D2D28DAAA9699F33BDFDB8326D5D5DA54A4F4F5103079EAF162E7C5A5F2ED3CB5FB9CEDFE35D78E18F556CECA5019F8F3CEEE8D1D7A949936E371BE9956AF1E2797A0BB434E8F66572FF6969C9CE6DE4F9C9659595F9AAAC2CC76CDCFF4F9FCFCE5EE53C67799E72BAA1A15A9597E79ACD7A992EB96EE5CA17F4E99A9A6DBAD16FCFEB18660DB7EFD8E8E816657F4D77479A6DDFA69BEF74B382039023801C01E4A51B8554456229F5977695DCB6AA2A5FFF9D37EF21B3F9DC6BED1EBE435F2FE73DA74D4A7A42EF8A5D57F7814A4E9EAD2F9B3AF5D7FAEFAC59F7E9DDD4033DD6F186BBF975F6E3EEDF5FA4FF8E1D1BEF34D95959CBF58701FBF615AA8A8A3F7BDDEE8927EED75BDC6FBF7DB4DAB265ADAAAE7E57DFFED0A15DCE73CEC858E2F53FA4A52D528D8D1F5B5BC297EAD3D9D9AFEAC768EF6B18E695D4C14CC86EE4BE5BB6ABACCB3B22C9BAAF3E2C6359C101C811408E00F2125A6CE10EDC40ED34DC5B2CED23B89B8DDFBEA0AABEBE525D7EF94FCC867685BECF3BEEB8499F2E2BDBE434A2679D75A63AE79C1FE826586E23975F72C9605550F047B3D97E5AC5C40CD05BA457AD7A415FB76FDF76E7AFFD38DBB6AD5393278F57B9B9ABF5EEE452F238CB9727EA695DAE8F9B3D37FBF1EDF38D8DD5FA32B90FDFE92A2A729DD7E5E8D132B3A1BF44C5C78FF09A2623E365AFF323465CE1FCDFF2DCE4B46CDDBEF9E65141BF8EF67D86F1D868EDA8E4AD69690B775B7EA73B10B670B382039023801C01E8C2BCF01DEED69B29E378C3FD49D0555C9C6936B64BF47DAF5E9DA4060FBE40555717388DB0BBF15DE24C2FE7172F96DDC92BD481033B547A7AB26EDA6B6AECADCA3BADEF706F706ED3D8F89173FAC20B637443DCDAF392FB90E9264DBACD6C8697ABACAC65EA8C334EF39A66DFBE6DFABEA50C7D54F5552A2F2FCD6AF8B7398F6DE8DDCB577ADDB7FD3F19FAE06FCBF56969E6DD07880BFE750C93863BD0D8B09BDB3AE3C47C87BB3D4D37DFE16605072047003902D0C579E128E5C79B9A22B3C619817F93DC6CFCFE2FE8AAAD2D54CB973FA71F63FEFC87CC663B5F1FA57BEEDC19FA7A7773FAB233BD9C4F4E7E4A1D39B2CB6C6AB79A0DF7227D59636395757472F7AEE905056FF87DBCE30D77CBCF4BEEE3E187EFD18F6197BB715ED16C5AFBB16B6A0AD4E1C3A5CEF390EBAAAADE71AEF3BCEFF8F8E1BAD136F416EEFFD0A7FBF63D4BCD9831B95DAF631737DCAD8D0DDF26B7AD5B9403FDF497BFA39407D37473947256700072049023006190177E87BBE5AD963E0D774DD065E8EF6A175A4D6A9E4A49711FFCACA9A9DAB9DEDD701F9F7ED830F919AD652A23E325959AFA8CDEE5DCBE4EEE43FE6665BDE2F7F18E37DCEEF32ED747D6AEE0BB9B3D2FCFC7B52FF377BFF5F5EF5B5BB5B758DF01DFA69F875C2EBBBCCBF36DE9FF97FFA53DAF9DEFFD84F1D8F0D774B7D6ECB6F63BDBADFD4E7720430C7E879B151C801C01E4084058E46580599F04D9507494ECC61E13893348A98F83AAC6C64AD5D0506136B14B75C374F87089FE9B97B7DA99C6DDE42EF53A5F52F2A63EED72B9B72C9795BDADCF37357DE44C5350906636BCE5EAE69B7FA6E6CE7D5025263E6236C4EFAAA953FF534D9B36519F962A2C5CAB4E3BED1475ECD85EAFE76638BB94DFAA6BE3C654ABA17FA7D9FF5157F79E75E0B6FFD4CFC97E2EF26180EFFFE35B86DE6ABE3CE8D7CEDFFD44D058696D0B736BCDB6D1CEA6DBDEAD7D1CCB535670007204902300E191975C23745BC3A421D81AA93348A9EA905753535544DDEF897A9C087C4309B4A5BBADCD76B04DB7FD7834DBACE000E408204700C2282FB2825E6E84662BB7ECA23B21721BEE8FA82EAA087D43912DDDBEBB77DF6904FF3BDBFE9AEE893E8FC377B659C101C811408E0084695EF28D13FFBD6AF9BEF85623B4BBAF7772C35D45755145F01B8AEF4F867936CF6D69B68D566EC74F7FB182039023801C0108F3BCC49875D0ACB81374FF975AF73F28926790521F525D5411FE86E2BB7BB934CB138DE07FEACBF7761DFDFD6FB082039023801C01E42544C61BEE03A8C59C80665EEE7742A4CF20A52AA92EAA287843E9ECDFC5F6B7BB3A58C101C811408E0084715E2659CD71676DE9BED4BABF47A2610629F501D54515256F289DD5747776F30E5670007204902380BC84886CE9962D67F29DEE8E7CDF5ABEB37DD06AE2A36206295541755145D11B4A47770367377216D8003902408E8008CF4B8CE1FEB9B0F276ACD8CBD6B722C37D80B441D13483947A9FEAA28AB23794F61E559C03A4B1C006C81100720444515E6EB31A6FD92D7CB1E1FE09B10BCC3ADDBAFE74AB39970620D1AC6AABD19E6444EED1C85B68B8CBA92EAA287C430976B770762367810D902300E40888D2BC0C30EB01B3D65ACD7783F584E5EFA7666519EE5DD063A2790629F51ED54515A56F286D6DA2879855677DE00516D8003902408E00F2128D0D7719D54515C50149B09AE98416AEFF8C669B0536408E00902380BC4479C3BD97EAA28AF28004DAD2CD6EE42CB0017204801C01E4A5BB34DC7BA82EAA6E1010DFE69A669B0536408E00902380BC740F279F7CD2770D0DC566F3B79B0A717DF555E13E7316B8BAC130B39BEC249A6D16D8003902408E00F2D26D0C1EFCE343F9F94BCD06701715E25ABFFE85B7CD59B0B39B0CB5046B61C04F7FB1C006C8110072049097EEE1AAAB2E5B3767CE54B3012CA5425C63C75E9566B87F768E85019847003902408E00F2126D060CF841EC8001E77CE372EDA0090E6D7DD2A3478F0A7316C4B13000F308204700C811405EA254FFFE3F2C4D4A7A902638843566CC554BCD973E9785019847003902408E00F212DD069D79E669F545452B68864350F9F94BD79BAFF941B32E666100E611408E00902380BC44BFF873CE39FBEF34DD27BED9EED1A3478DD13D8FD4CDC2807904902300E408202FDDB7E93EE9A4EF1F9B37EFBECFF94E77E77F67DBDA8DFCA0D17D7F168B8501F308204700C811405EBAB5413D7B7E2FE7F4D34F3D3C65CA2DBB376D7AF1604343210D733BEAABAFB6EF5BBFFEF9B7E568E4D601D2E43BDB17B33000F308204700C811405EBAB74BCD9A63D656B31AAC194905572EC3FD3BDBF2D35F710C291606CC23801C012047007901C0C2807904801C01E408202F0058188079049023801C01E405000B03308F007204801C01E405000B03E611007204902380BC00606100E611408E0072049017002C0CC03C02C8110072049017002C0C984700C811408E00F2028085019847003902C811405E00B03000F308204700C811405E00B030601E012047003902C80B001606601E01E4082047007901C0C200CC23801C012047007901C0C2807904801C01E408202F0058188079049023801C01E405000B03308F007204902300E405000B03E611007204902380BC00606100E611408E0072049017002C0CC03C02C811408E009017002C0C984700C811408E00F2028085019847003902C811405E00B03000F3082047003902405E00B030601E01E408003902C80B001606601E01E4082047007901C0C200CC23801C01E408007901C0C2807904902300E408202F005818308F7809007204902380BC00606100E611408E0072049017006061C03C02C8110072049017002C0C984700C811408E00F2028085019847003902C811405E00B03000F308204700C811405E00B45B9615FE966A272F130B6C801C012047007901109C2166B95A69B8C7F032B1C006C811007204901700C1CB6EA1D92E32AB172F110B6C801C01204700790110BC212D34DCE37879586003E408003902C80B80F6F3F75D6EF9EE365BB7596003E408003902C80B800EF0F75D6EBEBBCD021B204700C811405E0074824C83ADDB2CB0017204801C01E40540A78BF368B8137839586003E408003902C80B80CE637F979BADDB2CB0017204801C01E40540271AC2C2800536408E00902380BC00E19F2AA57AA7A4A4CC9C3871E2DED8D8D886DEBD7B07FAF92D2A88EAD9B3E777E79F7FFE67C3870FDF68FE1DC9029B1C51E4881C912372448EC81139222F4037B26CD9B27B468E1C591F1313A3E6CC99ADF2F3F35443C357E6B2FA3BAA8325AF635151A14A4C7C4E0D1C38B0B17FFFFE7BCD97FC625670C811458EC811392247E4881C9123F20244B9D4D457D6F7EBD74F2525BDA05CAE467361D2449DC04A4E5EA4FAF4E9F3D5A9A79E7A132B38E4882247E4881C912372448EC8117901A278A17CC10517A8A2A2EDE642E35B2A44555E5EA6FAF6EDFB0FA37BFC7EB8224714392247E4881C912372448EC80BD0AD2C5BB6F41EF904B4A8689BB9B07079D5D2A52FA9316312D4A851D7ABEBAFBF46DD103F52252F4A6A361DD5FE2A2FDFAB4E39E5942F8CE8DF9D4F912372448EC811392247E4881C9123F202741B72208D9123AFA94F4A7ADE3CF98D57AD58BE548DFEF92875EB2D63758D1D73A38A8FBF560D1D7A855AA417CEDF509D548989F33FEFD5AB571E2B38E4882247E4881C912372448EC8117901A2444ACAC29931313F522E57BDB98068F4AA8451F17A817CC30D239DFAD9CFAE53C3875D692E9C639B4D4F75ACCE3EFBEC4FCD5912C70A0E39A2C811392247E4881C912372445E80283071E284BD73E63C692E18BE6E562386C7A91716CC57596F65A8941793F427A0578D18AA2F97D32ED7977E6F47B5AFA64DBB77A7394B1259C1214714392247E4881C912372448EC80B100562638734E4E7E7980B86866675F7DD13D5C1BF7EAAB66E794765FF69835AF56AAA5A9FB9467D5CFDA1FA9FA993D5B7DF7EE9F77654FBEADD77730F98B364272B38E4882247E4881C912372448EC8117901A240EFDEBD5543C3E7E682A1BE593D36EB21555CB445ED28DEAA76EF2AD125A777ECD8AE1E7BEC21BFB7A1DA5F321FCC59E26205871C51E4881C912372448EC81139222F4094BCE928F565B372B9FEAE66CD9AA9A6FC66922A292954E5EFEDD1B56BD70E35EDBEFF56331EBC4F7DFDF5E77E6F4BB5BFA27CA1A6C811392247E4881C912372448EC8117901BA59C35DE7558D8D9FAB75EB5E53B1B13F55D51F55AA07A7DFE755A5A5C56AC8E597AAD757A7AA8686CF9ADD9E6A7FB182438E2872448EC811392247E4881C911720AA16CCFF70EABBEF8EA9B736A4AB614363554D75957AAF6CB7CADDBC5165BEF94795F6FA4A95FACA4BE6423B4DEF8674E59597ABF4F415EADB6FBFF0BA0FAAFDC50A0E39A2C811392247E4881C912372445E80A85A301F736AEB964DFA371965619C97B759BD9991AE17C82B962F512F2F5EA4925E78563D33EF697DA08DC52F2D54D75E33426D7C7B8DD77D50ED2F5670C811458EC811392247E4881C9123F20244D582F9EF4E3D36EB77FA8895B2005E96BA58D792979355F2A205EAF9C479EA7FE73EA99EF8FD236AE68CDFAA279F78D45C2867AADFCDBCDFEB3EA8F6172B38E4882247E4881C912372448EC8117901A26AC1FC8553B260969F8AB8FDB69BD51B69AFEA05B22CA49F9D3F47CD9DF3847AEED9B97AE12C0BEB31A313D4E69CB7AD05F3175427142B38E4882247E4881C912372448EC8117901A26AC17CD4A9BD7BB7A9471F99A17E79FB38BDE0955D8EFC555CDC10F5EB09E3F5A7A2A5A5EF7ADD07D5FE6205871C51E4881C912372448EC81139EA2259D6736EA9761A00825D307FEE55AE6FFEA6BEFCF25395F8DCD32A61D4756AC4F02BD5D0A157A8B82B87A8A1E602F99AAB87AB07EEBF471D3BF6173DADEFEDA9F6172B38E4882247E4881C912372448EC851171962B87F3BBCA5867B0CED1310F482F9081526C50A0E39A2C81139A2C811392247E4A80B65B7D06C1799D58BF609087AC1FC191526C50A0E39A2C81139A2C811392247E4A80B0D69A1E11E47EB04B46BC17C980A938AE2958004EB7F4B204714392247E4881C912372448EC29ABFEF72CB77B7D9BA0DB46FC1FC372A4C2A4A5770E2CDFAC2AC24EBEF187244912372448EC811392247E4286CF9FB2E37DFDD06DABF603E44854945E10A4EBCCF4A8D6C51F82C0A17DA8C5F72448EC811392247E4888AA61C651A6CDD063A6BC17C900A938AB2159CF8005B10E2A370CB02E3971C912372448EC81139A2A22947711E0D77B47E050308D582F900152615452B3809ADACC4D8D72790238A1C912372448EC81139224761C9FE2E375BB7818E2D98FF4A854945C90A4E5B575EA269CB02E3971C912372448EC81139A2223D4703CCBACFACB566559B556FFD0F0D667D62B877339F694D07A0ED0BE65A2A4C2A0A5670E283DC5210ECF4E4882247E4882247E4881C91A3CE253FF7956B35D6AA8D956FD6045A29A04D0BE64FA930A9085FC169EF1602B95D5D84AFE4307EC911392247E4881C91232AD27214635676104DB6BFDA6AD605B454408B0BE6FD54985404AFE0747477BC48DF9D8FF14B8EC811392247E4881C519194A3F186FB48FD9ECDB3CB6AC0279B75B1597DAD69FB9835C8BA8DEC6EEEBB255C3EA8626B371078C1FC172A4C2A4257705A3B204DA8EF871C912372448E2872448E287214D818C3FB77B6E574A2E1DEE2DD16FDACE97D7FAB7B32AD15E077C1BC8F0A938AC0159CCE3EBA6BA46E5960FC922372448EC8113922475424E468BC4FA35C69B8B766B787DCAEDCA7E9664B37D07CC1FC499B4BA6DFB66DADAAACFCB33E7DE0C00EBFD3E5E5A5A9112386A8C993FF434D9A749B576DDCB85C65652D532D3DB65C376DDA9D6D7E5EAB5727A9F3CE3B37E0F53535EFEAFBACAFFF40D7860DAFA88103CF73AEDFB76F9BD7F425251B545959B63E2D7F1B1B3F6A56727F0505E9CD9EF7F2E5CF39E7EBEA2A827E7D2368ECF81E60E67B66DD69FD0D86EFED22F1C035E4881C91A310E7883AB1458EC8111595398A31BC772397EF5FF7EDE07DCAEEE6B986F7EEE58368B100AF05F3FFB5A94A4BDFD241BAF9E6517A655F4EDF7BEFAFF5E933CF3C432D5CF88433AD9C97E93C6FDFBFFF3FA96BAF8DD3A71B1BAB544B8F2DD7DD74D30D6D7E6EFDFAFD505D7D756C8BD3486320D35457E7EBFB8F8F1F6E362CA9CEFFE25EC1F77E0E05056FE8BF1327DEA2B66CF9A39E46CE3FF5D4FDEA8E3B7EA172735FD3D39694ACD7D72F58F098BE5E2ECFC858AC2EBAE8427D9B7DFBB6EACB172F9ED3E2738CA0151CDF4FFE65E56499F5FC9705B19213E87691B692438EC811390A618EA8135FE4881C51519923CFC6B8B2139A6DCFA6BBDCA79107707CC15CD36A1D3B56A60374F9E5173B97C9F9CCCC97F5E93D7BB2BCA677370A3FF3BA2C3D7D91B952BECC5C69DE62360A1FAA961E5BAE93C622D0F54D4DD5FA3EEC3AE38CD3D4E8D1239DF3478FEE568585EB9CE94B4A327533515C9CA12EBBECDFF4ED7BF6ECA957E4E5F9D4D7BFEF4CEB727DA4FFCA6532BD3C97C38777AAD4D467D469A79DAAFF87356B92554CCC00E73672BDBC06F6E3CB6DF6EFDFA6FFCAF4F6EBE7FB3AF9FBBF2370E5C6B0B60878EE4ED496951CCF951BBB267A5C1F49DFA12347E4881C85284754688A1C91232AEA7234CEF0FECEF6C59D7CFF171BDEBBAAB36B39707CC1FC718B5557F79E1A30A09FCACA5AAA4E39A5B77AFCF17B556EEEAB3A4C9326DDAA4F9F7B6E7FAFDBF4ED7B96CACE5EAE468DBA4A4D9932DE5C594ED5D39F76DA2966C3B0505557BFA3023D7653937B375369365A7A4EB2ABEDD8B1D739CF65C2849BF469A979F3667ADD7F69E97A6BE57DAB3E9F93B3529FB71B8123474A9D692B2A36E9CB6A6BB7ABBCBCD5CEF5EEC668B19E461EC3F7F9C9F577DD75BBAAACCCD1A71B1B2BF5DF7DFBDCBBE1CA7368EDB58E80159C402B1DFE56565A5AC9F1377DAA9FE923E53B74E4881C91A310E4880A5D91237244455D8E3CB76E279EA0C778C6602B37E06FC15CDD62D5D595E9BF1B37BEA21B829C9C15E6CA6F810E5361E11A555EBE519D77DEFFF3BACDF12D73EEF37979AF59BBB7C6EBF38D8D1FA8408FBD67CF5BD696B973CCA6A1AAD5E72725D3A7A7FFC139BF61C3CB2A26E65F9CF31919296AE0C01FABAAAACDEA924B06A9D9B31F70AE2B2E5EA76F2F5BEC3CEFEF77BF9B6C36347FB69A06F756B659B3A6EAFF3D2D2DC9B97F797D6263FF5D4D9B36D16C0632F5E3C834A9A9F3D459679D6936193BF56DEDD7B1B5FF23440BDC111D58B9490862A5C5DF4A4E5B576E7C5772BA6277BEB6BE56E4881C91A310E4880A5D9123724445558E0618C7B73EBBACF327821CBDDCF327C36268B500BD60FEA84D9599F9923AF9E49374C3B06AD5737A57D2871F9EA2CF7FFFFBBDF45F7B5A77A370833EBD6F5FBED324D8D3343656A8408F2D978F1E7DADB902BF569F6E6AFAB0C5E765DF7F65E526E732D9923862C4E55ED365652DD1BBCC4E9FFE5F6AD2A45B74C9F391DB6664BCE8F7791C3A54E8DCB7FC9586406E234D8CFDFF49B95C95EAC081EDCEF9D2D237F5F3B6EFFBC89112EBE058DB5BFC5F42B460B61F4716D0716DBC4D5B57325A5BC90976E5C6F3F13FEB822D0B6D7DADC81139224721CC1175E28B1C91232AAA72749FC7745927F8F9ACF578AC99B45A805E3057B558070E6C53B9B92BD4B5D7C6AA1B6FBC5A9F9E3BF7011DA479F31E5453A6FC87BE4CCE9794ACD3B7B11B85CACA6C6B65BF526FC992FB90EB1B1BDF57FE1E5BA693CBD3D216E8F3727AC182475A7C7E32CDFCF9339B5D76FBED095E976DDCB8547FD7D4BEFEEAABAF704E6FD8B0D8996EFFFE023DAD5CDED0F09EFE5B5595A3F2F25639CF3B31F121B389D8EEDCA6BE7EAFBEDC7E7DECDBC8DFECEC54E7713233535AFD5F42B860B62BBB954F4683DD8D2ED04A4E8F76AEDCF86ED108E54A4E5B5F2B72448EC8510872E4398FB76D7BC3C986E4CBDF7432DEE443A3C9936F773E203AFE41D1529595F5B2DF0CD5D66ED1B7F57C3CC9A9BFC7282F7F5B5FEF727DA0EAEAF638555DBD597F68D4D2FF218FE3795E325053F3E716FFEF9494275B7D6D1E7EF837CE69CFECECD9B33EA8D7981C45778EDA3206ECE5AD9CCEC959A64FCBD80E741BC9838C33FB7DCCBEADEFF959B3EE09F81EE4F9BE2065BF0F1C39B2A3D50CD925CFD5F379CAEDE5EB53819EB7BC4F1D3DBA531516A6AB2D5B5E57D3A6FD5AFF953DCF5ACB7184E4C8B3099E74829FCFF81036F740A434DC1FB6584D4D1F982B1215CE7959E9902D7437DD74BDB5F06D7E1B690A2EBAE802BDB03B7AB4C45C60BF68ED5E7AB7BEBEB1B15CF97B6CB96CEAD45F39E7ABAA3679340ECD1F47763B95C7F1773FAB563DEB7599AC58FDE427FFDAEC7AF70AC92BCD6E3F6CD865E64236435FB77F7FBEB5F2EF7E3EFDFAF5D5D7D9D3DBFF4F6EEE72E7F695957FD27FB76C59AD2F97D37979AFB6F85A77D182D9F393D1111D5CB9696925A7AA032B371D7D3E27FAB52247E4881C8520475232660C7DA4FF1BCCA6798975A4FFFFD4A7DD47FA7FCC99F6F85E22C76F2F7B56B83FB40A9C217B1CC963D5D5EDB69AD5CC80D33DFEF8547DBAA464AD3A76ACD4B9CDF8F1A39DE98E1C2956E9E92FE84C4816972F9FA7A7B19BFE29537EE964DC5E56C8CABFFC5F9326DDACFFCA5E27717197E8D3521B36BC647D15C5FBF9AC5C39DF39BD66CD1F9A9D6E4B91A3E8CE51A092BDAE92937FAFF6EDCB733E18B54F979767E931EE3EF6C687FABDC91EBF863EB8E5123DE6274CF88593CDDA5AF7F137DCCDAFFF316ABF37C8F2BEA0E035EBB81D795ED3CF9EFD5BAFF741C98BFD18F67D05CAB0DCCEFD215D9AD7F592D3B2B20DFABA279EB857FF6F86FE9A57BA5E36D8CB07C96D7B5FCF30CA51B5C7E5179FE0E733C8E3B13EA5D502F482B9B24D555DEDFE84B1A2E26DBD9093DD42ED85A4AC0C34355538D3BA5772E29DF3870E6DB316D66FE9F38D8DEF29DFC736F4019B7ED1EC71376C48B18EEC7C91AAAFDFE35C2ECFE1ACB3FE3FE7FC912345E6827FB1B9B05E65AD94AFF4BA1F790E2ED7FBE60A47926E74CACAD6EBEFA18E1E7D8DAAA9D9DCECB9A4A53DAF0F5A75ECD84EEB08CBDBF5E3CB69995EFE26253DAAA76F68D86B6DED1BE2F1265360BD69BC63BE193C633655A9ADBEC65DBC60F6FC6434AE133EC1F7B792D391951BDF959C84307AADC81139224721C8913D8E641C7BCE6F590997D3EEA6B8326086A464E559C6978C297F199231BD7AF5737A5CCB74729042F97BEEB9FFACE6CD9BEE35AD64D1BEBDA1B73E3FA14F9F73CE0FACAF63F81F9F727FF6695916C85F79CC0307B6585BF28A9CEB256BF66D25738989BF73CECBD750DCCD7EA55E8ED8B9B9EEBA389591B1C86A74729CFBAAACDCA8FFBFB62CABC851F4BF1FB536FF67CCF82FBDCC96F33236E5AFBC27C875F6FB888C47392F070395F78EB163477A35C376664B4AD6E8F70FFBF2254B9E56175EF8233D4E172C78D83A46C72EEBA7245739CF43C6ACA1F7F0AAB03EB0B5F76AD9A2B321EF6DBECF5DDE5BE472B97FFB83DAECECA53ACB727B7FFFABBD0CB17362BFEFD8B7EDC8EB182663E32B8FF37D4FF0F3E9E3F1580DB45A805E307FD062D5D6E6EB1596A953C73B976DDCF8B2B93232D0392F2B0AF60A837D5E5688A64FBF5337119E25B7B557FE65DAC387B7E99586C2C2B480CF41AE73AF7CE79B0BF9DD7ACBDF534FDDDB6CBAD2D2B5CE279F9E9797976F50DBB6ADD65BE6162C78C8EBBA3D7BDE74DE583CA79715B5BABA5273656593BEECC08177ADEFD05EA7CFDB974B3534D80D448E3E9F9BBB4CFF35F4774F17B6FA1ADBD5868566A82BA983E3AB879F2D0955D6E51D91146EAF15392247E4E8C4E648C6D18001FF64AED4BF641DE9FF1E3D46EC0FABE4B434C59EB7711FE97FA91A356A84D504BCEC71A4FF057AFCF93EAEDC8F64C9F7F18F37EFEEF3FBF7E7390DB1EC21121F3F545F9E9696A84FCB5F799C4387B6361B9FF23C1A1BCBACAD670B3CB67027EB2DF09E99901C1D3952A8CBBD356F9E3E2D39F19CD6F3FE651AFBB47CA0662F2BECD7CBDDA490A3EEFA7ED4521514BCAAF700C9C97945A5A4FC5E8FE163C74AF4873D77DC3146BF3F3435BDDF6C9CC8B4925119CFB2D7D4C285B3AC2DCC6BAD66BAD4EB3632BD9C76B9CAF51897CB5253E7E8C7AAA8C8D2D74976DC1FDC26AAC183CFD3CDBC7D7BFB7EE5BD474E7BFE0FF27EE8DE529DD66C4CCBF3F337D6172F7ED2790FB2970BF23C827DFF89801C85EAA8E9A17E3C20DC1BEE8AA0ABA9A9BC5DB7A35AAE2EFE2474A7B5F5A097355D6B4781EDC81685B6FC2E6A386F51F07DADC81139224727384775753BF5DF8D1B17EBC65A1A827DFB72AD15EBD7CD95F6F5EABCF30678DDE67893EC3E9F97B7C2E3039F0AB3E9DDAB7C1F373737D56AB82B5ABCAF03070AF474F673D8BFFF1D6B97F6479D69CACA32AD2D762BF5636566BAB73A2F5F3ED76C381EB71A919D56E3FE82D9486FB70E34B8C56B3C4BC3613F57B90F399D9DEDDEFAEE6FFC4BC3633F7669E91AE7F2CB2E1B4C8E783F6AD3BCAFAADA681DBBE001675CD6D6E6E9EBE5BCE7B449490FEB0FC3642C27273F667DAD69BCF55DED297A37757B7A7B1CBB1BDB6CFD019A64DAB30CBDFBF76A3DBD8C73F970C9F3F1ED4CC96DE543B561C32EF57AFEF6F3B5EFC3F3B9BA9BE7E3CB94F4F4E7F5E5B7DE7A835E86B8B79EBBF7ACB233E4799B087E3FAA630B37D0A50DF7FB549854172D987DDFAC7D5726EA8C13F39DB9F6ACE474F577E602BD568C5F72448E4294A3CCCC85D691FE5F52AB563D63AECCF7500F3F7CB73EEF3ED2FF4BCEB4679E79BAD9245FAF4FEFDBB7D969B6ED691A1BF728DFC7CDCD7DC5DA0A9CACEEB863B4BAEBAE9BF5F4863E18D9DD5ED31E3D5A68ED365B6CAEE4CBD72DCAF47DDA9593B3D45C79CF6F363EEDC77737D00BADADF4E3F4E96DDB5E6B36FD88113F759EC3E4C9B7EAD3EEA3FC5FEF4C575C9CA6264C18E334239EF76F9FCEC8F80339224701ABBEBE545D7EF9BF39634DC6BF9C2E2B7BD3194BB2C7C439E79CADF6EFFFB3334E644F2D1973C9C9B3F49E53A3475FADB369E8DDB2373B7F65FAD4D4D9D696E9755653FC9ADFB1678F5B3B6315151BF47969BAEDE7664FBB7AF57CAFDBD7D4B8B750CB8700CB97CFD15F535AB2E449E7715B7A3C43EF529EE5DCAFA1BFC695190DEF477C871BE8DA86BB3CE4E5FE847F8E73BEAE6E47ABD3AF59B3C039DFD8B8DB3A90D2ABADDE2E25E5B156A791152ADFFBCEC959D225AF4B0817CC45668D0BB062D3914FF003FDD48ABFA3C206B392D39547856DEDB5EAD431909DBD5867424E1F3DBA3DE074E3C7DFD8624E3CEBC0813CE7FECACA32F44AD4860D8BF4A7FAF6CA5546469233FDB5D75EA16EBC7184B99294A3121367E892D3BED90DC7DC91A3E8CC918C616986EDB129A7E7CE9D666D85BB5F4D99729BD32C9794BCA16F6337DC95956F59DF032D331B82FEFA3E3CC79DE7E3D4D6BEA357B0F7EFCFD5CDBC9D33C9CEE1C35B9CE9E4BEE4B6D2FCA7A7279A2BF9D96AD6ACDF388F252BEB478E6C359B989DCDC6A7DCB7FC3F721F9ED93D76AC485FEE3BBDBB1928F768D6CBF5FF2AFF9F3D9DCBB5D7596ED8CB01DFDBCA73B31F931CF17EE4AF8A8B5F773E0492312CBB7257576FB40EE6B7D76B4CD9E364F1E2DFEBB1276357B2204DBBE4C1D07B6B14389994B127EF0DF65894DBCBFB908CE949936ED265BF1FC9F50D0DA5CEFC91E90A0B57EBAF6F6CDBB6CA6AC2D75BCD7C8ED7FF60E7CED05BD137EAEF72C7C7C739635FEED777ACCBE3C97396BD46E4B9CE9F3FDDDACDFDE968793FE228E540D736DCEF85AC4A4AD2CC2679A55AB060A6F57DB2A5E64AFE0BE602F47C73257EB6B9D0DC642DBC1FF7BA9D5C969CFCA83EED72B9B748C89B80EFFD1716BE662EAC53AC85768AFE74332EEEDFF569295960BB7739F4BE6F59F1AFAB2BD6CF4DCAD0BB43FDD2392DD785E2F509D182B9A52D081DFD24BFB5DF356DED775103196274CDEF9EB6F5B5EA94F95F559565359D2F3BE3A1B434BDD974870EE53B9FDECBB8EEDFFF872A2DED59BD22235992CBDC5BDD0A9DDB24263EA87F3FBBA6E64FCE65329D1C29DCDF73912D18B282E26F8CA6A73F17D6B92347D199A3A6A6BD7AF96F9F9F37EFB7D691FE473A99F12D69AE2513D5D56F9B0DF336B351F88375A4FF49FAFAC6C65DCAF371F7EC59A33FF0928641A691C774370DF96613FEA6B912FE807E4C7B7ACF8C555464EAE9ED3128EF6DBECF47F26CE8ADEC23F57392C7B2F32AF991AC48C3E33B9E258BF6749327DFA24FF7EDDB47CD9871A7DFF1BF72E55CE7B4FC4FF2DE6BE85D65DFB17617CE2247BC1FF9ADDADA3FEBF53143FF4CD7037A9CCAF25B3EDCB2C785E4C877FDECC8912D7A1D4EDE1FE4323B5B727B43EF75B1DC6C6A3738EB70AB573FD3E2D8B31FC3CE983C2F7B1D51C6B1E4F1F887BB81EF471EF3F8876CC7DFB3ECF549C9A0FB03EC04AFFCDA99B11F53FE46F8FB11BFC30D746DC35D16B23A7CB840BFF9373696EA727FD29F637D6AFFA25EB0DA2B089EB7B3177E478EBC6BFD4CC5837EEFDFFDC97EA273DE7D44D7E3D3BA8FE83A459F6E6828515959C9FA3673E7DE67ADE017990BF10CE7F1ECE7D9D4B42724AF8F11DE079768ED13FDD6566E8C76AEE4D8BB118E8BF61CB9B7D4FDD6392F5BAFA401F59CC6E5DA6DAE942FD4A7A5D12E2C5C65AE480C716EE75E0199E5759BFAFA1D5E2B0E999949FA3BB013278ED597D9974BC360DF46569A64D741693A8E6F7978D15A81CAB28E6C1E9EB92347D19D23197FF6789531191B7BB1F33E22E3D473DCB8B7705FE79C3F74C8FE79A30C7DDE7E1F92D3478F6E75DE7FE4C3A9DB6FFF59B371653FB69CAFAD757F775BB22479713706C7A77537DC65D6D1F90B9CC7DEB265458BEF5DF6F481C6B6FCCFFEAE93C7B71B6AC9B8BC0E867310AD32E7FF36F4AEF1779123DE8F02CE777B6CCB7897F71343EF1DB2C7B95EC697E7F4F21D6A199732E653539FD21FD8FA664696FB9EB791B128EF5F77DCF1735DBEEF339595EB9D4CCA07C365656BAD5FCE48759E9F6C9C31F4D6EF857EFF0F3BC30307C6A8CB2E1BE475DDFCF9F77BFD9F72B99D99BBEE1AE74C27CFC3D0BBBEBF1AE9EF4703CC7259CFC7659D3F11FA19EEEF6DDBFF7B0CAD16A017CC7B435AF6C2ACB232D3FA1474A7D50C645B5BF4D2FCDE66F5EA79D6016202DF7743C30E7321BE4E37E67673BE72E51C7DBAA6E66DDDA0F8BBEFB163AFF13A2FF7216F04EE159FFC90BE36613E5E026D5968EBCA4DB02B39F6E38D8BF61C19FA3B6937FABD7CC488CBBC2E938676F4E8ABCC95935FE89593C58B1FD35B9467CC98E85C66E8032D3DE3DC4759D91A7345E5157305668BD9FCFEC6FA5997623DCEED69B2B216398F215B347C1F57AAA969B7932DB9AF70CC1D398ACE1CD5D66ED6CDB3FB4328F76532D62FB9E45F9DF3F23E61BF5FD8E7656BF5F4E91374363C4B6EBB61C31F94BFC795F7A369D37EA51B072977037E83DFE7649F96C771EFD9E1BE5FF92B75F5D597377B5F93EC48032039966924FBF2BE28A7870DBB44E5E62E0938B6B3B35302BE46729DE7FBA8BB393F7EDDA851C3F463B6255FE4A8FBBD1FC9FA982CCFE5BDC05E0EBB9BDC57BCC685E77B85FB83D2D7F569976B97F37E63BF5FD8D314142CF3BACD820533F4F481C65E71F16B4E16E5AF7CC82BEF27723F8307FFD899561ECB1EF3727F921D69B03D7322FFC7C30FFF97DE2B44EAA9A7EE71DEBFECAAA878D3790CCFE7B170E143CEDF28783FCAF518E38927E8319EF1788CADB45980B360DE1392AAABDBAEB7444C9B365E2F186581B86FDF9F546AEA937A2177E44881B5B56BBB9E5ECEDF7AEBF57A1A43EF66FB925E495AB2E4719598385D5F9E97B7D45AF17FD7791CBBD1686C2CB13E897D419F9685AFBB613FFE9C5CAEE3DF0F92DBC88A956C2D2C2E5E65BDA92C0CD9EB633FF7081833B265C17777BA3B8DE07FD7D4DF4ACEC420B660444D8E72735F3657CA7FAAC7DBAA557375B33B63C6AFCD9565F796606916ECB16CE764FFFE6CA76975370FC9FAF632C6251B151519FABE65BA030772BDB2619FB63FF42A2F5FDB6CBC5755AD779A7D5949979CC6C5FD44FF9506DABD05604F58E68E1C759F1C3535ED0AE932BAAB2B94FF2F39EA9EEF47A118A3E198DB13F59CC22C47E33CC6B76CE5EEEC83A75D6C1CDF8A2E3581360B7016CCBB43562ED74E73E57FB373BEB4F4757321576AED7EF7BCD94CE45BDFCFD9EC753BF727A8AF998DC4466B57A5C08FE16E1264F7A645D6F7DD6ED6A7A549B8F9E6915ED3AE5E3DD7FAE4F515B3317851DFBF7D1F7BF6BCE1B1D53134AF8F1139BF57E8FB132D9E2B2B6D59B9315AB95D287F6AA54B735457B74D8F7BFBFC860D49CE18B7B35155956936AF3BFC8E97CCCC05CE7999C6D0C74658EC355D6DED26B3015FA7AAAB37E8FB96F1EEDE7AF18ED578BFE9D1E8B63C3EA74CB945DF6ECB9665619B3B72D4FD7244F17E448EC811396A937C8F86B8D2E8BC9F08939F022B37BCB76EF73200D80BE65D21ABFA7AF76F23DE78E370B32978C96A26DEB476934BD6D31C6F228EDFCED007E578C8393D75EA6D011FC3F3F686FEBEDB227D5A1ECF7D44D7E3D32E5FFEA4DE7D6FDEBCFBF4F9868622EBFB3CEBCDE6E30FD6C1727243F6FA44D00A8EE74AC8188F95958946F03FADE27BBB8EFEDE6A44E7C8D0DF6DFE1F7DBAAE6EABD540BF1470DAD8D88BD4A44963F53897317BC619A706BCEFA626FBEB1B6F5BDF815DEB8C77437F0F4EB64A17ABCB2F1FACEFAF5FBF1FA8FBEFFF9573FF32CDE8D12374BE7EF2930BC23677E4881C51BC1F91238A1CF91563B8F70AF16C8C3BDA744BB3EDB9BBBA1CE760102D16E0B5602E0D59353616793410A5D6D6B575D681645E719AF0BCBC97BD6E77BCE12E55478FBA0F3C73CA29279B0DC996668F61E823BAC69A2BFC0BAD2D6DE3F469F7115D2738D3D5D6FE49B95C3BF4CFBEC83435351BACA3CF96EAC6C3D0DF215A19D2D727C25670FCADE474C6968AAE38FA6B58E4E8C891779C2CC8F96DDB9659CDE7E680E3E5E187EF341BE82CA7DC1F5E2D6A76BFAB56CD562B573EA5EAEBB7E9CB0A0A969A0DF2F3BA41974C55576736BB7F791E9E8F6FE803B23D1CF0B9844BEEC851F7CE11C5FB113962FC92A316C9CF7679EEFA2D5BBADBBB7BB9DCCE73CB36BB92035DBD606E68701F855CBEAF6AAF98CB0AB87BAB5B966E0872725EF4BBC092EF81CAC171EC662423E33927DC070E6C0AB8A093C7696D613861C2CF9DE7274754BEFDF678E73AF7EEB0ACE0846025A7B35796222A477636D2D3E7A9A6A6127D991CDB60D8B07F6F71BC48D3EC7B59565652B3690F1FCEF5D87A5EAA9B683B3B923B43EFCE9DE6F731162C98AE1B7543FF26E9EFDB348EBB3277E4A8FBE688E2FD881C912372D426937C9A6E392D0752EBD7C6DBCB74CFF8DC87D423B456409834DCB2554BCE7B6EE99606DADF6DA4F990EBA74DFB0FBFD7FBDBCAEDB9A0F3DDDAE76F1A791EB2C5EFBCF3FE456F7DF3DD221FAA2DDD11BA82636F09E8C86E7791B8DB5EA7E5A8B4F435FDDD6A7BECC9DF59B3EE723E886A69BCD8BB94BB77FB5E68ED9A9DE9777AF9B04A1E4BFE0E1CF823AFEB240332FE03E53629E941EB006B7F6CD338EECADC91A3EE99238AF72372448EC85150C65B635DF934DE5956432E5BAFEDDDCD65B7F141D66DDE30DCBB8D7BDEAECEBA0D80EEB660B6B71476741A16CC41ADA404BB4520D20E481336390AA7B11B4EB92347E4882247E48822476D1263787FFFBA3DB5D5E03BDB000B6616CC2113EC6E7891BCDB1E392247E4881C912372448EA868C8D16D56E3ED0AB2D19E647034728005330BE6B05DC91962B877411A478E2872448EC811392247E4881C75B901663D60D65AB33E31ABC1FA1FE4EFA7867B77F399867BCB380016CC2C98BB5082B5F292D0C2F59F45C9CA0D392247E4881C912372448EA868CE110016CC2C982368CB42B4ECB6478EC811392247E4881C91238A861B000B6616CC61B392138D2B37E4881C912372448EC81139A268B801B06066C1DCA52B394951BA72438EC811392247E4881C91238A861B000B6616CC5D26C1FADF12C811458EC811392247E4881C91230034DC140BE6CED5871C51E4881C912372448EC811390240C34DB160063922472047E408E4882247005830B3600639A2C81139A2C811C8113902C0829962C14C8E28720472448E408EC8110016CC140B669023720472448E408E2872048005330B66902372448EC811458EC811458E00B060A6583093238A1C811C912390237204800533C58219E4881C811C912390238A1C0160C1CC8219E4881C811C51E4881C51E408000B668A053339A2C81118BFE408E4881C01882E279F7CD2770D0D852C14C3A0BEFA6AFB3E7396B81895E4882247E48822472047E4084014183CF8C787F2F397B0600C835ABFFEF9B7CD59B29351498E2872448E28720472448E004481ABAEBA6CDD9C3953593086418D1D7B559A394B121995E4882247E48822472047E40840141830E007B103069CF38DCBB5838563D7D6273D7AF4A83067491CA3921C51E4881C319EC911C81139021025FAF7FF616952D2832C1CBBB0C68CB96AA9392B72198DE4882247E4881C91239023720420BA0C3AF3CCD3EA8B8A56B090EC82CACF5FBADE9C0707CDBA98A1488E2872448EC811390239224700A24FFC39E79CFD7716CEA15F28F7E8D1A3C67CFDC73004C911458E408EC811C811390210C50BE7934EFAFEB179F3EEFB9CEFFE9CF8EFF658BB1B1D64A14C8E28720472448E408EC81180EE6150CF9EDFCB39FDF4530F4F9972CBEE4D9B5E3CC8EF3976DEEF31CA4F44C8512BAD0369C8777BD8DD881C51E408E4881C811C912300DDCCA566CD316BAB590D6629AAC3E532DCBFC7283F11C1512BC911458E408EC811C8113902000000000000000000000000000000000000000000000000000000000000000000000000000000000000000000000000000000A2DFFF0FF0398BADE63642580000000049454E44AE426082, '0');
INSERT INTO `act_ge_bytearray` VALUES ('e6a33d903772421a97cd3d4c531156b7', '1', 'test_audit.bpmn20.xml', '809b52df107d48c98625937c3f17b1e9', 0x3C3F786D6C2076657273696F6E3D27312E302720656E636F64696E673D275554462D38273F3E0D0A3C646566696E6974696F6E7320786D6C6E733D22687474703A2F2F7777772E6F6D672E6F72672F737065632F42504D4E2F32303130303532342F4D4F44454C2220786D6C6E733A7873693D22687474703A2F2F7777772E77332E6F72672F323030312F584D4C536368656D612D696E7374616E63652220786D6C6E733A61637469766974693D22687474703A2F2F61637469766974692E6F72672F62706D6E2220786D6C6E733A62706D6E64693D22687474703A2F2F7777772E6F6D672E6F72672F737065632F42504D4E2F32303130303532342F44492220786D6C6E733A6F6D6764633D22687474703A2F2F7777772E6F6D672E6F72672F737065632F44442F32303130303532342F44432220786D6C6E733A6F6D6764693D22687474703A2F2F7777772E6F6D672E6F72672F737065632F44442F32303130303532342F44492220747970654C616E67756167653D22687474703A2F2F7777772E77332E6F72672F323030312F584D4C536368656D61222065787072657373696F6E4C616E67756167653D22687474703A2F2F7777772E77332E6F72672F313939392F585061746822207461726765744E616D6573706163653D22687474703A2F2F7777772E61637469766974692E6F72672F74657374223E0D0A20203C70726F636573732069643D22746573745F617564697422206E616D653D22E6B581E7A88BE5AEA1E689B9E6B58BE8AF95E6B581E7A88B2220697345786563757461626C653D2274727565223E0D0A202020203C73746172744576656E742069643D22737461727422206E616D653D22E590AFE58AA8E5AEA1E689B9222061637469766974693A696E69746961746F723D226170706C79222061637469766974693A666F726D4B65793D222F6F612F7465737441756469742F666F726D222F3E0D0A202020203C656E644576656E742069643D22656E6422206E616D653D22E7BB93E69D9FE5AEA1E689B9222F3E0D0A202020203C757365725461736B2069643D226D6F6469667922206E616D653D22E59198E5B7A5E896AAE985ACE6A1A3E7BAA7E4BFAEE694B9222061637469766974693A61737369676E65653D22247B6170706C797D222F3E0D0A202020203C757365725461736B2069643D22617564697422206E616D653D22E896AAE985ACE4B8BBE7AEA1E5889DE5AEA1222061637469766974693A61737369676E65653D227468696E6B67656D222F3E0D0A202020203C6578636C7573697665476174657761792069643D227369642D43323842423546362D303133442D343537302D423433322D363142333830433146343646222F3E0D0A202020203C757365725461736B2069643D2261756469743222206E616D653D22E99B86E59BA2E4BABAE58A9BE8B584E6BA90E983A8E983A8E995BFE5AEA1E6A0B8222061637469766974693A61737369676E65653D227468696E6B67656D222F3E0D0A202020203C6578636C7573697665476174657761792069643D227369642D45443436464534312D413046442D343936442D383644432D324339374146353733354630222F3E0D0A202020203C73657175656E6365466C6F772069643D227369642D45463246353142422D314439392D344630422D414346322D4236433133303041374432422220736F757263655265663D2261756469743222207461726765745265663D227369642D45443436464534312D413046442D343936442D383644432D324339374146353733354630222F3E0D0A202020203C757365725461736B2069643D2261756469743322206E616D653D22E99B86E59BA2E4BABAE58A9BE8B584E6BA90E983A8E58886E7AEA1E9A286E5AFBCE5AEA1E6A0B8222061637469766974693A61737369676E65653D227468696E6B67656D222F3E0D0A202020203C6578636C7573697665476174657761792069643D227369642D46453438354232442D394132332D343233362D424430442D443738384341364533304534222F3E0D0A202020203C73657175656E6365466C6F772069643D227369642D33444243443636312D353732302D343438302D383135362D3734384245303237354645462220736F757263655265663D2261756469743322207461726765745265663D227369642D46453438354232442D394132332D343233362D424430442D443738384341364533304534222F3E0D0A202020203C757365725461736B2069643D2261756469743422206E616D653D22E99B86E59BA2E680BBE7BB8FE79086E5AEA1E689B9222061637469766974693A61737369676E65653D227468696E6B67656D222F3E0D0A202020203C6578636C7573697665476174657761792069643D227369642D33463533423642442D463846332D343936422D414330382D353036333042443131343737222F3E0D0A202020203C757365725461736B2069643D226170706C795F656E6422206E616D653D22E896AAE985ACE6A1A3E7BAA7E58591E78EB0222061637469766974693A61737369676E65653D227468696E6B67656D222F3E0D0A202020203C73657175656E6365466C6F772069643D227369642D30324442324144392D313333322D343139382D414338442D3232413335313639443135432220736F757263655265663D2261756469743422207461726765745265663D227369642D33463533423642442D463846332D343936422D414330382D353036333042443131343737222F3E0D0A202020203C73657175656E6365466C6F772069643D227369642D32414237433031412D353045452D344141432D384338462D4636453139333542334441372220736F757263655265663D22617564697422207461726765745265663D227369642D43323842423546362D303133442D343537302D423433322D363142333830433146343646222F3E0D0A202020203C73657175656E6365466C6F772069643D227369642D33364535304338422D364337432D343936382D423032442D4542414134323542463442452220736F757263655265663D22737461727422207461726765745265663D226175646974222F3E0D0A202020203C73657175656E6365466C6F772069643D227369642D37443732333139302D313433322D343131442D413441342D37373432323545353443443922206E616D653D22E698AF2220736F757263655265663D227369642D33463533423642442D463846332D343936422D414330382D35303633304244313134373722207461726765745265663D226170706C795F656E64223E0D0A2020202020203C636F6E646974696F6E45787072657373696F6E207873693A747970653D2274466F726D616C45787072657373696F6E223E3C215B43444154415B247B706173733D3D317D5D5D3E3C2F636F6E646974696F6E45787072657373696F6E3E0D0A202020203C2F73657175656E6365466C6F773E0D0A202020203C73657175656E6365466C6F772069643D227369642D44343443414434332D303237312D343932302D413532342D39423835333345353235353022206E616D653D22E698AF2220736F757263655265663D227369642D46453438354232442D394132332D343233362D424430442D44373838434136453330453422207461726765745265663D22617564697434223E0D0A2020202020203C636F6E646974696F6E45787072657373696F6E207873693A747970653D2274466F726D616C45787072657373696F6E223E3C215B43444154415B247B706173733D3D317D5D5D3E3C2F636F6E646974696F6E45787072657373696F6E3E0D0A202020203C2F73657175656E6365466C6F773E0D0A202020203C73657175656E6365466C6F772069643D227369642D35333235383530322D343345452D344445382D423141342D44424431313932324238414622206E616D653D22E590A62220736F757263655265663D227369642D43323842423546362D303133442D343537302D423433322D36314233383043314634364622207461726765745265663D226D6F64696679223E0D0A2020202020203C636F6E646974696F6E45787072657373696F6E207873693A747970653D2274466F726D616C45787072657373696F6E223E3C215B43444154415B247B706173733D3D307D5D5D3E3C2F636F6E646974696F6E45787072657373696F6E3E0D0A202020203C2F73657175656E6365466C6F773E0D0A202020203C6578636C7573697665476174657761792069643D227369642D35464544303244362D433338382D343843362D383730452D303937444232313331454130222F3E0D0A202020203C73657175656E6365466C6F772069643D227369642D31363344424336302D444243392D343338422D393731412D3637373338464237373135412220736F757263655265663D226D6F6469667922207461726765745265663D227369642D35464544303244362D433338382D343843362D383730452D303937444232313331454130222F3E0D0A202020203C73657175656E6365466C6F772069643D227369642D37323235384134312D323033452D343238432D423731442D43413335303632353244373322206E616D653D22E698AF2220736F757263655265663D227369642D43323842423546362D303133442D343537302D423433322D36314233383043314634364622207461726765745265663D22617564697432223E0D0A2020202020203C636F6E646974696F6E45787072657373696F6E207873693A747970653D2274466F726D616C45787072657373696F6E223E3C215B43444154415B247B706173733D3D317D5D5D3E3C2F636F6E646974696F6E45787072657373696F6E3E0D0A202020203C2F73657175656E6365466C6F773E0D0A202020203C73657175656E6365466C6F772069643D227369642D38343438454634412D423632452D343839392D414243322D30453244423241453638333822206E616D653D22E9878DE696B0E794B3E8AFB72220736F757263655265663D227369642D35464544303244362D433338382D343843362D383730452D30393744423231333145413022207461726765745265663D226175646974223E0D0A2020202020203C636F6E646974696F6E45787072657373696F6E207873693A747970653D2274466F726D616C45787072657373696F6E223E3C215B43444154415B247B706173733D3D317D5D5D3E3C2F636F6E646974696F6E45787072657373696F6E3E0D0A202020203C2F73657175656E6365466C6F773E0D0A202020203C73657175656E6365466C6F772069643D227369642D41373538393038342D343632332D344645412D413737342D30304137304444433144323022206E616D653D22E698AF2220736F757263655265663D227369642D45443436464534312D413046442D343936442D383644432D32433937414635373335463022207461726765745265663D22617564697433223E0D0A2020202020203C636F6E646974696F6E45787072657373696F6E207873693A747970653D2274466F726D616C45787072657373696F6E223E3C215B43444154415B247B706173733D3D317D5D5D3E3C2F636F6E646974696F6E45787072657373696F6E3E0D0A202020203C2F73657175656E6365466C6F773E0D0A202020203C73657175656E6365466C6F772069643D227369642D46413631383633362D333730382D344430432D383531342D32394134424238424339323622206E616D653D22E590A62220736F757263655265663D227369642D45443436464534312D413046442D343936442D383644432D32433937414635373335463022207461726765745265663D226D6F64696679223E0D0A2020202020203C636F6E646974696F6E45787072657373696F6E207873693A747970653D2274466F726D616C45787072657373696F6E223E3C215B43444154415B247B706173733D3D307D5D5D3E3C2F636F6E646974696F6E45787072657373696F6E3E0D0A202020203C2F73657175656E6365466C6F773E0D0A202020203C73657175656E6365466C6F772069643D227369642D31353235424646342D334539442D344438412D424638302D31463633414645313632383922206E616D653D22E590A62220736F757263655265663D227369642D46453438354232442D394132332D343233362D424430442D44373838434136453330453422207461726765745265663D226D6F64696679223E0D0A2020202020203C636F6E646974696F6E45787072657373696F6E207873693A747970653D2274466F726D616C45787072657373696F6E223E3C215B43444154415B247B706173733D3D307D5D5D3E3C2F636F6E646974696F6E45787072657373696F6E3E0D0A202020203C2F73657175656E6365466C6F773E0D0A202020203C73657175656E6365466C6F772069643D227369642D33354343384336432D313036372D343339382D393931432D43434639353531313539363522206E616D653D22E590A62220736F757263655265663D227369642D33463533423642442D463846332D343936422D414330382D35303633304244313134373722207461726765745265663D226D6F64696679223E0D0A2020202020203C636F6E646974696F6E45787072657373696F6E207873693A747970653D2274466F726D616C45787072657373696F6E223E3C215B43444154415B247B706173733D3D307D5D5D3E3C2F636F6E646974696F6E45787072657373696F6E3E0D0A202020203C2F73657175656E6365466C6F773E0D0A202020203C73657175656E6365466C6F772069643D227369642D42444230414142322D374535302D344433352D383045452D4345304245434444394635372220736F757263655265663D226170706C795F656E6422207461726765745265663D22656E64222F3E0D0A202020203C73657175656E6365466C6F772069643D227369642D34344146423943312D343035372D344334382D423146322D31454338393741353243423722206E616D653D22E99480E6AF812220736F757263655265663D227369642D35464544303244362D433338382D343843362D383730452D30393744423231333145413022207461726765745265663D22656E64223E0D0A2020202020203C636F6E646974696F6E45787072657373696F6E207873693A747970653D2274466F726D616C45787072657373696F6E223E3C215B43444154415B247B706173733D3D307D5D5D3E3C2F636F6E646974696F6E45787072657373696F6E3E0D0A202020203C2F73657175656E6365466C6F773E0D0A20203C2F70726F636573733E0D0A20203C62706D6E64693A42504D4E4469616772616D2069643D2242504D4E4469616772616D5F746573745F6175646974223E0D0A202020203C62706D6E64693A42504D4E506C616E652062706D6E456C656D656E743D22746573745F6175646974222069643D2242504D4E506C616E655F746573745F6175646974223E0D0A2020202020203C62706D6E64693A42504D4E53686170652062706D6E456C656D656E743D227374617274222069643D2242504D4E53686170655F7374617274223E0D0A20202020202020203C6F6D6764633A426F756E6473206865696768743D2233302E30222077696474683D2233302E302220783D2233302E302220793D223234352E30222F3E0D0A2020202020203C2F62706D6E64693A42504D4E53686170653E0D0A2020202020203C62706D6E64693A42504D4E53686170652062706D6E456C656D656E743D22656E64222069643D2242504D4E53686170655F656E64223E0D0A20202020202020203C6F6D6764633A426F756E6473206865696768743D2232382E30222077696474683D2232382E302220783D223937352E302220793D223335362E30222F3E0D0A2020202020203C2F62706D6E64693A42504D4E53686170653E0D0A2020202020203C62706D6E64693A42504D4E53686170652062706D6E456C656D656E743D226D6F64696679222069643D2242504D4E53686170655F6D6F64696679223E0D0A20202020202020203C6F6D6764633A426F756E6473206865696768743D2235382E30222077696474683D223130322E302220783D223230392E302220793D223133352E30222F3E0D0A2020202020203C2F62706D6E64693A42504D4E53686170653E0D0A2020202020203C62706D6E64693A42504D4E53686170652062706D6E456C656D656E743D226175646974222069643D2242504D4E53686170655F6175646974223E0D0A20202020202020203C6F6D6764633A426F756E6473206865696768743D2235372E30222077696474683D2239362E302220783D223130352E302220793D223233312E35222F3E0D0A2020202020203C2F62706D6E64693A42504D4E53686170653E0D0A2020202020203C62706D6E64693A42504D4E53686170652062706D6E456C656D656E743D227369642D43323842423546362D303133442D343537302D423433322D363142333830433146343646222069643D2242504D4E53686170655F7369642D43323842423546362D303133442D343537302D423433322D363142333830433146343646223E0D0A20202020202020203C6F6D6764633A426F756E6473206865696768743D2234302E30222077696474683D2234302E302220783D223234302E302220793D223234302E30222F3E0D0A2020202020203C2F62706D6E64693A42504D4E53686170653E0D0A2020202020203C62706D6E64693A42504D4E53686170652062706D6E456C656D656E743D22617564697432222069643D2242504D4E53686170655F617564697432223E0D0A20202020202020203C6F6D6764633A426F756E6473206865696768743D2238302E30222077696474683D223130302E302220783D223231302E302220793D223333302E30222F3E0D0A2020202020203C2F62706D6E64693A42504D4E53686170653E0D0A2020202020203C62706D6E64693A42504D4E53686170652062706D6E456C656D656E743D227369642D45443436464534312D413046442D343936442D383644432D324339374146353733354630222069643D2242504D4E53686170655F7369642D45443436464534312D413046442D343936442D383644432D324339374146353733354630223E0D0A20202020202020203C6F6D6764633A426F756E6473206865696768743D2234302E30222077696474683D2234302E302220783D223334352E302220793D223335302E30222F3E0D0A2020202020203C2F62706D6E64693A42504D4E53686170653E0D0A2020202020203C62706D6E64693A42504D4E53686170652062706D6E456C656D656E743D22617564697433222069643D2242504D4E53686170655F617564697433223E0D0A20202020202020203C6F6D6764633A426F756E6473206865696768743D2238302E30222077696474683D223130302E302220783D223432302E302220793D223333302E30222F3E0D0A2020202020203C2F62706D6E64693A42504D4E53686170653E0D0A2020202020203C62706D6E64693A42504D4E53686170652062706D6E456C656D656E743D227369642D46453438354232442D394132332D343233362D424430442D443738384341364533304534222069643D2242504D4E53686170655F7369642D46453438354232442D394132332D343233362D424430442D443738384341364533304534223E0D0A20202020202020203C6F6D6764633A426F756E6473206865696768743D2234302E30222077696474683D2234302E302220783D223535352E302220793D223335302E30222F3E0D0A2020202020203C2F62706D6E64693A42504D4E53686170653E0D0A2020202020203C62706D6E64693A42504D4E53686170652062706D6E456C656D656E743D22617564697434222069643D2242504D4E53686170655F617564697434223E0D0A20202020202020203C6F6D6764633A426F756E6473206865696768743D2238302E30222077696474683D223130302E302220783D223633302E302220793D223333302E30222F3E0D0A2020202020203C2F62706D6E64693A42504D4E53686170653E0D0A2020202020203C62706D6E64693A42504D4E53686170652062706D6E456C656D656E743D227369642D33463533423642442D463846332D343936422D414330382D353036333042443131343737222069643D2242504D4E53686170655F7369642D33463533423642442D463846332D343936422D414330382D353036333042443131343737223E0D0A20202020202020203C6F6D6764633A426F756E6473206865696768743D2234302E30222077696474683D2234302E302220783D223736352E302220793D223335302E30222F3E0D0A2020202020203C2F62706D6E64693A42504D4E53686170653E0D0A2020202020203C62706D6E64693A42504D4E53686170652062706D6E456C656D656E743D226170706C795F656E64222069643D2242504D4E53686170655F6170706C795F656E64223E0D0A20202020202020203C6F6D6764633A426F756E6473206865696768743D2238302E30222077696474683D223130302E302220783D223834302E302220793D223333302E30222F3E0D0A2020202020203C2F62706D6E64693A42504D4E53686170653E0D0A2020202020203C62706D6E64693A42504D4E53686170652062706D6E456C656D656E743D227369642D35464544303244362D433338382D343843362D383730452D303937444232313331454130222069643D2242504D4E53686170655F7369642D35464544303244362D433338382D343843362D383730452D303937444232313331454130223E0D0A20202020202020203C6F6D6764633A426F756E6473206865696768743D2234302E30222077696474683D2234302E302220783D223234302E302220793D2234352E30222F3E0D0A2020202020203C2F62706D6E64693A42504D4E53686170653E0D0A2020202020203C62706D6E64693A42504D4E456467652062706D6E456C656D656E743D227369642D33444243443636312D353732302D343438302D383135362D373438424530323735464546222069643D2242504D4E456467655F7369642D33444243443636312D353732302D343438302D383135362D373438424530323735464546223E0D0A20202020202020203C6F6D6764693A776179706F696E7420783D223532302E302220793D223337302E30222F3E0D0A20202020202020203C6F6D6764693A776179706F696E7420783D223535352E302220793D223337302E30222F3E0D0A2020202020203C2F62706D6E64693A42504D4E456467653E0D0A2020202020203C62706D6E64693A42504D4E456467652062706D6E456C656D656E743D227369642D34344146423943312D343035372D344334382D423146322D314543383937413532434237222069643D2242504D4E456467655F7369642D34344146423943312D343035372D344334382D423146322D314543383937413532434237223E0D0A20202020202020203C6F6D6764693A776179706F696E7420783D223238302E302220793D2236352E30222F3E0D0A20202020202020203C6F6D6764693A776179706F696E7420783D223938392E302220793D2236352E30222F3E0D0A20202020202020203C6F6D6764693A776179706F696E7420783D223938392E302220793D223335362E30222F3E0D0A2020202020203C2F62706D6E64693A42504D4E456467653E0D0A2020202020203C62706D6E64693A42504D4E456467652062706D6E456C656D656E743D227369642D38343438454634412D423632452D343839392D414243322D304532444232414536383338222069643D2242504D4E456467655F7369642D38343438454634412D423632452D343839392D414243322D304532444232414536383338223E0D0A20202020202020203C6F6D6764693A776179706F696E7420783D223234302E302220793D2236352E30222F3E0D0A20202020202020203C6F6D6764693A776179706F696E7420783D223135332E302220793D2236352E30222F3E0D0A20202020202020203C6F6D6764693A776179706F696E7420783D223135332E302220793D223233312E35222F3E0D0A2020202020203C2F62706D6E64693A42504D4E456467653E0D0A2020202020203C62706D6E64693A42504D4E456467652062706D6E456C656D656E743D227369642D41373538393038342D343632332D344645412D413737342D303041373044444331443230222069643D2242504D4E456467655F7369642D41373538393038342D343632332D344645412D413737342D303041373044444331443230223E0D0A20202020202020203C6F6D6764693A776179706F696E7420783D223338352E302220793D223337302E30222F3E0D0A20202020202020203C6F6D6764693A776179706F696E7420783D223432302E302220793D223337302E30222F3E0D0A2020202020203C2F62706D6E64693A42504D4E456467653E0D0A2020202020203C62706D6E64693A42504D4E456467652062706D6E456C656D656E743D227369642D33354343384336432D313036372D343339382D393931432D434346393535313135393635222069643D2242504D4E456467655F7369642D33354343384336432D313036372D343339382D393931432D434346393535313135393635223E0D0A20202020202020203C6F6D6764693A776179706F696E7420783D223738352E302220793D223335302E30222F3E0D0A20202020202020203C6F6D6764693A776179706F696E7420783D223738352E302220793D223136342E30222F3E0D0A20202020202020203C6F6D6764693A776179706F696E7420783D223331312E302220793D223136342E30222F3E0D0A2020202020203C2F62706D6E64693A42504D4E456467653E0D0A2020202020203C62706D6E64693A42504D4E456467652062706D6E456C656D656E743D227369642D45463246353142422D314439392D344630422D414346322D423643313330304137443242222069643D2242504D4E456467655F7369642D45463246353142422D314439392D344630422D414346322D423643313330304137443242223E0D0A20202020202020203C6F6D6764693A776179706F696E7420783D223331302E302220793D223337302E30222F3E0D0A20202020202020203C6F6D6764693A776179706F696E7420783D223334352E302220793D223337302E30222F3E0D0A2020202020203C2F62706D6E64693A42504D4E456467653E0D0A2020202020203C62706D6E64693A42504D4E456467652062706D6E456C656D656E743D227369642D37443732333139302D313433322D343131442D413441342D373734323235453534434439222069643D2242504D4E456467655F7369642D37443732333139302D313433322D343131442D413441342D373734323235453534434439223E0D0A20202020202020203C6F6D6764693A776179706F696E7420783D223830352E302220793D223337302E30222F3E0D0A20202020202020203C6F6D6764693A776179706F696E7420783D223834302E302220793D223337302E30222F3E0D0A2020202020203C2F62706D6E64693A42504D4E456467653E0D0A2020202020203C62706D6E64693A42504D4E456467652062706D6E456C656D656E743D227369642D32414237433031412D353045452D344141432D384338462D463645313933354233444137222069643D2242504D4E456467655F7369642D32414237433031412D353045452D344141432D384338462D463645313933354233444137223E0D0A20202020202020203C6F6D6764693A776179706F696E7420783D223230312E302220793D223236302E30222F3E0D0A20202020202020203C6F6D6764693A776179706F696E7420783D223234302E302220793D223236302E30222F3E0D0A2020202020203C2F62706D6E64693A42504D4E456467653E0D0A2020202020203C62706D6E64693A42504D4E456467652062706D6E456C656D656E743D227369642D44343443414434332D303237312D343932302D413532342D394238353333453532353530222069643D2242504D4E456467655F7369642D44343443414434332D303237312D343932302D413532342D394238353333453532353530223E0D0A20202020202020203C6F6D6764693A776179706F696E7420783D223539352E302220793D223337302E30222F3E0D0A20202020202020203C6F6D6764693A776179706F696E7420783D223633302E302220793D223337302E30222F3E0D0A2020202020203C2F62706D6E64693A42504D4E456467653E0D0A2020202020203C62706D6E64693A42504D4E456467652062706D6E456C656D656E743D227369642D46413631383633362D333730382D344430432D383531342D323941344242384243393236222069643D2242504D4E456467655F7369642D46413631383633362D333730382D344430432D383531342D323941344242384243393236223E0D0A20202020202020203C6F6D6764693A776179706F696E7420783D223336352E302220793D223335302E30222F3E0D0A20202020202020203C6F6D6764693A776179706F696E7420783D223336352E302220793D223136342E30222F3E0D0A20202020202020203C6F6D6764693A776179706F696E7420783D223331312E302220793D223136342E30222F3E0D0A2020202020203C2F62706D6E64693A42504D4E456467653E0D0A2020202020203C62706D6E64693A42504D4E456467652062706D6E456C656D656E743D227369642D30324442324144392D313333322D343139382D414338442D323241333531363944313543222069643D2242504D4E456467655F7369642D30324442324144392D313333322D343139382D414338442D323241333531363944313543223E0D0A20202020202020203C6F6D6764693A776179706F696E7420783D223733302E302220793D223337302E30222F3E0D0A20202020202020203C6F6D6764693A776179706F696E7420783D223736352E302220793D223337302E30222F3E0D0A2020202020203C2F62706D6E64693A42504D4E456467653E0D0A2020202020203C62706D6E64693A42504D4E456467652062706D6E456C656D656E743D227369642D33364535304338422D364337432D343936382D423032442D454241413432354246344245222069643D2242504D4E456467655F7369642D33364535304338422D364337432D343936382D423032442D454241413432354246344245223E0D0A20202020202020203C6F6D6764693A776179706F696E7420783D2236302E302220793D223236302E30222F3E0D0A20202020202020203C6F6D6764693A776179706F696E7420783D223130352E302220793D223236302E30222F3E0D0A2020202020203C2F62706D6E64693A42504D4E456467653E0D0A2020202020203C62706D6E64693A42504D4E456467652062706D6E456C656D656E743D227369642D35333235383530322D343345452D344445382D423141342D444244313139323242384146222069643D2242504D4E456467655F7369642D35333235383530322D343345452D344445382D423141342D444244313139323242384146223E0D0A20202020202020203C6F6D6764693A776179706F696E7420783D223236302E302220793D223234302E30222F3E0D0A20202020202020203C6F6D6764693A776179706F696E7420783D223236302E302220793D223139332E30222F3E0D0A2020202020203C2F62706D6E64693A42504D4E456467653E0D0A2020202020203C62706D6E64693A42504D4E456467652062706D6E456C656D656E743D227369642D31363344424336302D444243392D343338422D393731412D363737333846423737313541222069643D2242504D4E456467655F7369642D31363344424336302D444243392D343338422D393731412D363737333846423737313541223E0D0A20202020202020203C6F6D6764693A776179706F696E7420783D223236302E302220793D223133352E30222F3E0D0A20202020202020203C6F6D6764693A776179706F696E7420783D223236302E302220793D2238352E30222F3E0D0A2020202020203C2F62706D6E64693A42504D4E456467653E0D0A2020202020203C62706D6E64693A42504D4E456467652062706D6E456C656D656E743D227369642D42444230414142322D374535302D344433352D383045452D434530424543444439463537222069643D2242504D4E456467655F7369642D42444230414142322D374535302D344433352D383045452D434530424543444439463537223E0D0A20202020202020203C6F6D6764693A776179706F696E7420783D223934302E302220793D223337302E30222F3E0D0A20202020202020203C6F6D6764693A776179706F696E7420783D223937352E302220793D223337302E30222F3E0D0A2020202020203C2F62706D6E64693A42504D4E456467653E0D0A2020202020203C62706D6E64693A42504D4E456467652062706D6E456C656D656E743D227369642D31353235424646342D334539442D344438412D424638302D314636334146453136323839222069643D2242504D4E456467655F7369642D31353235424646342D334539442D344438412D424638302D314636334146453136323839223E0D0A20202020202020203C6F6D6764693A776179706F696E7420783D223537352E302220793D223335302E30222F3E0D0A20202020202020203C6F6D6764693A776179706F696E7420783D223537352E302220793D223136342E30222F3E0D0A20202020202020203C6F6D6764693A776179706F696E7420783D223331312E302220793D223136342E30222F3E0D0A2020202020203C2F62706D6E64693A42504D4E456467653E0D0A2020202020203C62706D6E64693A42504D4E456467652062706D6E456C656D656E743D227369642D37323235384134312D323033452D343238432D423731442D434133353036323532443733222069643D2242504D4E456467655F7369642D37323235384134312D323033452D343238432D423731442D434133353036323532443733223E0D0A20202020202020203C6F6D6764693A776179706F696E7420783D223236302E302220793D223238302E30222F3E0D0A20202020202020203C6F6D6764693A776179706F696E7420783D223236302E302220793D223333302E30222F3E0D0A2020202020203C2F62706D6E64693A42504D4E456467653E0D0A202020203C2F62706D6E64693A42504D4E506C616E653E0D0A20203C2F62706D6E64693A42504D4E4469616772616D3E0D0A3C2F646566696E6974696F6E733E, '0');

-- ----------------------------
-- Table structure for act_ge_property
-- ----------------------------
DROP TABLE IF EXISTS `act_ge_property`;
CREATE TABLE `act_ge_property` (
  `NAME_` varchar(64) COLLATE utf8_bin NOT NULL,
  `VALUE_` varchar(300) COLLATE utf8_bin DEFAULT NULL,
  `REV_` int(11) DEFAULT NULL,
  PRIMARY KEY (`NAME_`)
) ENGINE=InnoDB DEFAULT CHARSET=utf8 COLLATE=utf8_bin;

-- ----------------------------
-- Records of act_ge_property
-- ----------------------------
INSERT INTO `act_ge_property` VALUES ('next.dbid', '1', '1');
INSERT INTO `act_ge_property` VALUES ('schema.history', 'create(5.21.0.0)', '1');
INSERT INTO `act_ge_property` VALUES ('schema.version', '5.21.0.0', '1');

-- ----------------------------
-- Table structure for act_hi_actinst
-- ----------------------------
DROP TABLE IF EXISTS `act_hi_actinst`;
CREATE TABLE `act_hi_actinst` (
  `ID_` varchar(64) COLLATE utf8_bin NOT NULL,
  `PROC_DEF_ID_` varchar(64) COLLATE utf8_bin NOT NULL,
  `PROC_INST_ID_` varchar(64) COLLATE utf8_bin NOT NULL,
  `EXECUTION_ID_` varchar(64) COLLATE utf8_bin NOT NULL,
  `ACT_ID_` varchar(255) COLLATE utf8_bin NOT NULL,
  `TASK_ID_` varchar(64) COLLATE utf8_bin DEFAULT NULL,
  `CALL_PROC_INST_ID_` varchar(64) COLLATE utf8_bin DEFAULT NULL,
  `ACT_NAME_` varchar(255) COLLATE utf8_bin DEFAULT NULL,
  `ACT_TYPE_` varchar(255) COLLATE utf8_bin NOT NULL,
  `ASSIGNEE_` varchar(255) COLLATE utf8_bin DEFAULT NULL,
  `START_TIME_` datetime NOT NULL,
  `END_TIME_` datetime DEFAULT NULL,
  `DURATION_` bigint(20) DEFAULT NULL,
  `TENANT_ID_` varchar(255) COLLATE utf8_bin DEFAULT '',
  PRIMARY KEY (`ID_`),
  KEY `ACT_IDX_HI_ACT_INST_START` (`START_TIME_`),
  KEY `ACT_IDX_HI_ACT_INST_END` (`END_TIME_`),
  KEY `ACT_IDX_HI_ACT_INST_PROCINST` (`PROC_INST_ID_`,`ACT_ID_`),
  KEY `ACT_IDX_HI_ACT_INST_EXEC` (`EXECUTION_ID_`,`ACT_ID_`)
) ENGINE=InnoDB DEFAULT CHARSET=utf8 COLLATE=utf8_bin;

-- ----------------------------
-- Records of act_hi_actinst
-- ----------------------------

-- ----------------------------
-- Table structure for act_hi_attachment
-- ----------------------------
DROP TABLE IF EXISTS `act_hi_attachment`;
CREATE TABLE `act_hi_attachment` (
  `ID_` varchar(64) COLLATE utf8_bin NOT NULL,
  `REV_` int(11) DEFAULT NULL,
  `USER_ID_` varchar(255) COLLATE utf8_bin DEFAULT NULL,
  `NAME_` varchar(255) COLLATE utf8_bin DEFAULT NULL,
  `DESCRIPTION_` varchar(4000) COLLATE utf8_bin DEFAULT NULL,
  `TYPE_` varchar(255) COLLATE utf8_bin DEFAULT NULL,
  `TASK_ID_` varchar(64) COLLATE utf8_bin DEFAULT NULL,
  `PROC_INST_ID_` varchar(64) COLLATE utf8_bin DEFAULT NULL,
  `URL_` varchar(4000) COLLATE utf8_bin DEFAULT NULL,
  `CONTENT_ID_` varchar(64) COLLATE utf8_bin DEFAULT NULL,
  `TIME_` datetime DEFAULT NULL,
  PRIMARY KEY (`ID_`)
) ENGINE=InnoDB DEFAULT CHARSET=utf8 COLLATE=utf8_bin;

-- ----------------------------
-- Records of act_hi_attachment
-- ----------------------------

-- ----------------------------
-- Table structure for act_hi_comment
-- ----------------------------
DROP TABLE IF EXISTS `act_hi_comment`;
CREATE TABLE `act_hi_comment` (
  `ID_` varchar(64) COLLATE utf8_bin NOT NULL,
  `TYPE_` varchar(255) COLLATE utf8_bin DEFAULT NULL,
  `TIME_` datetime NOT NULL,
  `USER_ID_` varchar(255) COLLATE utf8_bin DEFAULT NULL,
  `TASK_ID_` varchar(64) COLLATE utf8_bin DEFAULT NULL,
  `PROC_INST_ID_` varchar(64) COLLATE utf8_bin DEFAULT NULL,
  `ACTION_` varchar(255) COLLATE utf8_bin DEFAULT NULL,
  `MESSAGE_` varchar(4000) COLLATE utf8_bin DEFAULT NULL,
  `FULL_MSG_` longblob,
  PRIMARY KEY (`ID_`)
) ENGINE=InnoDB DEFAULT CHARSET=utf8 COLLATE=utf8_bin;

-- ----------------------------
-- Records of act_hi_comment
-- ----------------------------

-- ----------------------------
-- Table structure for act_hi_detail
-- ----------------------------
DROP TABLE IF EXISTS `act_hi_detail`;
CREATE TABLE `act_hi_detail` (
  `ID_` varchar(64) COLLATE utf8_bin NOT NULL,
  `TYPE_` varchar(255) COLLATE utf8_bin NOT NULL,
  `PROC_INST_ID_` varchar(64) COLLATE utf8_bin DEFAULT NULL,
  `EXECUTION_ID_` varchar(64) COLLATE utf8_bin DEFAULT NULL,
  `TASK_ID_` varchar(64) COLLATE utf8_bin DEFAULT NULL,
  `ACT_INST_ID_` varchar(64) COLLATE utf8_bin DEFAULT NULL,
  `NAME_` varchar(255) COLLATE utf8_bin NOT NULL,
  `VAR_TYPE_` varchar(255) COLLATE utf8_bin DEFAULT NULL,
  `REV_` int(11) DEFAULT NULL,
  `TIME_` datetime NOT NULL,
  `BYTEARRAY_ID_` varchar(64) COLLATE utf8_bin DEFAULT NULL,
  `DOUBLE_` double DEFAULT NULL,
  `LONG_` bigint(20) DEFAULT NULL,
  `TEXT_` varchar(4000) COLLATE utf8_bin DEFAULT NULL,
  `TEXT2_` varchar(4000) COLLATE utf8_bin DEFAULT NULL,
  PRIMARY KEY (`ID_`),
  KEY `ACT_IDX_HI_DETAIL_PROC_INST` (`PROC_INST_ID_`),
  KEY `ACT_IDX_HI_DETAIL_ACT_INST` (`ACT_INST_ID_`),
  KEY `ACT_IDX_HI_DETAIL_TIME` (`TIME_`),
  KEY `ACT_IDX_HI_DETAIL_NAME` (`NAME_`),
  KEY `ACT_IDX_HI_DETAIL_TASK_ID` (`TASK_ID_`)
) ENGINE=InnoDB DEFAULT CHARSET=utf8 COLLATE=utf8_bin;

-- ----------------------------
-- Records of act_hi_detail
-- ----------------------------

-- ----------------------------
-- Table structure for act_hi_identitylink
-- ----------------------------
DROP TABLE IF EXISTS `act_hi_identitylink`;
CREATE TABLE `act_hi_identitylink` (
  `ID_` varchar(64) COLLATE utf8_bin NOT NULL,
  `GROUP_ID_` varchar(255) COLLATE utf8_bin DEFAULT NULL,
  `TYPE_` varchar(255) COLLATE utf8_bin DEFAULT NULL,
  `USER_ID_` varchar(255) COLLATE utf8_bin DEFAULT NULL,
  `TASK_ID_` varchar(64) COLLATE utf8_bin DEFAULT NULL,
  `PROC_INST_ID_` varchar(64) COLLATE utf8_bin DEFAULT NULL,
  PRIMARY KEY (`ID_`),
  KEY `ACT_IDX_HI_IDENT_LNK_USER` (`USER_ID_`),
  KEY `ACT_IDX_HI_IDENT_LNK_TASK` (`TASK_ID_`),
  KEY `ACT_IDX_HI_IDENT_LNK_PROCINST` (`PROC_INST_ID_`)
) ENGINE=InnoDB DEFAULT CHARSET=utf8 COLLATE=utf8_bin;

-- ----------------------------
-- Records of act_hi_identitylink
-- ----------------------------

-- ----------------------------
-- Table structure for act_hi_procinst
-- ----------------------------
DROP TABLE IF EXISTS `act_hi_procinst`;
CREATE TABLE `act_hi_procinst` (
  `ID_` varchar(64) COLLATE utf8_bin NOT NULL,
  `PROC_INST_ID_` varchar(64) COLLATE utf8_bin NOT NULL,
  `BUSINESS_KEY_` varchar(255) COLLATE utf8_bin DEFAULT NULL,
  `PROC_DEF_ID_` varchar(64) COLLATE utf8_bin NOT NULL,
  `START_TIME_` datetime NOT NULL,
  `END_TIME_` datetime DEFAULT NULL,
  `DURATION_` bigint(20) DEFAULT NULL,
  `START_USER_ID_` varchar(255) COLLATE utf8_bin DEFAULT NULL,
  `START_ACT_ID_` varchar(255) COLLATE utf8_bin DEFAULT NULL,
  `END_ACT_ID_` varchar(255) COLLATE utf8_bin DEFAULT NULL,
  `SUPER_PROCESS_INSTANCE_ID_` varchar(64) COLLATE utf8_bin DEFAULT NULL,
  `DELETE_REASON_` varchar(4000) COLLATE utf8_bin DEFAULT NULL,
  `TENANT_ID_` varchar(255) COLLATE utf8_bin DEFAULT '',
  `NAME_` varchar(255) COLLATE utf8_bin DEFAULT NULL,
  PRIMARY KEY (`ID_`),
  UNIQUE KEY `PROC_INST_ID_` (`PROC_INST_ID_`),
  KEY `ACT_IDX_HI_PRO_INST_END` (`END_TIME_`),
  KEY `ACT_IDX_HI_PRO_I_BUSKEY` (`BUSINESS_KEY_`)
) ENGINE=InnoDB DEFAULT CHARSET=utf8 COLLATE=utf8_bin;

-- ----------------------------
-- Records of act_hi_procinst
-- ----------------------------

-- ----------------------------
-- Table structure for act_hi_taskinst
-- ----------------------------
DROP TABLE IF EXISTS `act_hi_taskinst`;
CREATE TABLE `act_hi_taskinst` (
  `ID_` varchar(64) COLLATE utf8_bin NOT NULL,
  `PROC_DEF_ID_` varchar(64) COLLATE utf8_bin DEFAULT NULL,
  `TASK_DEF_KEY_` varchar(255) COLLATE utf8_bin DEFAULT NULL,
  `PROC_INST_ID_` varchar(64) COLLATE utf8_bin DEFAULT NULL,
  `EXECUTION_ID_` varchar(64) COLLATE utf8_bin DEFAULT NULL,
  `NAME_` varchar(255) COLLATE utf8_bin DEFAULT NULL,
  `PARENT_TASK_ID_` varchar(64) COLLATE utf8_bin DEFAULT NULL,
  `DESCRIPTION_` varchar(4000) COLLATE utf8_bin DEFAULT NULL,
  `OWNER_` varchar(255) COLLATE utf8_bin DEFAULT NULL,
  `ASSIGNEE_` varchar(255) COLLATE utf8_bin DEFAULT NULL,
  `START_TIME_` datetime NOT NULL,
  `CLAIM_TIME_` datetime DEFAULT NULL,
  `END_TIME_` datetime DEFAULT NULL,
  `DURATION_` bigint(20) DEFAULT NULL,
  `DELETE_REASON_` varchar(4000) COLLATE utf8_bin DEFAULT NULL,
  `PRIORITY_` int(11) DEFAULT NULL,
  `DUE_DATE_` datetime DEFAULT NULL,
  `FORM_KEY_` varchar(255) COLLATE utf8_bin DEFAULT NULL,
  `CATEGORY_` varchar(255) COLLATE utf8_bin DEFAULT NULL,
  `TENANT_ID_` varchar(255) COLLATE utf8_bin DEFAULT '',
  PRIMARY KEY (`ID_`),
  KEY `ACT_IDX_HI_TASK_INST_PROCINST` (`PROC_INST_ID_`)
) ENGINE=InnoDB DEFAULT CHARSET=utf8 COLLATE=utf8_bin;

-- ----------------------------
-- Records of act_hi_taskinst
-- ----------------------------

-- ----------------------------
-- Table structure for act_hi_varinst
-- ----------------------------
DROP TABLE IF EXISTS `act_hi_varinst`;
CREATE TABLE `act_hi_varinst` (
  `ID_` varchar(64) COLLATE utf8_bin NOT NULL,
  `PROC_INST_ID_` varchar(64) COLLATE utf8_bin DEFAULT NULL,
  `EXECUTION_ID_` varchar(64) COLLATE utf8_bin DEFAULT NULL,
  `TASK_ID_` varchar(64) COLLATE utf8_bin DEFAULT NULL,
  `NAME_` varchar(255) COLLATE utf8_bin NOT NULL,
  `VAR_TYPE_` varchar(100) COLLATE utf8_bin DEFAULT NULL,
  `REV_` int(11) DEFAULT NULL,
  `BYTEARRAY_ID_` varchar(64) COLLATE utf8_bin DEFAULT NULL,
  `DOUBLE_` double DEFAULT NULL,
  `LONG_` bigint(20) DEFAULT NULL,
  `TEXT_` varchar(4000) COLLATE utf8_bin DEFAULT NULL,
  `TEXT2_` varchar(4000) COLLATE utf8_bin DEFAULT NULL,
  `CREATE_TIME_` datetime DEFAULT NULL,
  `LAST_UPDATED_TIME_` datetime DEFAULT NULL,
  PRIMARY KEY (`ID_`),
  KEY `ACT_IDX_HI_PROCVAR_PROC_INST` (`PROC_INST_ID_`),
  KEY `ACT_IDX_HI_PROCVAR_NAME_TYPE` (`NAME_`,`VAR_TYPE_`),
  KEY `ACT_IDX_HI_PROCVAR_TASK_ID` (`TASK_ID_`)
) ENGINE=InnoDB DEFAULT CHARSET=utf8 COLLATE=utf8_bin;

-- ----------------------------
-- Records of act_hi_varinst
-- ----------------------------

-- ----------------------------
-- Table structure for act_id_group
-- ----------------------------
DROP TABLE IF EXISTS `act_id_group`;
CREATE TABLE `act_id_group` (
  `ID_` varchar(64) COLLATE utf8_bin NOT NULL,
  `REV_` int(11) DEFAULT NULL,
  `NAME_` varchar(255) COLLATE utf8_bin DEFAULT NULL,
  `TYPE_` varchar(255) COLLATE utf8_bin DEFAULT NULL,
  PRIMARY KEY (`ID_`)
) ENGINE=InnoDB DEFAULT CHARSET=utf8 COLLATE=utf8_bin;

-- ----------------------------
-- Records of act_id_group
-- ----------------------------

-- ----------------------------
-- Table structure for act_id_info
-- ----------------------------
DROP TABLE IF EXISTS `act_id_info`;
CREATE TABLE `act_id_info` (
  `ID_` varchar(64) COLLATE utf8_bin NOT NULL,
  `REV_` int(11) DEFAULT NULL,
  `USER_ID_` varchar(64) COLLATE utf8_bin DEFAULT NULL,
  `TYPE_` varchar(64) COLLATE utf8_bin DEFAULT NULL,
  `KEY_` varchar(255) COLLATE utf8_bin DEFAULT NULL,
  `VALUE_` varchar(255) COLLATE utf8_bin DEFAULT NULL,
  `PASSWORD_` longblob,
  `PARENT_ID_` varchar(255) COLLATE utf8_bin DEFAULT NULL,
  PRIMARY KEY (`ID_`)
) ENGINE=InnoDB DEFAULT CHARSET=utf8 COLLATE=utf8_bin;

-- ----------------------------
-- Records of act_id_info
-- ----------------------------

-- ----------------------------
-- Table structure for act_id_membership
-- ----------------------------
DROP TABLE IF EXISTS `act_id_membership`;
CREATE TABLE `act_id_membership` (
  `USER_ID_` varchar(64) COLLATE utf8_bin NOT NULL,
  `GROUP_ID_` varchar(64) COLLATE utf8_bin NOT NULL,
  PRIMARY KEY (`USER_ID_`,`GROUP_ID_`),
  KEY `ACT_FK_MEMB_GROUP` (`GROUP_ID_`),
  CONSTRAINT `ACT_FK_MEMB_GROUP` FOREIGN KEY (`GROUP_ID_`) REFERENCES `act_id_group` (`ID_`),
  CONSTRAINT `ACT_FK_MEMB_USER` FOREIGN KEY (`USER_ID_`) REFERENCES `act_id_user` (`ID_`)
) ENGINE=InnoDB DEFAULT CHARSET=utf8 COLLATE=utf8_bin;

-- ----------------------------
-- Records of act_id_membership
-- ----------------------------

-- ----------------------------
-- Table structure for act_id_user
-- ----------------------------
DROP TABLE IF EXISTS `act_id_user`;
CREATE TABLE `act_id_user` (
  `ID_` varchar(64) COLLATE utf8_bin NOT NULL,
  `REV_` int(11) DEFAULT NULL,
  `FIRST_` varchar(255) COLLATE utf8_bin DEFAULT NULL,
  `LAST_` varchar(255) COLLATE utf8_bin DEFAULT NULL,
  `EMAIL_` varchar(255) COLLATE utf8_bin DEFAULT NULL,
  `PWD_` varchar(255) COLLATE utf8_bin DEFAULT NULL,
  `PICTURE_ID_` varchar(64) COLLATE utf8_bin DEFAULT NULL,
  PRIMARY KEY (`ID_`)
) ENGINE=InnoDB DEFAULT CHARSET=utf8 COLLATE=utf8_bin;

-- ----------------------------
-- Records of act_id_user
-- ----------------------------

-- ----------------------------
-- Table structure for act_procdef_info
-- ----------------------------
DROP TABLE IF EXISTS `act_procdef_info`;
CREATE TABLE `act_procdef_info` (
  `ID_` varchar(64) COLLATE utf8_bin NOT NULL,
  `PROC_DEF_ID_` varchar(64) COLLATE utf8_bin NOT NULL,
  `REV_` int(11) DEFAULT NULL,
  `INFO_JSON_ID_` varchar(64) COLLATE utf8_bin DEFAULT NULL,
  PRIMARY KEY (`ID_`),
  UNIQUE KEY `ACT_UNIQ_INFO_PROCDEF` (`PROC_DEF_ID_`),
  KEY `ACT_IDX_INFO_PROCDEF` (`PROC_DEF_ID_`),
  KEY `ACT_FK_INFO_JSON_BA` (`INFO_JSON_ID_`),
  CONSTRAINT `ACT_FK_INFO_JSON_BA` FOREIGN KEY (`INFO_JSON_ID_`) REFERENCES `act_ge_bytearray` (`ID_`),
  CONSTRAINT `ACT_FK_INFO_PROCDEF` FOREIGN KEY (`PROC_DEF_ID_`) REFERENCES `act_re_procdef` (`ID_`)
) ENGINE=InnoDB DEFAULT CHARSET=utf8 COLLATE=utf8_bin;

-- ----------------------------
-- Records of act_procdef_info
-- ----------------------------

-- ----------------------------
-- Table structure for act_re_deployment
-- ----------------------------
DROP TABLE IF EXISTS `act_re_deployment`;
CREATE TABLE `act_re_deployment` (
  `ID_` varchar(64) COLLATE utf8_bin NOT NULL,
  `NAME_` varchar(255) COLLATE utf8_bin DEFAULT NULL,
  `CATEGORY_` varchar(255) COLLATE utf8_bin DEFAULT NULL,
  `TENANT_ID_` varchar(255) COLLATE utf8_bin DEFAULT '',
  `DEPLOY_TIME_` timestamp NULL DEFAULT NULL,
  PRIMARY KEY (`ID_`)
) ENGINE=InnoDB DEFAULT CHARSET=utf8 COLLATE=utf8_bin;

-- ----------------------------
-- Records of act_re_deployment
-- ----------------------------
INSERT INTO `act_re_deployment` VALUES ('809b52df107d48c98625937c3f17b1e9', 'SpringAutoDeployment', null, '', '2017-11-14 15:12:37');

-- ----------------------------
-- Table structure for act_re_model
-- ----------------------------
DROP TABLE IF EXISTS `act_re_model`;
CREATE TABLE `act_re_model` (
  `ID_` varchar(64) COLLATE utf8_bin NOT NULL,
  `REV_` int(11) DEFAULT NULL,
  `NAME_` varchar(255) COLLATE utf8_bin DEFAULT NULL,
  `KEY_` varchar(255) COLLATE utf8_bin DEFAULT NULL,
  `CATEGORY_` varchar(255) COLLATE utf8_bin DEFAULT NULL,
  `CREATE_TIME_` timestamp NULL DEFAULT NULL,
  `LAST_UPDATE_TIME_` timestamp NULL DEFAULT NULL,
  `VERSION_` int(11) DEFAULT NULL,
  `META_INFO_` varchar(4000) COLLATE utf8_bin DEFAULT NULL,
  `DEPLOYMENT_ID_` varchar(64) COLLATE utf8_bin DEFAULT NULL,
  `EDITOR_SOURCE_VALUE_ID_` varchar(64) COLLATE utf8_bin DEFAULT NULL,
  `EDITOR_SOURCE_EXTRA_VALUE_ID_` varchar(64) COLLATE utf8_bin DEFAULT NULL,
  `TENANT_ID_` varchar(255) COLLATE utf8_bin DEFAULT '',
  PRIMARY KEY (`ID_`),
  KEY `ACT_FK_MODEL_SOURCE` (`EDITOR_SOURCE_VALUE_ID_`),
  KEY `ACT_FK_MODEL_SOURCE_EXTRA` (`EDITOR_SOURCE_EXTRA_VALUE_ID_`),
  KEY `ACT_FK_MODEL_DEPLOYMENT` (`DEPLOYMENT_ID_`),
  CONSTRAINT `ACT_FK_MODEL_DEPLOYMENT` FOREIGN KEY (`DEPLOYMENT_ID_`) REFERENCES `act_re_deployment` (`ID_`),
  CONSTRAINT `ACT_FK_MODEL_SOURCE` FOREIGN KEY (`EDITOR_SOURCE_VALUE_ID_`) REFERENCES `act_ge_bytearray` (`ID_`),
  CONSTRAINT `ACT_FK_MODEL_SOURCE_EXTRA` FOREIGN KEY (`EDITOR_SOURCE_EXTRA_VALUE_ID_`) REFERENCES `act_ge_bytearray` (`ID_`)
) ENGINE=InnoDB DEFAULT CHARSET=utf8 COLLATE=utf8_bin;

-- ----------------------------
-- Records of act_re_model
-- ----------------------------

-- ----------------------------
-- Table structure for act_re_procdef
-- ----------------------------
DROP TABLE IF EXISTS `act_re_procdef`;
CREATE TABLE `act_re_procdef` (
  `ID_` varchar(64) COLLATE utf8_bin NOT NULL,
  `REV_` int(11) DEFAULT NULL,
  `CATEGORY_` varchar(255) COLLATE utf8_bin DEFAULT NULL,
  `NAME_` varchar(255) COLLATE utf8_bin DEFAULT NULL,
  `KEY_` varchar(255) COLLATE utf8_bin NOT NULL,
  `VERSION_` int(11) NOT NULL,
  `DEPLOYMENT_ID_` varchar(64) COLLATE utf8_bin DEFAULT NULL,
  `RESOURCE_NAME_` varchar(4000) COLLATE utf8_bin DEFAULT NULL,
  `DGRM_RESOURCE_NAME_` varchar(4000) COLLATE utf8_bin DEFAULT NULL,
  `DESCRIPTION_` varchar(4000) COLLATE utf8_bin DEFAULT NULL,
  `HAS_START_FORM_KEY_` tinyint(4) DEFAULT NULL,
  `HAS_GRAPHICAL_NOTATION_` tinyint(4) DEFAULT NULL,
  `SUSPENSION_STATE_` int(11) DEFAULT NULL,
  `TENANT_ID_` varchar(255) COLLATE utf8_bin DEFAULT '',
  PRIMARY KEY (`ID_`),
  UNIQUE KEY `ACT_UNIQ_PROCDEF` (`KEY_`,`VERSION_`,`TENANT_ID_`)
) ENGINE=InnoDB DEFAULT CHARSET=utf8 COLLATE=utf8_bin;

-- ----------------------------
-- Records of act_re_procdef
-- ----------------------------
INSERT INTO `act_re_procdef` VALUES ('test_audit:1:a0b53ecd268c42b2ba57bca3f5d1078c', '1', 'http://www.activiti.org/test', '', 'test_audit', '1', '809b52df107d48c98625937c3f17b1e9', 'test_audit.bpmn20.xml', 'test_audit.png', null, '1', '1', '1', '');

-- ----------------------------
-- Table structure for act_ru_event_subscr
-- ----------------------------
DROP TABLE IF EXISTS `act_ru_event_subscr`;
CREATE TABLE `act_ru_event_subscr` (
  `ID_` varchar(64) COLLATE utf8_bin NOT NULL,
  `REV_` int(11) DEFAULT NULL,
  `EVENT_TYPE_` varchar(255) COLLATE utf8_bin NOT NULL,
  `EVENT_NAME_` varchar(255) COLLATE utf8_bin DEFAULT NULL,
  `EXECUTION_ID_` varchar(64) COLLATE utf8_bin DEFAULT NULL,
  `PROC_INST_ID_` varchar(64) COLLATE utf8_bin DEFAULT NULL,
  `ACTIVITY_ID_` varchar(64) COLLATE utf8_bin DEFAULT NULL,
  `CONFIGURATION_` varchar(255) COLLATE utf8_bin DEFAULT NULL,
  `CREATED_` timestamp NOT NULL DEFAULT CURRENT_TIMESTAMP,
  `PROC_DEF_ID_` varchar(64) COLLATE utf8_bin DEFAULT NULL,
  `TENANT_ID_` varchar(255) COLLATE utf8_bin DEFAULT '',
  PRIMARY KEY (`ID_`),
  KEY `ACT_IDX_EVENT_SUBSCR_CONFIG_` (`CONFIGURATION_`),
  KEY `ACT_FK_EVENT_EXEC` (`EXECUTION_ID_`),
  CONSTRAINT `ACT_FK_EVENT_EXEC` FOREIGN KEY (`EXECUTION_ID_`) REFERENCES `act_ru_execution` (`ID_`)
) ENGINE=InnoDB DEFAULT CHARSET=utf8 COLLATE=utf8_bin;

-- ----------------------------
-- Records of act_ru_event_subscr
-- ----------------------------

-- ----------------------------
-- Table structure for act_ru_execution
-- ----------------------------
DROP TABLE IF EXISTS `act_ru_execution`;
CREATE TABLE `act_ru_execution` (
  `ID_` varchar(64) COLLATE utf8_bin NOT NULL,
  `REV_` int(11) DEFAULT NULL,
  `PROC_INST_ID_` varchar(64) COLLATE utf8_bin DEFAULT NULL,
  `BUSINESS_KEY_` varchar(255) COLLATE utf8_bin DEFAULT NULL,
  `PARENT_ID_` varchar(64) COLLATE utf8_bin DEFAULT NULL,
  `PROC_DEF_ID_` varchar(64) COLLATE utf8_bin DEFAULT NULL,
  `SUPER_EXEC_` varchar(64) COLLATE utf8_bin DEFAULT NULL,
  `ACT_ID_` varchar(255) COLLATE utf8_bin DEFAULT NULL,
  `IS_ACTIVE_` tinyint(4) DEFAULT NULL,
  `IS_CONCURRENT_` tinyint(4) DEFAULT NULL,
  `IS_SCOPE_` tinyint(4) DEFAULT NULL,
  `IS_EVENT_SCOPE_` tinyint(4) DEFAULT NULL,
  `SUSPENSION_STATE_` int(11) DEFAULT NULL,
  `CACHED_ENT_STATE_` int(11) DEFAULT NULL,
  `TENANT_ID_` varchar(255) COLLATE utf8_bin DEFAULT '',
  `NAME_` varchar(255) COLLATE utf8_bin DEFAULT NULL,
  `LOCK_TIME_` timestamp NULL DEFAULT NULL,
  PRIMARY KEY (`ID_`),
  KEY `ACT_IDX_EXEC_BUSKEY` (`BUSINESS_KEY_`),
  KEY `ACT_FK_EXE_PROCINST` (`PROC_INST_ID_`),
  KEY `ACT_FK_EXE_PARENT` (`PARENT_ID_`),
  KEY `ACT_FK_EXE_SUPER` (`SUPER_EXEC_`),
  KEY `ACT_FK_EXE_PROCDEF` (`PROC_DEF_ID_`),
  CONSTRAINT `ACT_FK_EXE_PARENT` FOREIGN KEY (`PARENT_ID_`) REFERENCES `act_ru_execution` (`ID_`),
  CONSTRAINT `ACT_FK_EXE_PROCDEF` FOREIGN KEY (`PROC_DEF_ID_`) REFERENCES `act_re_procdef` (`ID_`),
  CONSTRAINT `ACT_FK_EXE_PROCINST` FOREIGN KEY (`PROC_INST_ID_`) REFERENCES `act_ru_execution` (`ID_`) ON DELETE CASCADE ON UPDATE CASCADE,
  CONSTRAINT `ACT_FK_EXE_SUPER` FOREIGN KEY (`SUPER_EXEC_`) REFERENCES `act_ru_execution` (`ID_`)
) ENGINE=InnoDB DEFAULT CHARSET=utf8 COLLATE=utf8_bin;

-- ----------------------------
-- Records of act_ru_execution
-- ----------------------------

-- ----------------------------
-- Table structure for act_ru_identitylink
-- ----------------------------
DROP TABLE IF EXISTS `act_ru_identitylink`;
CREATE TABLE `act_ru_identitylink` (
  `ID_` varchar(64) COLLATE utf8_bin NOT NULL,
  `REV_` int(11) DEFAULT NULL,
  `GROUP_ID_` varchar(255) COLLATE utf8_bin DEFAULT NULL,
  `TYPE_` varchar(255) COLLATE utf8_bin DEFAULT NULL,
  `USER_ID_` varchar(255) COLLATE utf8_bin DEFAULT NULL,
  `TASK_ID_` varchar(64) COLLATE utf8_bin DEFAULT NULL,
  `PROC_INST_ID_` varchar(64) COLLATE utf8_bin DEFAULT NULL,
  `PROC_DEF_ID_` varchar(64) COLLATE utf8_bin DEFAULT NULL,
  PRIMARY KEY (`ID_`),
  KEY `ACT_IDX_IDENT_LNK_USER` (`USER_ID_`),
  KEY `ACT_IDX_IDENT_LNK_GROUP` (`GROUP_ID_`),
  KEY `ACT_IDX_ATHRZ_PROCEDEF` (`PROC_DEF_ID_`),
  KEY `ACT_FK_TSKASS_TASK` (`TASK_ID_`),
  KEY `ACT_FK_IDL_PROCINST` (`PROC_INST_ID_`),
  CONSTRAINT `ACT_FK_ATHRZ_PROCEDEF` FOREIGN KEY (`PROC_DEF_ID_`) REFERENCES `act_re_procdef` (`ID_`),
  CONSTRAINT `ACT_FK_IDL_PROCINST` FOREIGN KEY (`PROC_INST_ID_`) REFERENCES `act_ru_execution` (`ID_`),
  CONSTRAINT `ACT_FK_TSKASS_TASK` FOREIGN KEY (`TASK_ID_`) REFERENCES `act_ru_task` (`ID_`)
) ENGINE=InnoDB DEFAULT CHARSET=utf8 COLLATE=utf8_bin;

-- ----------------------------
-- Records of act_ru_identitylink
-- ----------------------------

-- ----------------------------
-- Table structure for act_ru_job
-- ----------------------------
DROP TABLE IF EXISTS `act_ru_job`;
CREATE TABLE `act_ru_job` (
  `ID_` varchar(64) COLLATE utf8_bin NOT NULL,
  `REV_` int(11) DEFAULT NULL,
  `TYPE_` varchar(255) COLLATE utf8_bin NOT NULL,
  `LOCK_EXP_TIME_` timestamp NULL DEFAULT NULL,
  `LOCK_OWNER_` varchar(255) COLLATE utf8_bin DEFAULT NULL,
  `EXCLUSIVE_` tinyint(1) DEFAULT NULL,
  `EXECUTION_ID_` varchar(64) COLLATE utf8_bin DEFAULT NULL,
  `PROCESS_INSTANCE_ID_` varchar(64) COLLATE utf8_bin DEFAULT NULL,
  `PROC_DEF_ID_` varchar(64) COLLATE utf8_bin DEFAULT NULL,
  `RETRIES_` int(11) DEFAULT NULL,
  `EXCEPTION_STACK_ID_` varchar(64) COLLATE utf8_bin DEFAULT NULL,
  `EXCEPTION_MSG_` varchar(4000) COLLATE utf8_bin DEFAULT NULL,
  `DUEDATE_` timestamp NULL DEFAULT NULL,
  `REPEAT_` varchar(255) COLLATE utf8_bin DEFAULT NULL,
  `HANDLER_TYPE_` varchar(255) COLLATE utf8_bin DEFAULT NULL,
  `HANDLER_CFG_` varchar(4000) COLLATE utf8_bin DEFAULT NULL,
  `TENANT_ID_` varchar(255) COLLATE utf8_bin DEFAULT '',
  PRIMARY KEY (`ID_`),
  KEY `ACT_FK_JOB_EXCEPTION` (`EXCEPTION_STACK_ID_`),
  CONSTRAINT `ACT_FK_JOB_EXCEPTION` FOREIGN KEY (`EXCEPTION_STACK_ID_`) REFERENCES `act_ge_bytearray` (`ID_`)
) ENGINE=InnoDB DEFAULT CHARSET=utf8 COLLATE=utf8_bin;

-- ----------------------------
-- Records of act_ru_job
-- ----------------------------

-- ----------------------------
-- Table structure for act_ru_task
-- ----------------------------
DROP TABLE IF EXISTS `act_ru_task`;
CREATE TABLE `act_ru_task` (
  `ID_` varchar(64) COLLATE utf8_bin NOT NULL,
  `REV_` int(11) DEFAULT NULL,
  `EXECUTION_ID_` varchar(64) COLLATE utf8_bin DEFAULT NULL,
  `PROC_INST_ID_` varchar(64) COLLATE utf8_bin DEFAULT NULL,
  `PROC_DEF_ID_` varchar(64) COLLATE utf8_bin DEFAULT NULL,
  `NAME_` varchar(255) COLLATE utf8_bin DEFAULT NULL,
  `PARENT_TASK_ID_` varchar(64) COLLATE utf8_bin DEFAULT NULL,
  `DESCRIPTION_` varchar(4000) COLLATE utf8_bin DEFAULT NULL,
  `TASK_DEF_KEY_` varchar(255) COLLATE utf8_bin DEFAULT NULL,
  `OWNER_` varchar(255) COLLATE utf8_bin DEFAULT NULL,
  `ASSIGNEE_` varchar(255) COLLATE utf8_bin DEFAULT NULL,
  `DELEGATION_` varchar(64) COLLATE utf8_bin DEFAULT NULL,
  `PRIORITY_` int(11) DEFAULT NULL,
  `CREATE_TIME_` timestamp NULL DEFAULT NULL,
  `DUE_DATE_` datetime DEFAULT NULL,
  `CATEGORY_` varchar(255) COLLATE utf8_bin DEFAULT NULL,
  `SUSPENSION_STATE_` int(11) DEFAULT NULL,
  `TENANT_ID_` varchar(255) COLLATE utf8_bin DEFAULT '',
  `FORM_KEY_` varchar(255) COLLATE utf8_bin DEFAULT NULL,
  PRIMARY KEY (`ID_`),
  KEY `ACT_IDX_TASK_CREATE` (`CREATE_TIME_`),
  KEY `ACT_FK_TASK_EXE` (`EXECUTION_ID_`),
  KEY `ACT_FK_TASK_PROCINST` (`PROC_INST_ID_`),
  KEY `ACT_FK_TASK_PROCDEF` (`PROC_DEF_ID_`),
  CONSTRAINT `ACT_FK_TASK_EXE` FOREIGN KEY (`EXECUTION_ID_`) REFERENCES `act_ru_execution` (`ID_`),
  CONSTRAINT `ACT_FK_TASK_PROCDEF` FOREIGN KEY (`PROC_DEF_ID_`) REFERENCES `act_re_procdef` (`ID_`),
  CONSTRAINT `ACT_FK_TASK_PROCINST` FOREIGN KEY (`PROC_INST_ID_`) REFERENCES `act_ru_execution` (`ID_`)
) ENGINE=InnoDB DEFAULT CHARSET=utf8 COLLATE=utf8_bin;

-- ----------------------------
-- Records of act_ru_task
-- ----------------------------

-- ----------------------------
-- Table structure for act_ru_variable
-- ----------------------------
DROP TABLE IF EXISTS `act_ru_variable`;
CREATE TABLE `act_ru_variable` (
  `ID_` varchar(64) COLLATE utf8_bin NOT NULL,
  `REV_` int(11) DEFAULT NULL,
  `TYPE_` varchar(255) COLLATE utf8_bin NOT NULL,
  `NAME_` varchar(255) COLLATE utf8_bin NOT NULL,
  `EXECUTION_ID_` varchar(64) COLLATE utf8_bin DEFAULT NULL,
  `PROC_INST_ID_` varchar(64) COLLATE utf8_bin DEFAULT NULL,
  `TASK_ID_` varchar(64) COLLATE utf8_bin DEFAULT NULL,
  `BYTEARRAY_ID_` varchar(64) COLLATE utf8_bin DEFAULT NULL,
  `DOUBLE_` double DEFAULT NULL,
  `LONG_` bigint(20) DEFAULT NULL,
  `TEXT_` varchar(4000) COLLATE utf8_bin DEFAULT NULL,
  `TEXT2_` varchar(4000) COLLATE utf8_bin DEFAULT NULL,
  PRIMARY KEY (`ID_`),
  KEY `ACT_IDX_VARIABLE_TASK_ID` (`TASK_ID_`),
  KEY `ACT_FK_VAR_EXE` (`EXECUTION_ID_`),
  KEY `ACT_FK_VAR_PROCINST` (`PROC_INST_ID_`),
  KEY `ACT_FK_VAR_BYTEARRAY` (`BYTEARRAY_ID_`),
  CONSTRAINT `ACT_FK_VAR_BYTEARRAY` FOREIGN KEY (`BYTEARRAY_ID_`) REFERENCES `act_ge_bytearray` (`ID_`),
  CONSTRAINT `ACT_FK_VAR_EXE` FOREIGN KEY (`EXECUTION_ID_`) REFERENCES `act_ru_execution` (`ID_`),
  CONSTRAINT `ACT_FK_VAR_PROCINST` FOREIGN KEY (`PROC_INST_ID_`) REFERENCES `act_ru_execution` (`ID_`)
) ENGINE=InnoDB DEFAULT CHARSET=utf8 COLLATE=utf8_bin;

-- ----------------------------
-- Records of act_ru_variable
-- ----------------------------

-- ----------------------------
-- Table structure for bonus_total
-- ----------------------------
DROP TABLE IF EXISTS `bonus_total`;
CREATE TABLE `bonus_total` (
  `id` varchar(64) NOT NULL COMMENT '',
  `login_name` varchar(100) NOT NULL COMMENT '',
  `apv_total` decimal(12,2) DEFAULT NULL COMMENT 'A',
  `bpv_total` decimal(12,2) DEFAULT NULL COMMENT 'B',
  `apv` decimal(12,2) DEFAULT NULL COMMENT 'A',
  `bpv` decimal(12,2) DEFAULT NULL COMMENT 'B',
  `bonus_total` decimal(12,2) DEFAULT NULL COMMENT '',
  `bonus_current` decimal(12,2) DEFAULT NULL COMMENT '',
  `jinhuopv` decimal(12,2) DEFAULT NULL COMMENT '12.5',
  `create_by` varchar(64) NOT NULL COMMENT '',
  `create_date` datetime NOT NULL COMMENT '',
  `update_by` varchar(64) NOT NULL COMMENT '',
  `update_date` datetime NOT NULL COMMENT '',
  `remarks` varchar(255) DEFAULT NULL COMMENT '',
  `del_flag` char(1) NOT NULL DEFAULT '0' COMMENT '',
  PRIMARY KEY (`id`)
) ENGINE=InnoDB DEFAULT CHARSET=utf8 COMMENT='';

-- ----------------------------
-- Records of bonus_total
-- ----------------------------
INSERT INTO `bonus_total` VALUES ('0a3455ac077045d2abee1c2b6faae97e', 'b01', '6000.00', '0.00', '6000.00', '0.00', '684.00', '684.00', '0.00', '2', '2018-11-14 14:09:36', '2', '2018-11-14 14:09:36', null, '0');
INSERT INTO `bonus_total` VALUES ('1', 'admin', '18000.00', '12000.00', '6000.00', '0.00', '50516.96', '4916.96', '0.00', '1', '2018-11-01 13:35:33', '1', '2018-11-01 13:35:33', null, '0');
INSERT INTO `bonus_total` VALUES ('369bc6b4c4a2474cb7b9476e6ee746bb', 'b0101', '0.00', '0.00', '0.00', '0.00', '0.00', '0.00', '0.00', '2', '2018-11-15 09:14:44', '2', '2018-11-15 09:14:44', null, '0');
INSERT INTO `bonus_total` VALUES ('4b993853561e4082b863c2b31dc9bb93', 'a0101', '0.00', '0.00', '1000.00', '0.00', '11005.00', '2455.00', '0.00', '2', '2018-11-14 14:50:55', '2', '2018-11-14 14:50:55', null, '0');
INSERT INTO `bonus_total` VALUES ('5d62fd3ea74c4fe4bb4a9f4844352808', 'a0102', '0.00', '0.00', '0.00', '0.00', '0.00', '0.00', '0.00', '2', '2018-11-14 14:54:51', '2', '2018-11-14 14:54:51', null, '0');
INSERT INTO `bonus_total` VALUES ('6d4b18d931894085b97af7edc41f70ef', 'a01', '6000.00', '6000.00', '0.00', '0.00', '4163.46', '4163.46', '0.00', '2', '2018-11-14 13:44:02', '2', '2018-11-14 13:44:02', null, '0');

-- ----------------------------
-- Table structure for cms_article
-- ----------------------------
DROP TABLE IF EXISTS `cms_article`;
CREATE TABLE `cms_article` (
  `id` varchar(64) NOT NULL COMMENT '',
  `category_id` varchar(64) NOT NULL COMMENT '',
  `title` varchar(255) NOT NULL COMMENT '',
  `link` varchar(255) DEFAULT NULL COMMENT '',
  `color` varchar(50) DEFAULT NULL COMMENT '',
  `image` varchar(255) DEFAULT NULL COMMENT '',
  `keywords` varchar(255) DEFAULT NULL COMMENT '',
  `description` varchar(255) DEFAULT NULL COMMENT '',
  `weight` int(11) DEFAULT '0' COMMENT '',
  `weight_date` datetime DEFAULT NULL COMMENT '',
  `hits` int(11) DEFAULT '0' COMMENT '',
  `posid` varchar(10) DEFAULT NULL COMMENT '',
  `custom_content_view` varchar(255) DEFAULT NULL COMMENT '',
  `view_config` text COMMENT '',
  `create_by` varchar(64) DEFAULT NULL COMMENT '',
  `create_date` datetime DEFAULT NULL COMMENT '',
  `update_by` varchar(64) DEFAULT NULL COMMENT '',
  `update_date` datetime DEFAULT NULL COMMENT '',
  `remarks` varchar(255) DEFAULT NULL COMMENT '',
  `del_flag` char(1) NOT NULL DEFAULT '0' COMMENT '',
  PRIMARY KEY (`id`),
  KEY `cms_article_create_by` (`create_by`),
  KEY `cms_article_title` (`title`),
  KEY `cms_article_keywords` (`keywords`),
  KEY `cms_article_del_flag` (`del_flag`),
  KEY `cms_article_weight` (`weight`),
  KEY `cms_article_update_date` (`update_date`),
  KEY `cms_article_category_id` (`category_id`)
) ENGINE=InnoDB DEFAULT CHARSET=utf8 COMMENT='';

-- ----------------------------
-- Records of cms_article
-- ----------------------------
INSERT INTO `cms_article` VALUES ('1', '3', '', null, 'green', null, '1,2', null, '0', null, '0', null, null, null, '1', '2013-05-27 08:00:00', '1', '2013-05-27 08:00:00', null, '0');
INSERT INTO `cms_article` VALUES ('10', '4', '', null, null, null, '1,2', null, '0', null, '0', null, null, null, '1', '2013-05-27 08:00:00', '1', '2013-05-27 08:00:00', null, '0');
INSERT INTO `cms_article` VALUES ('11', '5', '', null, null, null, '1,2', null, '0', null, '0', null, null, null, '1', '2013-05-27 08:00:00', '1', '2013-05-27 08:00:00', null, '0');
INSERT INTO `cms_article` VALUES ('12', '5', '', null, null, null, '1,2', null, '0', null, '0', null, null, null, '1', '2013-05-27 08:00:00', '1', '2013-05-27 08:00:00', null, '0');
INSERT INTO `cms_article` VALUES ('13', '5', '', null, null, null, '1,2', null, '0', null, '0', null, null, null, '1', '2013-05-27 08:00:00', '1', '2013-05-27 08:00:00', null, '0');
INSERT INTO `cms_article` VALUES ('14', '7', '', null, null, null, '1,2', null, '0', null, '0', null, null, null, '1', '2013-05-27 08:00:00', '1', '2013-05-27 08:00:00', null, '0');
INSERT INTO `cms_article` VALUES ('15', '7', '', null, null, null, '1,2', null, '0', null, '0', null, null, null, '1', '2013-05-27 08:00:00', '1', '2013-05-27 08:00:00', null, '0');
INSERT INTO `cms_article` VALUES ('16', '7', '', null, null, null, '1,2', null, '0', null, '0', null, null, null, '1', '2013-05-27 08:00:00', '1', '2013-05-27 08:00:00', null, '0');
INSERT INTO `cms_article` VALUES ('17', '7', '', null, null, null, '1,2', null, '0', null, '0', null, null, null, '1', '2013-05-27 08:00:00', '1', '2013-05-27 08:00:00', null, '0');
INSERT INTO `cms_article` VALUES ('18', '8', '', null, null, null, '1,2', null, '0', null, '0', null, null, null, '1', '2013-05-27 08:00:00', '1', '2013-05-27 08:00:00', null, '0');
INSERT INTO `cms_article` VALUES ('19', '8', '', null, null, null, '1,2', null, '0', null, '0', null, null, null, '1', '2013-05-27 08:00:00', '1', '2013-05-27 08:00:00', null, '0');
INSERT INTO `cms_article` VALUES ('2', '3', '', null, 'red', null, '1,2', null, '0', null, '0', null, null, null, '1', '2013-05-27 08:00:00', '1', '2013-05-27 08:00:00', null, '0');
INSERT INTO `cms_article` VALUES ('20', '8', '', null, null, null, '1,2', null, '0', null, '0', null, null, null, '1', '2013-05-27 08:00:00', '1', '2013-05-27 08:00:00', null, '0');
INSERT INTO `cms_article` VALUES ('21', '8', '', null, null, null, '1,2', null, '0', null, '0', null, null, null, '1', '2013-05-27 08:00:00', '1', '2013-05-27 08:00:00', null, '0');
INSERT INTO `cms_article` VALUES ('22', '9', '', null, null, null, '1,2', null, '0', null, '0', null, null, null, '1', '2013-05-27 08:00:00', '1', '2013-05-27 08:00:00', null, '0');
INSERT INTO `cms_article` VALUES ('23', '9', '', null, null, null, '1,2', null, '0', null, '0', null, null, null, '1', '2013-05-27 08:00:00', '1', '2013-05-27 08:00:00', null, '0');
INSERT INTO `cms_article` VALUES ('24', '9', '', null, null, null, '1,2', null, '0', null, '0', null, null, null, '1', '2013-05-27 08:00:00', '1', '2013-05-27 08:00:00', null, '0');
INSERT INTO `cms_article` VALUES ('25', '9', '', null, null, null, '1,2', null, '0', null, '0', null, null, null, '1', '2013-05-27 08:00:00', '1', '2013-05-27 08:00:00', null, '0');
INSERT INTO `cms_article` VALUES ('26', '9', '', null, null, null, '1,2', null, '0', null, '0', null, null, null, '1', '2013-05-27 08:00:00', '1', '2013-05-27 08:00:00', null, '0');
INSERT INTO `cms_article` VALUES ('27', '11', '', null, null, null, '1,2', null, '0', null, '0', null, null, null, '1', '2013-05-27 08:00:00', '1', '2013-05-27 08:00:00', null, '0');
INSERT INTO `cms_article` VALUES ('28', '11', '', null, null, null, '1,2', null, '0', null, '0', null, null, null, '1', '2013-05-27 08:00:00', '1', '2013-05-27 08:00:00', null, '0');
INSERT INTO `cms_article` VALUES ('29', '11', '', null, null, null, '1,2', null, '0', null, '0', null, null, null, '1', '2013-05-27 08:00:00', '1', '2013-05-27 08:00:00', null, '0');
INSERT INTO `cms_article` VALUES ('3', '3', '', null, null, null, '1,2', null, '0', null, '0', null, null, null, '1', '2013-05-27 08:00:00', '1', '2013-05-27 08:00:00', null, '0');
INSERT INTO `cms_article` VALUES ('30', '11', '', null, null, null, '1,2', null, '0', null, '0', null, null, null, '1', '2013-05-27 08:00:00', '1', '2013-05-27 08:00:00', null, '0');
INSERT INTO `cms_article` VALUES ('31', '11', '', null, null, null, '1,2', null, '0', null, '0', null, null, null, '1', '2013-05-27 08:00:00', '1', '2013-05-27 08:00:00', null, '0');
INSERT INTO `cms_article` VALUES ('32', '12', '', null, null, null, '1,2', null, '0', null, '0', null, null, null, '1', '2013-05-27 08:00:00', '1', '2013-05-27 08:00:00', null, '0');
INSERT INTO `cms_article` VALUES ('33', '12', '', null, null, null, '1,2', null, '0', null, '0', null, null, null, '1', '2013-05-27 08:00:00', '1', '2013-05-27 08:00:00', null, '0');
INSERT INTO `cms_article` VALUES ('34', '12', '', null, null, null, '1,2', null, '0', null, '0', null, null, null, '1', '2013-05-27 08:00:00', '1', '2013-05-27 08:00:00', null, '0');
INSERT INTO `cms_article` VALUES ('35', '12', '', null, null, null, '1,2', null, '0', null, '0', null, null, null, '1', '2013-05-27 08:00:00', '1', '2013-05-27 08:00:00', null, '0');
INSERT INTO `cms_article` VALUES ('36', '12', '', null, null, null, '1,2', null, '0', null, '0', null, null, null, '1', '2013-05-27 08:00:00', '1', '2013-05-27 08:00:00', null, '0');
INSERT INTO `cms_article` VALUES ('37', '13', '', null, null, null, '1,2', null, '0', null, '0', null, null, null, '1', '2013-05-27 08:00:00', '1', '2013-05-27 08:00:00', null, '0');
INSERT INTO `cms_article` VALUES ('38', '13', '', null, null, null, '1,2', null, '0', null, '0', null, null, null, '1', '2013-05-27 08:00:00', '1', '2013-05-27 08:00:00', null, '0');
INSERT INTO `cms_article` VALUES ('39', '13', '', null, null, null, '1,2', null, '0', null, '0', null, null, null, '1', '2013-05-27 08:00:00', '1', '2013-05-27 08:00:00', null, '0');
INSERT INTO `cms_article` VALUES ('4', '3', '', null, 'green', null, '1,2', null, '0', null, '0', null, null, null, '1', '2013-05-27 08:00:00', '1', '2013-05-27 08:00:00', null, '0');
INSERT INTO `cms_article` VALUES ('40', '13', '', null, null, null, '1,2', null, '0', null, '0', null, null, null, '1', '2013-05-27 08:00:00', '1', '2013-05-27 08:00:00', null, '0');
INSERT INTO `cms_article` VALUES ('41', '14', '', null, null, null, '1,2', null, '0', null, '0', null, null, null, '1', '2013-05-27 08:00:00', '1', '2013-05-27 08:00:00', null, '0');
INSERT INTO `cms_article` VALUES ('42', '14', '', null, null, null, '1,2', null, '0', null, '0', null, null, null, '1', '2013-05-27 08:00:00', '1', '2013-05-27 08:00:00', null, '0');
INSERT INTO `cms_article` VALUES ('43', '14', '', null, null, null, '1,2', null, '0', null, '0', null, null, null, '1', '2013-05-27 08:00:00', '1', '2013-05-27 08:00:00', null, '0');
INSERT INTO `cms_article` VALUES ('44', '14', '', null, null, null, '1,2', null, '0', null, '0', null, null, null, '1', '2013-05-27 08:00:00', '1', '2013-05-27 08:00:00', null, '0');
INSERT INTO `cms_article` VALUES ('45', '14', '', null, null, null, '1,2', null, '0', null, '0', null, null, null, '1', '2013-05-27 08:00:00', '1', '2013-05-27 08:00:00', null, '0');
INSERT INTO `cms_article` VALUES ('46', '15', '', null, null, null, '1,2', null, '0', null, '0', null, null, null, '1', '2013-05-27 08:00:00', '1', '2013-05-27 08:00:00', null, '0');
INSERT INTO `cms_article` VALUES ('47', '15', '', null, null, null, '1,2', null, '0', null, '0', null, null, null, '1', '2013-05-27 08:00:00', '1', '2013-05-27 08:00:00', null, '0');
INSERT INTO `cms_article` VALUES ('48', '15', '', null, null, null, '1,2', null, '0', null, '0', null, null, null, '1', '2013-05-27 08:00:00', '1', '2013-05-27 08:00:00', null, '0');
INSERT INTO `cms_article` VALUES ('49', '16', '', null, null, null, '1,2', null, '0', null, '0', null, null, null, '1', '2013-05-27 08:00:00', '1', '2013-05-27 08:00:00', null, '0');
INSERT INTO `cms_article` VALUES ('5', '3', '', null, null, null, '1,2', null, '0', null, '0', null, null, null, '1', '2013-05-27 08:00:00', '1', '2013-05-27 08:00:00', null, '0');
INSERT INTO `cms_article` VALUES ('50', '17', '', null, null, null, '1,2', null, '0', null, '0', null, null, null, '1', '2013-05-27 08:00:00', '1', '2013-05-27 08:00:00', null, '0');
INSERT INTO `cms_article` VALUES ('51', '17', '', null, null, null, '1,2', null, '0', null, '0', null, null, null, '1', '2013-05-27 08:00:00', '1', '2013-05-27 08:00:00', null, '0');
INSERT INTO `cms_article` VALUES ('52', '26', '', null, null, null, '1,2', null, '0', null, '0', null, null, null, '1', '2013-05-27 08:00:00', '1', '2013-05-27 08:00:00', null, '0');
INSERT INTO `cms_article` VALUES ('53', '26', '', null, null, null, '1,2', null, '0', null, '0', null, null, null, '1', '2013-05-27 08:00:00', '1', '2013-05-27 08:00:00', null, '0');
INSERT INTO `cms_article` VALUES ('6', '3', '', null, null, null, '1,2', null, '0', null, '0', null, null, null, '1', '2013-05-27 08:00:00', '1', '2013-05-27 08:00:00', null, '0');
INSERT INTO `cms_article` VALUES ('7', '4', '', null, null, null, '1,2', null, '0', null, '0', null, null, null, '1', '2013-05-27 08:00:00', '1', '2013-05-27 08:00:00', null, '0');
INSERT INTO `cms_article` VALUES ('8', '4', '', null, 'blue', null, '1,2', null, '0', null, '0', null, null, null, '1', '2013-05-27 08:00:00', '1', '2013-05-27 08:00:00', null, '0');
INSERT INTO `cms_article` VALUES ('9', '4', '', null, null, null, '1,2', null, '0', null, '0', null, null, null, '1', '2013-05-27 08:00:00', '1', '2013-05-27 08:00:00', null, '0');

-- ----------------------------
-- Table structure for cms_article_data
-- ----------------------------
DROP TABLE IF EXISTS `cms_article_data`;
CREATE TABLE `cms_article_data` (
  `id` varchar(64) NOT NULL COMMENT '',
  `content` text COMMENT '',
  `copyfrom` varchar(255) DEFAULT NULL COMMENT '',
  `relation` varchar(255) DEFAULT NULL COMMENT '',
  `allow_comment` char(1) DEFAULT NULL COMMENT '',
  PRIMARY KEY (`id`)
) ENGINE=InnoDB DEFAULT CHARSET=utf8 COMMENT='';

-- ----------------------------
-- Records of cms_article_data
-- ----------------------------
INSERT INTO `cms_article_data` VALUES ('1', '', '', '1,2,3', '1');
INSERT INTO `cms_article_data` VALUES ('10', '', '', '1,2,3', '1');
INSERT INTO `cms_article_data` VALUES ('11', '', '', '1,2,3', '1');
INSERT INTO `cms_article_data` VALUES ('12', '', '', '1,2,3', '1');
INSERT INTO `cms_article_data` VALUES ('13', '', '', '1,2,3', '1');
INSERT INTO `cms_article_data` VALUES ('14', '', '', '1,2,3', '1');
INSERT INTO `cms_article_data` VALUES ('15', '', '', '1,2,3', '1');
INSERT INTO `cms_article_data` VALUES ('16', '', '', '1,2,3', '1');
INSERT INTO `cms_article_data` VALUES ('17', '', '', '1,2,3', '1');
INSERT INTO `cms_article_data` VALUES ('18', '', '', '1,2,3', '1');
INSERT INTO `cms_article_data` VALUES ('19', '', '', '1,2,3', '1');
INSERT INTO `cms_article_data` VALUES ('2', '', '', '1,2,3', '1');
INSERT INTO `cms_article_data` VALUES ('20', '', '', '1,2,3', '1');
INSERT INTO `cms_article_data` VALUES ('21', '', '', '1,2,3', '1');
INSERT INTO `cms_article_data` VALUES ('22', '', '', '1,2,3', '1');
INSERT INTO `cms_article_data` VALUES ('23', '', '', '1,2,3', '1');
INSERT INTO `cms_article_data` VALUES ('24', '', '', '1,2,3', '1');
INSERT INTO `cms_article_data` VALUES ('25', '', '', '1,2,3', '1');
INSERT INTO `cms_article_data` VALUES ('26', '', '', '1,2,3', '1');
INSERT INTO `cms_article_data` VALUES ('27', '', '', '1,2,3', '1');
INSERT INTO `cms_article_data` VALUES ('28', '', '', '1,2,3', '1');
INSERT INTO `cms_article_data` VALUES ('29', '', '', '1,2,3', '1');
INSERT INTO `cms_article_data` VALUES ('3', '', '', '1,2,3', '1');
INSERT INTO `cms_article_data` VALUES ('30', '', '', '1,2,3', '1');
INSERT INTO `cms_article_data` VALUES ('31', '', '', '1,2,3', '1');
INSERT INTO `cms_article_data` VALUES ('32', '', '', '1,2,3', '1');
INSERT INTO `cms_article_data` VALUES ('33', '', '', '1,2,3', '1');
INSERT INTO `cms_article_data` VALUES ('34', '', '', '1,2,3', '1');
INSERT INTO `cms_article_data` VALUES ('35', '', '', '1,2,3', '1');
INSERT INTO `cms_article_data` VALUES ('36', '', '', '1,2,3', '1');
INSERT INTO `cms_article_data` VALUES ('37', '', '', '1,2,3', '1');
INSERT INTO `cms_article_data` VALUES ('38', '', '', '1,2,3', '1');
INSERT INTO `cms_article_data` VALUES ('39', '', '', '1,2,3', '1');
INSERT INTO `cms_article_data` VALUES ('4', '', '', '1,2,3', '1');
INSERT INTO `cms_article_data` VALUES ('40', '', '', '1,2,3', '1');
INSERT INTO `cms_article_data` VALUES ('41', '', '', '1,2,3', '1');
INSERT INTO `cms_article_data` VALUES ('42', '', '', '1,2,3', '1');
INSERT INTO `cms_article_data` VALUES ('43', '', '', '1,2,3', '1');
INSERT INTO `cms_article_data` VALUES ('44', '', '', '1,2,3', '1');
INSERT INTO `cms_article_data` VALUES ('45', '', '', '1,2,3', '1');
INSERT INTO `cms_article_data` VALUES ('46', '', '', '1,2,3', '1');
INSERT INTO `cms_article_data` VALUES ('47', '', '', '1,2,3', '1');
INSERT INTO `cms_article_data` VALUES ('48', '', '', '1,2,3', '1');
INSERT INTO `cms_article_data` VALUES ('49', '', '', '1,2,3', '1');
INSERT INTO `cms_article_data` VALUES ('5', '', '', '1,2,3', '1');
INSERT INTO `cms_article_data` VALUES ('50', '', '', '1,2,3', '1');
INSERT INTO `cms_article_data` VALUES ('51', '', '', '1,2,3', '1');
INSERT INTO `cms_article_data` VALUES ('52', '', '', '1,2,3', '1');
INSERT INTO `cms_article_data` VALUES ('53', '', '', '1,2,3', '1');
INSERT INTO `cms_article_data` VALUES ('6', '', '', '1,2,3', '1');
INSERT INTO `cms_article_data` VALUES ('7', '', '', '1,2,3', '1');
INSERT INTO `cms_article_data` VALUES ('8', '', '', '1,2,3', '1');
INSERT INTO `cms_article_data` VALUES ('9', '', '', '1,2,3', '1');

-- ----------------------------
-- Table structure for cms_category
-- ----------------------------
DROP TABLE IF EXISTS `cms_category`;
CREATE TABLE `cms_category` (
  `id` varchar(64) NOT NULL COMMENT '',
  `parent_id` varchar(64) NOT NULL COMMENT '',
  `parent_ids` varchar(2000) NOT NULL COMMENT '',
  `site_id` varchar(64) DEFAULT '1' COMMENT '',
  `office_id` varchar(64) DEFAULT NULL COMMENT '',
  `module` varchar(20) DEFAULT NULL COMMENT '',
  `name` varchar(100) NOT NULL COMMENT '',
  `image` varchar(255) DEFAULT NULL COMMENT '',
  `href` varchar(255) DEFAULT NULL COMMENT '',
  `target` varchar(20) DEFAULT NULL COMMENT '',
  `description` varchar(255) DEFAULT NULL COMMENT '',
  `keywords` varchar(255) DEFAULT NULL COMMENT '',
  `sort` int(11) DEFAULT '30' COMMENT '',
  `in_menu` char(1) DEFAULT '1' COMMENT '',
  `in_list` char(1) DEFAULT '1' COMMENT '',
  `show_modes` char(1) DEFAULT '0' COMMENT '',
  `allow_comment` char(1) DEFAULT NULL COMMENT '',
  `is_audit` char(1) DEFAULT NULL COMMENT '',
  `custom_list_view` varchar(255) DEFAULT NULL COMMENT '',
  `custom_content_view` varchar(255) DEFAULT NULL COMMENT '',
  `view_config` text COMMENT '',
  `create_by` varchar(64) DEFAULT NULL COMMENT '',
  `create_date` datetime DEFAULT NULL COMMENT '',
  `update_by` varchar(64) DEFAULT NULL COMMENT '',
  `update_date` datetime DEFAULT NULL COMMENT '',
  `remarks` varchar(255) DEFAULT NULL COMMENT '',
  `del_flag` char(1) NOT NULL DEFAULT '0' COMMENT '',
  PRIMARY KEY (`id`),
  KEY `cms_category_parent_id` (`parent_id`),
  KEY `cms_category_module` (`module`),
  KEY `cms_category_name` (`name`),
  KEY `cms_category_sort` (`sort`),
  KEY `cms_category_del_flag` (`del_flag`),
  KEY `cms_category_office_id` (`office_id`),
  KEY `cms_category_site_id` (`site_id`)
) ENGINE=InnoDB DEFAULT CHARSET=utf8 COMMENT='';

-- ----------------------------
-- Records of cms_category
-- ----------------------------
INSERT INTO `cms_category` VALUES ('1', '0', '0,', '0', '1', null, '', null, null, null, null, null, '0', '1', '1', '0', '0', '1', null, null, null, '1', '2013-05-27 08:00:00', '1', '2013-05-27 08:00:00', null, '0');
INSERT INTO `cms_category` VALUES ('10', '1', '0,1,', '1', '4', 'article', '', null, null, null, null, null, '20', '1', '1', '0', '1', '0', null, null, null, '1', '2013-05-27 08:00:00', '1', '2013-05-27 08:00:00', null, '0');
INSERT INTO `cms_category` VALUES ('11', '10', '0,1,10,', '1', '4', 'article', '', null, null, null, null, null, '30', '1', '1', '0', '1', '0', null, null, null, '1', '2013-05-27 08:00:00', '1', '2013-05-27 08:00:00', null, '0');
INSERT INTO `cms_category` VALUES ('12', '10', '0,1,10,', '1', '4', 'article', '', null, null, null, null, null, '40', '1', '1', '0', '1', '0', null, null, null, '1', '2013-05-27 08:00:00', '1', '2013-05-27 08:00:00', null, '0');
INSERT INTO `cms_category` VALUES ('13', '10', '0,1,10,', '1', '4', 'article', '', null, null, null, null, null, '50', '1', '1', '0', '1', '0', null, null, null, '1', '2013-05-27 08:00:00', '1', '2013-05-27 08:00:00', null, '0');
INSERT INTO `cms_category` VALUES ('14', '10', '0,1,10,', '1', '4', 'article', '', null, null, null, null, null, '50', '1', '1', '0', '1', '0', null, null, null, '1', '2013-05-27 08:00:00', '1', '2013-05-27 08:00:00', null, '0');
INSERT INTO `cms_category` VALUES ('15', '10', '0,1,10,', '1', '4', 'article', '', null, null, null, null, null, '50', '1', '1', '0', '1', '0', null, null, null, '1', '2013-05-27 08:00:00', '1', '2013-05-27 08:00:00', null, '0');
INSERT INTO `cms_category` VALUES ('16', '10', '0,1,10,', '1', '4', 'article', '', null, null, null, null, null, '50', '1', '1', '0', '1', '0', null, null, null, '1', '2013-05-27 08:00:00', '1', '2013-05-27 08:00:00', null, '0');
INSERT INTO `cms_category` VALUES ('17', '10', '0,1,10,', '1', '4', 'article', '', null, null, null, null, null, '50', '1', '1', '2', '1', '0', null, null, null, '1', '2013-05-27 08:00:00', '1', '2013-05-27 08:00:00', null, '0');
INSERT INTO `cms_category` VALUES ('18', '1', '0,1,', '1', '5', 'link', '', null, null, null, null, null, '90', '1', '1', '0', '1', '0', null, null, null, '1', '2013-05-27 08:00:00', '1', '2013-05-27 08:00:00', null, '0');
INSERT INTO `cms_category` VALUES ('19', '18', '0,1,18,', '1', '5', 'link', '', null, null, null, null, null, '50', '1', '1', '0', '1', '0', null, null, null, '1', '2013-05-27 08:00:00', '1', '2013-05-27 08:00:00', null, '0');
INSERT INTO `cms_category` VALUES ('2', '1', '0,1,', '1', '3', 'article', '', null, null, null, null, null, '10', '1', '1', '0', '0', '1', null, null, null, '1', '2013-05-27 08:00:00', '1', '2013-05-27 08:00:00', null, '0');
INSERT INTO `cms_category` VALUES ('20', '18', '0,1,18,', '1', '5', 'link', '', null, null, null, null, null, '50', '1', '1', '0', '1', '0', null, null, null, '1', '2013-05-27 08:00:00', '1', '2013-05-27 08:00:00', null, '0');
INSERT INTO `cms_category` VALUES ('21', '18', '0,1,18,', '1', '5', 'link', '', null, null, null, null, null, '50', '1', '1', '0', '1', '0', null, null, null, '1', '2013-05-27 08:00:00', '1', '2013-05-27 08:00:00', null, '0');
INSERT INTO `cms_category` VALUES ('22', '18', '0,1,18,', '1', '5', 'link', '', null, null, null, null, null, '50', '1', '1', '0', '1', '0', null, null, null, '1', '2013-05-27 08:00:00', '1', '2013-05-27 08:00:00', null, '0');
INSERT INTO `cms_category` VALUES ('23', '18', '0,1,18,', '1', '5', 'link', '', null, null, null, null, null, '50', '1', '1', '0', '1', '0', null, null, null, '1', '2013-05-27 08:00:00', '1', '2013-05-27 08:00:00', null, '0');
INSERT INTO `cms_category` VALUES ('24', '1', '0,1,', '1', '6', null, '', null, 'http://www.baidu.com', '_blank', null, null, '90', '1', '1', '0', '1', '0', null, null, null, '1', '2013-05-27 08:00:00', '1', '2013-05-27 08:00:00', null, '0');
INSERT INTO `cms_category` VALUES ('25', '1', '0,1,', '1', '6', null, '', null, '/search', null, null, null, '90', '0', '1', '0', '1', '0', null, null, null, '1', '2013-05-27 08:00:00', '1', '2013-05-27 08:00:00', null, '0');
INSERT INTO `cms_category` VALUES ('26', '1', '0,1,', '2', '6', 'article', '', null, null, null, null, null, '90', '1', '1', '0', '1', '0', null, null, null, '1', '2013-05-27 08:00:00', '1', '2013-05-27 08:00:00', null, '0');
INSERT INTO `cms_category` VALUES ('27', '1', '0,1,', '1', '6', null, '', null, '/guestbook', null, null, null, '90', '1', '1', '0', '1', '0', null, null, null, '1', '2013-05-27 08:00:00', '1', '2013-05-27 08:00:00', null, '0');
INSERT INTO `cms_category` VALUES ('3', '2', '0,1,2,', '1', '3', 'article', '', null, null, null, null, null, '30', '1', '1', '0', '0', '1', null, null, null, '1', '2013-05-27 08:00:00', '1', '2013-05-27 08:00:00', null, '0');
INSERT INTO `cms_category` VALUES ('4', '2', '0,1,2,', '1', '3', 'article', '', null, null, null, null, null, '40', '1', '1', '0', '0', '1', null, null, null, '1', '2013-05-27 08:00:00', '1', '2013-05-27 08:00:00', null, '0');
INSERT INTO `cms_category` VALUES ('5', '2', '0,1,2,', '1', '3', 'article', '', null, null, null, null, null, '50', '1', '1', '0', '0', '1', null, null, null, '1', '2013-05-27 08:00:00', '1', '2013-05-27 08:00:00', null, '0');
INSERT INTO `cms_category` VALUES ('6', '1', '0,1,', '1', '3', 'article', '', null, null, null, null, null, '20', '1', '1', '1', '1', '0', null, null, null, '1', '2013-05-27 08:00:00', '1', '2013-05-27 08:00:00', null, '0');
INSERT INTO `cms_category` VALUES ('7', '6', '0,1,6,', '1', '3', 'article', '', null, null, null, null, null, '30', '1', '1', '0', '1', '0', null, null, null, '1', '2013-05-27 08:00:00', '1', '2013-05-27 08:00:00', null, '0');
INSERT INTO `cms_category` VALUES ('8', '6', '0,1,6,', '1', '3', 'article', '', null, null, null, null, null, '40', '1', '1', '0', '1', '0', null, null, null, '1', '2013-05-27 08:00:00', '1', '2013-05-27 08:00:00', null, '0');
INSERT INTO `cms_category` VALUES ('9', '6', '0,1,6,', '1', '3', 'article', '', null, null, null, null, null, '50', '1', '1', '0', '1', '0', null, null, null, '1', '2013-05-27 08:00:00', '1', '2013-05-27 08:00:00', null, '0');

-- ----------------------------
-- Table structure for cms_comment
-- ----------------------------
DROP TABLE IF EXISTS `cms_comment`;
CREATE TABLE `cms_comment` (
  `id` varchar(64) NOT NULL COMMENT '',
  `category_id` varchar(64) NOT NULL COMMENT '',
  `content_id` varchar(64) NOT NULL COMMENT '',
  `title` varchar(255) DEFAULT NULL COMMENT '',
  `content` varchar(255) DEFAULT NULL COMMENT '',
  `name` varchar(100) DEFAULT NULL COMMENT '',
  `ip` varchar(100) DEFAULT NULL COMMENT 'IP',
  `create_date` datetime NOT NULL COMMENT '',
  `audit_user_id` varchar(64) DEFAULT NULL COMMENT '',
  `audit_date` datetime DEFAULT NULL COMMENT '',
  `del_flag` char(1) NOT NULL DEFAULT '0' COMMENT '',
  PRIMARY KEY (`id`),
  KEY `cms_comment_category_id` (`category_id`),
  KEY `cms_comment_content_id` (`content_id`),
  KEY `cms_comment_status` (`del_flag`)
) ENGINE=InnoDB DEFAULT CHARSET=utf8 COMMENT='';

-- ----------------------------
-- Records of cms_comment
-- ----------------------------

-- ----------------------------
-- Table structure for cms_guestbook
-- ----------------------------
DROP TABLE IF EXISTS `cms_guestbook`;
CREATE TABLE `cms_guestbook` (
  `id` varchar(64) NOT NULL COMMENT '',
  `type` char(1) NOT NULL COMMENT '',
  `content` varchar(255) NOT NULL COMMENT '',
  `name` varchar(100) NOT NULL COMMENT '',
  `email` varchar(100) NOT NULL COMMENT '',
  `phone` varchar(100) NOT NULL COMMENT '',
  `workunit` varchar(100) NOT NULL COMMENT '',
  `ip` varchar(100) NOT NULL COMMENT 'IP',
  `create_date` datetime NOT NULL COMMENT '',
  `re_user_id` varchar(64) DEFAULT NULL COMMENT '',
  `re_date` datetime DEFAULT NULL COMMENT '',
  `re_content` varchar(100) DEFAULT NULL COMMENT '',
  `del_flag` char(1) NOT NULL DEFAULT '0' COMMENT '',
  PRIMARY KEY (`id`),
  KEY `cms_guestbook_del_flag` (`del_flag`)
) ENGINE=InnoDB DEFAULT CHARSET=utf8 COMMENT='';

-- ----------------------------
-- Records of cms_guestbook
-- ----------------------------

-- ----------------------------
-- Table structure for cms_link
-- ----------------------------
DROP TABLE IF EXISTS `cms_link`;
CREATE TABLE `cms_link` (
  `id` varchar(64) NOT NULL COMMENT '',
  `category_id` varchar(64) NOT NULL COMMENT '',
  `title` varchar(255) NOT NULL COMMENT '',
  `color` varchar(50) DEFAULT NULL COMMENT '',
  `image` varchar(255) DEFAULT NULL COMMENT '',
  `href` varchar(255) DEFAULT NULL COMMENT '',
  `weight` int(11) DEFAULT '0' COMMENT '',
  `weight_date` datetime DEFAULT NULL COMMENT '',
  `create_by` varchar(64) DEFAULT NULL COMMENT '',
  `create_date` datetime DEFAULT NULL COMMENT '',
  `update_by` varchar(64) DEFAULT NULL COMMENT '',
  `update_date` datetime DEFAULT NULL COMMENT '',
  `remarks` varchar(255) DEFAULT NULL COMMENT '',
  `del_flag` char(1) NOT NULL DEFAULT '0' COMMENT '',
  PRIMARY KEY (`id`),
  KEY `cms_link_category_id` (`category_id`),
  KEY `cms_link_title` (`title`),
  KEY `cms_link_del_flag` (`del_flag`),
  KEY `cms_link_weight` (`weight`),
  KEY `cms_link_create_by` (`create_by`),
  KEY `cms_link_update_date` (`update_date`)
) ENGINE=InnoDB DEFAULT CHARSET=utf8 COMMENT='';

-- ----------------------------
-- Records of cms_link
-- ----------------------------
INSERT INTO `cms_link` VALUES ('1', '19', 'JeeSite', null, null, 'http://thinkgem.github.com/jeesite', '0', null, '1', '2013-05-27 08:00:00', '1', '2013-05-27 08:00:00', null, '0');
INSERT INTO `cms_link` VALUES ('10', '22', '58', null, null, 'http://www.58.com/', '0', null, '1', '2013-05-27 08:00:00', '1', '2013-05-27 08:00:00', null, '0');
INSERT INTO `cms_link` VALUES ('11', '23', '', null, null, 'http://v.360.cn/', '0', null, '1', '2013-05-27 08:00:00', '1', '2013-05-27 08:00:00', null, '0');
INSERT INTO `cms_link` VALUES ('12', '23', '', null, null, 'http://www.ifeng.com/', '0', null, '1', '2013-05-27 08:00:00', '1', '2013-05-27 08:00:00', null, '0');
INSERT INTO `cms_link` VALUES ('2', '19', 'ThinkGem', null, null, 'http://thinkgem.iteye.com/', '0', null, '1', '2013-05-27 08:00:00', '1', '2013-05-27 08:00:00', null, '0');
INSERT INTO `cms_link` VALUES ('3', '19', '', null, null, 'http://www.baidu.com', '0', null, '1', '2013-05-27 08:00:00', '1', '2013-05-27 08:00:00', null, '0');
INSERT INTO `cms_link` VALUES ('4', '19', '', null, null, 'http://www.google.com', '0', null, '1', '2013-05-27 08:00:00', '1', '2013-05-27 08:00:00', null, '0');
INSERT INTO `cms_link` VALUES ('5', '20', '', null, null, 'http://www.sina.com.cn', '0', null, '1', '2013-05-27 08:00:00', '1', '2013-05-27 08:00:00', null, '0');
INSERT INTO `cms_link` VALUES ('6', '20', '', null, null, 'http://www.qq.com/', '0', null, '1', '2013-05-27 08:00:00', '1', '2013-05-27 08:00:00', null, '0');
INSERT INTO `cms_link` VALUES ('7', '21', '', null, null, 'http://www.taobao.com/', '0', null, '1', '2013-05-27 08:00:00', '1', '2013-05-27 08:00:00', null, '0');
INSERT INTO `cms_link` VALUES ('8', '21', '', null, null, 'http://www.xinhuanet.com/', '0', null, '1', '2013-05-27 08:00:00', '1', '2013-05-27 08:00:00', null, '0');
INSERT INTO `cms_link` VALUES ('9', '22', '', null, null, 'http://www.ganji.com/', '0', null, '1', '2013-05-27 08:00:00', '1', '2013-05-27 08:00:00', null, '0');

-- ----------------------------
-- Table structure for cms_site
-- ----------------------------
DROP TABLE IF EXISTS `cms_site`;
CREATE TABLE `cms_site` (
  `id` varchar(64) NOT NULL COMMENT '',
  `name` varchar(100) NOT NULL COMMENT '',
  `title` varchar(100) NOT NULL COMMENT '',
  `logo` varchar(255) DEFAULT NULL COMMENT 'Logo',
  `domain` varchar(255) DEFAULT NULL COMMENT '',
  `description` varchar(255) DEFAULT NULL COMMENT '',
  `keywords` varchar(255) DEFAULT NULL COMMENT '',
  `theme` varchar(255) DEFAULT 'default' COMMENT '',
  `copyright` text COMMENT '',
  `custom_index_view` varchar(255) DEFAULT NULL COMMENT '',
  `create_by` varchar(64) DEFAULT NULL COMMENT '',
  `create_date` datetime DEFAULT NULL COMMENT '',
  `update_by` varchar(64) DEFAULT NULL COMMENT '',
  `update_date` datetime DEFAULT NULL COMMENT '',
  `remarks` varchar(255) DEFAULT NULL COMMENT '',
  `del_flag` char(1) NOT NULL DEFAULT '0' COMMENT '',
  PRIMARY KEY (`id`),
  KEY `cms_site_del_flag` (`del_flag`)
) ENGINE=InnoDB DEFAULT CHARSET=utf8 COMMENT='';

-- ----------------------------
-- Records of cms_site
-- ----------------------------
INSERT INTO `cms_site` VALUES ('1', '', 'JeeSite Web', null, null, 'JeeSite', 'JeeSite', 'basic', 'Copyright &copy; 2012-2013 <a href=\'http://thinkgem.iteye.com\' target=\'_blank\'>ThinkGem</a> - Powered By <a href=\'https://github.com/thinkgem/jeesite\' target=\'_blank\'>JeeSite</a> V1.0', null, '1', '2013-05-27 08:00:00', '1', '2013-05-27 08:00:00', null, '0');
INSERT INTO `cms_site` VALUES ('2', '', 'JeeSite Subsite', null, null, 'JeeSite subsite', 'JeeSite subsite', 'basic', 'Copyright &copy; 2012-2013 <a href=\'http://thinkgem.iteye.com\' target=\'_blank\'>ThinkGem</a> - Powered By <a href=\'https://github.com/thinkgem/jeesite\' target=\'_blank\'>JeeSite</a> V1.0', null, '1', '2013-05-27 08:00:00', '1', '2013-05-27 08:00:00', null, '0');

-- ----------------------------
-- Table structure for day_statistics
-- ----------------------------
DROP TABLE IF EXISTS `day_statistics`;
CREATE TABLE `day_statistics` (
  `id` varchar(64) NOT NULL COMMENT '',
  `data_date` datetime NOT NULL COMMENT '',
  `new_members` int(11) DEFAULT NULL COMMENT '',
  `all_members` int(11) DEFAULT NULL COMMENT '',
  `new_bonus` decimal(12,2) NOT NULL COMMENT '',
  `all_bonus` decimal(12,2) NOT NULL COMMENT '',
  `out_bonus` decimal(12,2) NOT NULL COMMENT '',
  `out_all_bonus` decimal(12,2) NOT NULL COMMENT '',
  `bobi` decimal(12,2) NOT NULL COMMENT '',
  `all_bobi` decimal(12,2) NOT NULL COMMENT '',
  `ext1` varchar(200) DEFAULT NULL COMMENT '1',
  `ext2` varchar(200) DEFAULT NULL COMMENT '2',
  `create_by` varchar(64) NOT NULL COMMENT '',
  `create_date` datetime NOT NULL COMMENT '',
  `update_by` varchar(64) NOT NULL COMMENT '',
  `update_date` datetime NOT NULL COMMENT '',
  `remarks` varchar(255) DEFAULT NULL COMMENT '',
  `del_flag` char(1) NOT NULL DEFAULT '0' COMMENT '',
  PRIMARY KEY (`id`)
) ENGINE=InnoDB DEFAULT CHARSET=utf8 COMMENT='';

-- ----------------------------
-- Records of day_statistics
-- ----------------------------
INSERT INTO `day_statistics` VALUES ('7c3ab512ca6443beab914a0dd546566e', '2018-11-14 09:14:52', '1', '5', '6000.00', '25000.00', '1995.00', '6279.99', '33.25', '25.12', null, null, '2', '2018-11-15 09:14:52', '2', '2018-11-15 09:14:52', null, '0');
INSERT INTO `day_statistics` VALUES ('8b6d6ba4c7724823bbb64794e66fe051', '2018-11-15 15:46:25', '0', '5', '2000.00', '27000.00', '380.99', '6660.98', '19.05', '24.67', null, null, '2', '2018-11-15 15:46:25', '2', '2018-11-15 15:46:29', null, '0');
INSERT INTO `day_statistics` VALUES ('bd69d525304b47458986cb0994a6f7a4', '2018-11-23 16:20:29', '0', '5', '2500.00', '29500.00', '285.74', '6946.72', '11.43', '23.55', null, null, 'ebd1849c55ac4277a491c01695a9a468', '2018-11-23 16:20:29', 'ebd1849c55ac4277a491c01695a9a468', '2018-11-23 16:20:29', null, '0');

-- ----------------------------
-- Table structure for gen_scheme
-- ----------------------------
DROP TABLE IF EXISTS `gen_scheme`;
CREATE TABLE `gen_scheme` (
  `id` varchar(64) NOT NULL COMMENT '',
  `name` varchar(200) DEFAULT NULL COMMENT '',
  `category` varchar(2000) DEFAULT NULL COMMENT '',
  `package_name` varchar(500) DEFAULT NULL COMMENT '',
  `module_name` varchar(30) DEFAULT NULL COMMENT '',
  `sub_module_name` varchar(30) DEFAULT NULL COMMENT '',
  `function_name` varchar(500) DEFAULT NULL COMMENT '',
  `function_name_simple` varchar(100) DEFAULT NULL COMMENT '',
  `function_author` varchar(100) DEFAULT NULL COMMENT '',
  `gen_table_id` varchar(200) DEFAULT NULL COMMENT '',
  `create_by` varchar(64) DEFAULT NULL COMMENT '',
  `create_date` datetime DEFAULT NULL COMMENT '',
  `update_by` varchar(64) DEFAULT NULL COMMENT '',
  `update_date` datetime DEFAULT NULL COMMENT '',
  `remarks` varchar(255) DEFAULT NULL COMMENT '',
  `del_flag` char(1) NOT NULL DEFAULT '0' COMMENT '01',
  PRIMARY KEY (`id`),
  KEY `gen_scheme_del_flag` (`del_flag`)
) ENGINE=InnoDB DEFAULT CHARSET=utf8 COMMENT='';

-- ----------------------------
-- Records of gen_scheme
-- ----------------------------
INSERT INTO `gen_scheme` VALUES ('0440e060659b4c25a20881d514ac742d', '', 'curd', 'com.thinkgem.jeesite.modules', 'core', 'pvDetail', '', '', 'li', 'c4a49fcf9e84493f86991bab902d48b1', '1', '2018-11-02 15:45:58', '1', '2018-11-02 15:45:58', '', '0');
INSERT INTO `gen_scheme` VALUES ('08dbfa02a58a4902899d8f0f9e013208', '', 'curd', 'com.thinkgem.jeesite.modules', 'core', 'goods', '', '', 'li', '41b774ab6009483a833781ab54ebf3d0', '2', '2018-11-07 15:12:45', '2', '2018-11-07 15:12:45', '', '0');
INSERT INTO `gen_scheme` VALUES ('24a0eb63303c43f8b71229ef611bb0d7', '', 'curd', 'com.thinkgem.jeesite.modules', 'core', 'orders', '', '', 'li', '821648a7275740d380c1c1225e260d28', '1', '2018-11-20 11:18:53', '1', '2018-11-20 11:18:53', '', '0');
INSERT INTO `gen_scheme` VALUES ('35a13dc260284a728a270db3f382664b', '', 'treeTable', 'com.thinkgem.jeesite.modules', 'test', null, '', '', 'ThinkGem', 'f6e4dafaa72f4c509636484715f33a96', '1', '2013-08-12 13:10:05', '1', '2013-08-12 13:10:05', null, '0');
INSERT INTO `gen_scheme` VALUES ('3b0ae579c9f944a2b8edaa2dda287882', '', 'curd', 'com.thinkgem.jeesite.modules', 'core', 'bonus', '', '', '', 'b7e163f1c6b44952804ea7de6ed6bc8b', '1', '2018-11-01 10:24:19', '1', '2018-11-01 10:28:15', '', '0');
INSERT INTO `gen_scheme` VALUES ('3beb9849d2474aec918cb27ce7100544', '', 'curd', 'com.thinkgem.jeesite.modules', 'core', 'transfer', '', '', 'li', '812ee2c626544662b37fc0fa1b91a556', '1', '2018-11-06 09:50:08', '1', '2018-11-06 09:50:08', '', '0');
INSERT INTO `gen_scheme` VALUES ('734f819db6644102a72e18436c65f7f2', '', 'curd', 'com.thinkgem.jeesite.modules', 'core', 'statistics', '', '', 'li', '2f8310e44df3443eaf1974af3dab66b3', '1', '2018-11-14 09:28:14', '1', '2018-11-14 09:28:14', '', '0');
INSERT INTO `gen_scheme` VALUES ('7a8adaddefa04105867549d60c9423df', '', 'curd', 'com.thinkgem.jeesite.modules', 'core', 'recharge', '', '', 'li', '09261d6598f94b7db466b7a32e2e541a', '1', '2018-11-05 15:48:50', '1', '2018-11-05 15:48:50', '', '0');
INSERT INTO `gen_scheme` VALUES ('9c9de9db6da743bb899036c6546061ac', '', 'curd', 'com.thinkgem.jeesite.modules', 'test', null, '', '', 'ThinkGem', 'aef6f1fc948f4c9ab1c1b780bc471cc2', '1', '2013-08-12 13:10:05', '1', '2013-08-12 13:10:05', null, '0');
INSERT INTO `gen_scheme` VALUES ('9fb86460278b40ae9b6c4c68047c31a1', '', 'curd', 'com.thinkgem.jeesite.modules', 'core', 'setting', '', '', '', '01318344563e4d0c8239512fc2daf2ac', '1', '2018-11-01 14:15:59', '1', '2018-11-01 14:15:59', '', '0');
INSERT INTO `gen_scheme` VALUES ('b96b044c083e40a5bcde66df38cab445', '', 'curd', 'com.thinkgem.jeesite.modules', 'core', 'pv', '', '', '', 'd70cc27c56684af59d9f21d04664cd24', '1', '2018-11-01 10:29:02', '1', '2018-11-01 10:29:02', '', '0');
INSERT INTO `gen_scheme` VALUES ('c9ce81626acc47d3a163d2a12f1b5883', '', 'curd', 'com.thinkgem.jeesite.modules', 'core', 'member', '', '', '', '550168193d7f4b338c080e3c7eee5013', '1', '2018-10-30 13:09:02', '1', '2018-10-30 13:11:38', '', '0');
INSERT INTO `gen_scheme` VALUES ('e6d905fd236b46d1af581dd32bdfb3b0', '', 'curd_many', 'com.thinkgem.jeesite.modules', 'test', null, '', '', 'ThinkGem', '43d6d5acffa14c258340ce6765e46c6f', '1', '2013-08-12 13:10:05', '1', '2013-08-12 13:10:05', null, '0');

-- ----------------------------
-- Table structure for gen_table
-- ----------------------------
DROP TABLE IF EXISTS `gen_table`;
CREATE TABLE `gen_table` (
  `id` varchar(64) NOT NULL COMMENT '',
  `name` varchar(200) DEFAULT NULL COMMENT '',
  `comments` varchar(500) DEFAULT NULL COMMENT '',
  `class_name` varchar(100) DEFAULT NULL COMMENT '',
  `parent_table` varchar(200) DEFAULT NULL COMMENT '',
  `parent_table_fk` varchar(100) DEFAULT NULL COMMENT '',
  `create_by` varchar(64) DEFAULT NULL COMMENT '',
  `create_date` datetime DEFAULT NULL COMMENT '',
  `update_by` varchar(64) DEFAULT NULL COMMENT '',
  `update_date` datetime DEFAULT NULL COMMENT '',
  `remarks` varchar(255) DEFAULT NULL COMMENT '',
  `del_flag` char(1) NOT NULL DEFAULT '0' COMMENT '01',
  PRIMARY KEY (`id`),
  KEY `gen_table_name` (`name`),
  KEY `gen_table_del_flag` (`del_flag`)
) ENGINE=InnoDB DEFAULT CHARSET=utf8 COMMENT='';

-- ----------------------------
-- Records of gen_table
-- ----------------------------
INSERT INTO `gen_table` VALUES ('01318344563e4d0c8239512fc2daf2ac', 'member_setting', '', 'MemberSetting', '', '', '1', '2018-11-01 14:15:27', '1', '2018-11-01 14:15:27', '', '0');
INSERT INTO `gen_table` VALUES ('09261d6598f94b7db466b7a32e2e541a', 'pv_recharge', '', 'PvRecharge', '', '', '1', '2018-11-05 15:48:17', '1', '2018-11-05 15:48:17', '', '0');
INSERT INTO `gen_table` VALUES ('2f8310e44df3443eaf1974af3dab66b3', 'day_statistics', '', 'DayStatistics', '', '', '1', '2018-11-14 09:27:40', '1', '2018-11-14 09:27:40', '', '0');
INSERT INTO `gen_table` VALUES ('41b774ab6009483a833781ab54ebf3d0', 'goods', '', 'Goods', '', '', '2', '2018-11-07 15:12:09', '2', '2018-11-07 15:12:09', '', '0');
INSERT INTO `gen_table` VALUES ('43d6d5acffa14c258340ce6765e46c6f', 'test_data_main', '', 'TestDataMain', null, null, '1', '2013-08-12 13:10:05', '1', '2013-08-12 13:10:05', null, '0');
INSERT INTO `gen_table` VALUES ('550168193d7f4b338c080e3c7eee5013', 'sys_member', '', 'Member', '', '', '1', '2018-10-30 13:05:01', '1', '2018-10-30 13:11:31', '', '0');
INSERT INTO `gen_table` VALUES ('6e05c389f3c6415ea34e55e9dfb28934', 'test_data_child', '', 'TestDataChild', 'test_data_main', 'test_data_main_id', '1', '2013-08-12 13:10:05', '1', '2013-08-12 13:10:05', null, '0');
INSERT INTO `gen_table` VALUES ('812ee2c626544662b37fc0fa1b91a556', 'pv_transfer', '', 'Transfer', '', '', '1', '2018-11-06 09:49:39', '1', '2018-11-06 09:49:39', '', '0');
INSERT INTO `gen_table` VALUES ('821648a7275740d380c1c1225e260d28', 'orders', '', 'Orders', '', '', '1', '2018-11-20 11:16:24', '1', '2018-11-20 11:17:38', '', '0');
INSERT INTO `gen_table` VALUES ('aef6f1fc948f4c9ab1c1b780bc471cc2', 'test_data', '', 'TestData', null, null, '1', '2013-08-12 13:10:05', '1', '2013-08-12 13:10:05', null, '0');
INSERT INTO `gen_table` VALUES ('b7e163f1c6b44952804ea7de6ed6bc8b', 'bonus_total', '', 'BonusTotal', '', '', '1', '2018-11-01 10:23:06', '1', '2018-11-01 10:23:06', '', '0');
INSERT INTO `gen_table` VALUES ('c4a49fcf9e84493f86991bab902d48b1', 'pv_detail', '', 'PvDetail', '', '', '1', '2018-11-02 15:45:04', '1', '2018-11-02 15:45:04', '', '0');
INSERT INTO `gen_table` VALUES ('d70cc27c56684af59d9f21d04664cd24', 'pv_total', '', 'PvTotal', '', '', '1', '2018-11-01 10:23:30', '1', '2018-11-01 10:23:30', '', '0');
INSERT INTO `gen_table` VALUES ('f6e4dafaa72f4c509636484715f33a96', 'test_tree', '', 'TestTree', null, null, '1', '2013-08-12 13:10:05', '1', '2013-08-12 13:10:05', null, '0');

-- ----------------------------
-- Table structure for gen_table_column
-- ----------------------------
DROP TABLE IF EXISTS `gen_table_column`;
CREATE TABLE `gen_table_column` (
  `id` varchar(64) NOT NULL COMMENT '',
  `gen_table_id` varchar(64) DEFAULT NULL COMMENT '',
  `name` varchar(200) DEFAULT NULL COMMENT '',
  `comments` varchar(500) DEFAULT NULL COMMENT '',
  `jdbc_type` varchar(100) DEFAULT NULL COMMENT '',
  `java_type` varchar(500) DEFAULT NULL COMMENT 'JAVA',
  `java_field` varchar(200) DEFAULT NULL COMMENT 'JAVA',
  `is_pk` char(1) DEFAULT NULL COMMENT '',
  `is_null` char(1) DEFAULT NULL COMMENT '',
  `is_insert` char(1) DEFAULT NULL COMMENT '',
  `is_edit` char(1) DEFAULT NULL COMMENT '',
  `is_list` char(1) DEFAULT NULL COMMENT '',
  `is_query` char(1) DEFAULT NULL COMMENT '',
  `query_type` varchar(200) DEFAULT NULL COMMENT 'LIKELIKELIKE',
  `show_type` varchar(200) DEFAULT NULL COMMENT '',
  `dict_type` varchar(200) DEFAULT NULL COMMENT '',
  `settings` varchar(2000) DEFAULT NULL COMMENT 'JSON',
  `sort` decimal(10,0) DEFAULT NULL COMMENT '',
  `create_by` varchar(64) DEFAULT NULL COMMENT '',
  `create_date` datetime DEFAULT NULL COMMENT '',
  `update_by` varchar(64) DEFAULT NULL COMMENT '',
  `update_date` datetime DEFAULT NULL COMMENT '',
  `remarks` varchar(255) DEFAULT NULL COMMENT '',
  `del_flag` char(1) NOT NULL DEFAULT '0' COMMENT '01',
  PRIMARY KEY (`id`),
  KEY `gen_table_column_table_id` (`gen_table_id`),
  KEY `gen_table_column_name` (`name`),
  KEY `gen_table_column_sort` (`sort`),
  KEY `gen_table_column_del_flag` (`del_flag`)
) ENGINE=InnoDB DEFAULT CHARSET=utf8 COMMENT='';

-- ----------------------------
-- Records of gen_table_column
-- ----------------------------
INSERT INTO `gen_table_column` VALUES ('01175b09c21944c183b8d029a5187f8e', '01318344563e4d0c8239512fc2daf2ac', 'jion1', '11200', 'int(11)', 'Integer', 'jion1', '0', '0', '1', '1', '0', '0', '=', 'input', '', null, '110', '1', '2018-11-01 14:15:27', '1', '2018-11-01 14:15:27', null, '0');
INSERT INTO `gen_table_column` VALUES ('03a7f04fa5624565a8fc333f9ba509a6', '01318344563e4d0c8239512fc2daf2ac', 'zhou2', '26000', 'int(11)', 'Integer', 'zhou2', '0', '0', '1', '1', '0', '0', '=', 'input', '', null, '320', '1', '2018-11-01 14:15:27', '1', '2018-11-01 14:15:27', null, '0');
INSERT INTO `gen_table_column` VALUES ('0902a0cb3e8f434280c20e9d771d0658', 'aef6f1fc948f4c9ab1c1b780bc471cc2', 'sex', '', 'char(1)', 'String', 'sex', '0', '1', '1', '1', '1', '1', '=', 'radiobox', 'sex', null, '6', '1', '2013-08-12 13:10:05', '1', '2013-08-12 13:10:05', null, '0');
INSERT INTO `gen_table_column` VALUES ('0b8fa81926484e51a20f90a92e365ea3', 'b7e163f1c6b44952804ea7de6ed6bc8b', 'create_date', '', 'datetime', 'java.util.Date', 'createDate', '0', '0', '1', '0', '0', '0', '=', 'dateselect', '', null, '110', '1', '2018-11-01 10:23:07', '1', '2018-11-01 10:23:07', null, '0');
INSERT INTO `gen_table_column` VALUES ('0ca3607aaf1e4d38b4574460d5650ece', '41b774ab6009483a833781ab54ebf3d0', 'ext1', '1', 'varchar(200)', 'String', 'ext1', '0', '1', '1', '1', '0', '0', '=', 'input', '', null, '110', '2', '2018-11-07 15:12:09', '2', '2018-11-07 15:12:09', null, '0');
INSERT INTO `gen_table_column` VALUES ('0e37d0d39e2842a9a1e42fc13b43859f', '01318344563e4d0c8239512fc2daf2ac', 'jion3', '37200', 'int(11)', 'Integer', 'jion3', '0', '0', '1', '1', '0', '0', '=', 'input', '', null, '130', '1', '2018-11-01 14:15:27', '1', '2018-11-01 14:15:27', null, '0');
INSERT INTO `gen_table_column` VALUES ('0ecd27e5e1474718837c105338be2ec5', '41b774ab6009483a833781ab54ebf3d0', 'create_by', '', 'varchar(64)', 'com.thinkgem.jeesite.modules.sys.entity.User', 'createBy.id', '0', '0', '1', '0', '0', '0', '=', 'input', '', null, '130', '2', '2018-11-07 15:12:09', '2', '2018-11-07 15:12:09', null, '0');
INSERT INTO `gen_table_column` VALUES ('0ed6c77442284d319b9c0a2e56f505ea', '821648a7275740d380c1c1225e260d28', 'update_date', '', 'datetime', 'java.util.Date', 'updateDate', '0', '0', '1', '1', '1', '0', '=', 'dateselect', '', null, '210', '1', '2018-11-20 11:16:25', '1', '2018-11-20 11:17:38', null, '0');
INSERT INTO `gen_table_column` VALUES ('103fc05c88ff40639875c2111881996a', 'aef6f1fc948f4c9ab1c1b780bc471cc2', 'create_date', '', 'timestamp(6)', 'java.util.Date', 'createDate', '0', '0', '1', '0', '0', '0', '=', 'dateselect', null, null, '9', '1', '2013-08-12 13:10:05', '1', '2013-08-12 13:10:05', null, '0');
INSERT INTO `gen_table_column` VALUES ('11053e88bbc849ca88f50dbf07cc8941', '41b774ab6009483a833781ab54ebf3d0', 'inventory', '', 'decimal(12,2)', 'String', 'inventory', '0', '0', '1', '1', '0', '0', '=', 'input', '', null, '60', '2', '2018-11-07 15:12:09', '2', '2018-11-07 15:12:09', null, '0');
INSERT INTO `gen_table_column` VALUES ('12fa38dd986e41908f7fefa5839d1220', '6e05c389f3c6415ea34e55e9dfb28934', 'create_by', '', 'varchar2(64)', 'com.thinkgem.jeesite.modules.modules.sys.entity.User', 'createBy.id', '0', '0', '1', '0', '0', '0', '=', 'input', null, null, '4', '1', '2013-08-12 13:10:05', '1', '2013-08-12 13:10:05', null, '0');
INSERT INTO `gen_table_column` VALUES ('153c172b909e406ea4ac75651d8319cc', '09261d6598f94b7db466b7a32e2e541a', 'del_flag', '', 'char(1)', 'String', 'delFlag', '0', '0', '1', '0', '0', '0', '=', 'radiobox', 'del_flag', null, '120', '1', '2018-11-05 15:48:17', '1', '2018-11-05 15:48:17', null, '0');
INSERT INTO `gen_table_column` VALUES ('15f2b9f627624af7831cb9c825e04e14', '2f8310e44df3443eaf1974af3dab66b3', 'del_flag', '', 'char(1)', 'String', 'delFlag', '0', '0', '1', '0', '0', '0', '=', 'radiobox', 'del_flag', null, '180', '1', '2018-11-14 09:27:40', '1', '2018-11-14 09:27:40', null, '0');
INSERT INTO `gen_table_column` VALUES ('17558cef7b87442398c4f165844692dd', '01318344563e4d0c8239512fc2daf2ac', 'tuidian1', '110%', 'int(11)', 'Integer', 'tuidian1', '0', '0', '1', '1', '0', '0', '=', 'input', '', null, '270', '1', '2018-11-01 14:15:27', '1', '2018-11-01 14:15:27', null, '0');
INSERT INTO `gen_table_column` VALUES ('180b06c8a372484da0c6deb3eb4bc0fb', '2f8310e44df3443eaf1974af3dab66b3', 'out_bonus', '', 'decimal(12,2)', 'String', 'outBonus', '0', '0', '1', '1', '1', '0', '=', 'input', '', null, '70', '1', '2018-11-14 09:27:40', '1', '2018-11-14 09:27:40', null, '0');
INSERT INTO `gen_table_column` VALUES ('1867669f346443c992a82c50c4b16961', 'b7e163f1c6b44952804ea7de6ed6bc8b', 'apv', 'A', 'decimal(12,2)', 'String', 'apv', '0', '1', '1', '1', '0', '0', '=', 'input', '', null, '50', '1', '2018-11-01 10:23:06', '1', '2018-11-01 10:23:06', null, '0');
INSERT INTO `gen_table_column` VALUES ('195ee9241f954d008fe01625f4adbfef', 'f6e4dafaa72f4c509636484715f33a96', 'create_by', '', 'varchar2(64)', 'com.thinkgem.jeesite.modules.modules.sys.entity.User', 'createBy.id', '0', '0', '1', '0', '0', '0', '=', 'input', null, null, '6', '1', '2013-08-12 13:10:05', '1', '2013-08-12 13:10:05', null, '0');
INSERT INTO `gen_table_column` VALUES ('19c6478b8ff54c60910c2e4fc3d27503', '43d6d5acffa14c258340ce6765e46c6f', 'id', '', 'varchar2(64)', 'String', 'id', '1', '0', '1', '0', '0', '0', '=', 'input', null, null, '1', '1', '2013-08-12 13:10:05', '1', '2013-08-12 13:10:05', null, '0');
INSERT INTO `gen_table_column` VALUES ('1a5343e62bfa40bf9584950e179fa20a', '812ee2c626544662b37fc0fa1b91a556', 'status', ';0:1', 'varchar(2)', 'String', 'status', '0', '1', '1', '1', '0', '0', '=', 'input', '', null, '80', '1', '2018-11-06 09:49:39', '1', '2018-11-06 09:49:39', null, '0');
INSERT INTO `gen_table_column` VALUES ('1ac6562f753d4e599693840651ab2bf7', '43d6d5acffa14c258340ce6765e46c6f', 'in_date', '', 'date(7)', 'java.util.Date', 'inDate', '0', '1', '1', '1', '0', '0', '=', 'dateselect', null, null, '7', '1', '2013-08-12 13:10:05', '1', '2013-08-12 13:10:05', null, '0');
INSERT INTO `gen_table_column` VALUES ('1b8eb55f65284fa6b0a5879b6d8ad3ec', 'aef6f1fc948f4c9ab1c1b780bc471cc2', 'in_date', '', 'date(7)', 'java.util.Date', 'inDate', '0', '1', '1', '1', '0', '1', 'between', 'dateselect', null, null, '7', '1', '2013-08-12 13:10:05', '1', '2013-08-12 13:10:05', null, '0');
INSERT INTO `gen_table_column` VALUES ('1c0d49c5625c440685aedbd6ebbb2e82', 'd70cc27c56684af59d9f21d04664cd24', 'update_date', '', 'datetime', 'java.util.Date', 'updateDate', '0', '0', '1', '1', '1', '0', '=', 'dateselect', '', null, '130', '1', '2018-11-01 10:23:30', '1', '2018-11-01 10:23:30', null, '0');
INSERT INTO `gen_table_column` VALUES ('1d5ca4d114be41e99f8dc42a682ba609', 'aef6f1fc948f4c9ab1c1b780bc471cc2', 'user_id', '', 'varchar2(64)', 'com.thinkgem.jeesite.modules.modules.sys.entity.User', 'user.id|name', '0', '1', '1', '1', '1', '1', '=', 'userselect', null, null, '2', '1', '2013-08-12 13:10:05', '1', '2013-08-12 13:10:05', null, '0');
INSERT INTO `gen_table_column` VALUES ('1e171745200c4e408b39025cfc013092', '812ee2c626544662b37fc0fa1b91a556', 'id', '', 'varchar(64)', 'String', 'id', '1', '0', '1', '0', '0', '0', '=', 'input', '', null, '10', '1', '2018-11-06 09:49:39', '1', '2018-11-06 09:49:39', null, '0');
INSERT INTO `gen_table_column` VALUES ('1f34e06ed25f44939846fbbe8015495b', '550168193d7f4b338c080e3c7eee5013', 'memberlevel', '', 'varchar(5)', 'String', 'memberlevel', '0', '0', '1', '1', '0', '0', '=', 'input', '', null, '70', '1', '2018-10-30 13:05:01', '1', '2018-10-30 13:11:31', null, '0');
INSERT INTO `gen_table_column` VALUES ('20e78934e65a48cb972c59bd6f152c88', '01318344563e4d0c8239512fc2daf2ac', 'name0', '', 'varchar(100)', 'String', 'name0', '0', '0', '1', '1', '0', '0', '=', 'input', '', null, '20', '1', '2018-11-01 14:15:27', '1', '2018-11-01 14:15:27', null, '0');
INSERT INTO `gen_table_column` VALUES ('21756504ffdc487eb167a823f89c0c06', '43d6d5acffa14c258340ce6765e46c6f', 'update_by', '', 'varchar2(64)', 'com.thinkgem.jeesite.modules.modules.sys.entity.User', 'updateBy.id', '0', '0', '1', '1', '0', '0', '=', 'input', null, null, '10', '1', '2013-08-12 13:10:05', '1', '2013-08-12 13:10:05', null, '0');
INSERT INTO `gen_table_column` VALUES ('22ac2ed548624d35b7f07e3473fd959e', '821648a7275740d380c1c1225e260d28', 'update_by', '', 'varchar(64)', 'com.thinkgem.jeesite.modules.sys.entity.User', 'updateBy.id', '0', '0', '1', '1', '0', '0', '=', 'input', '', null, '200', '1', '2018-11-20 11:16:25', '1', '2018-11-20 11:17:38', null, '0');
INSERT INTO `gen_table_column` VALUES ('2316cc37d4ba4c9b839e4879445b4069', 'c4a49fcf9e84493f86991bab902d48b1', 'create_by', '', 'varchar(64)', 'com.thinkgem.jeesite.modules.sys.entity.User', 'createBy.id', '0', '0', '1', '0', '0', '0', '=', 'input', '', null, '100', '1', '2018-11-02 15:45:04', '1', '2018-11-02 15:45:04', null, '0');
INSERT INTO `gen_table_column` VALUES ('23b719d91a6440508af4d4b8f18420d4', '01318344563e4d0c8239512fc2daf2ac', 'del_flag', '', 'char(1)', 'String', 'delFlag', '0', '0', '1', '0', '0', '0', '=', 'radiobox', 'del_flag', null, '390', '1', '2018-11-01 14:15:27', '1', '2018-11-01 14:15:27', null, '0');
INSERT INTO `gen_table_column` VALUES ('24bbdc0a555e4412a106ab1c5f03008e', 'f6e4dafaa72f4c509636484715f33a96', 'parent_ids', '', 'varchar2(2000)', 'String', 'parentIds', '0', '0', '1', '1', '0', '0', 'like', 'input', null, null, '3', '1', '2013-08-12 13:10:05', '1', '2013-08-12 13:10:05', null, '0');
INSERT INTO `gen_table_column` VALUES ('264fa95518c74f929bce5f97f2dbf9ae', '01318344563e4d0c8239512fc2daf2ac', 'zhou0', '0', 'int(11)', 'Integer', 'zhou0', '0', '0', '1', '1', '0', '0', '=', 'input', '', null, '300', '1', '2018-11-01 14:15:27', '1', '2018-11-01 14:15:27', null, '0');
INSERT INTO `gen_table_column` VALUES ('267a553a515b41d49b813d91cbd8cb91', 'c4a49fcf9e84493f86991bab902d48b1', 'update_by', '', 'varchar(64)', 'com.thinkgem.jeesite.modules.sys.entity.User', 'updateBy.id', '0', '0', '1', '1', '0', '0', '=', 'input', '', null, '120', '1', '2018-11-02 15:45:04', '1', '2018-11-02 15:45:04', null, '0');
INSERT INTO `gen_table_column` VALUES ('26ae005aa2114ee99354bee776c86a52', 'c4a49fcf9e84493f86991bab902d48b1', 'zhuce_name', '', 'varchar(100)', 'String', 'zhuceName', '0', '0', '1', '1', '0', '0', '=', 'input', '', null, '40', '1', '2018-11-02 15:45:04', '1', '2018-11-02 15:45:04', null, '0');
INSERT INTO `gen_table_column` VALUES ('26d3e09c3a1d41228d4faaa5a0785a28', '01318344563e4d0c8239512fc2daf2ac', 'zhitui1', '16%', 'int(11)', 'Integer', 'zhitui1', '0', '0', '1', '1', '0', '0', '=', 'input', '', null, '150', '1', '2018-11-01 14:15:27', '1', '2018-11-01 14:15:27', null, '0');
INSERT INTO `gen_table_column` VALUES ('27dd7adfc8ef44579c8de2bbebbbc135', '812ee2c626544662b37fc0fa1b91a556', 'to_login_name', '', 'varchar(100)', 'String', 'toLoginName', '0', '0', '1', '1', '0', '0', '=', 'input', '', null, '40', '1', '2018-11-06 09:49:39', '1', '2018-11-06 09:49:39', null, '0');
INSERT INTO `gen_table_column` VALUES ('2cbdbfcd993b4ba99cc4ded28fb1f88c', '41b774ab6009483a833781ab54ebf3d0', 'update_by', '', 'varchar(64)', 'com.thinkgem.jeesite.modules.sys.entity.User', 'updateBy.id', '0', '0', '1', '1', '0', '0', '=', 'input', '', null, '150', '2', '2018-11-07 15:12:09', '2', '2018-11-07 15:12:09', null, '0');
INSERT INTO `gen_table_column` VALUES ('2e168889444d4418900f14b3a56ece30', 'c4a49fcf9e84493f86991bab902d48b1', 'login_name', '', 'varchar(100)', 'String', 'loginName', '0', '0', '1', '1', '0', '0', '=', 'input', '', null, '20', '1', '2018-11-02 15:45:04', '1', '2018-11-02 15:45:04', null, '0');
INSERT INTO `gen_table_column` VALUES ('2e87d4242e90447580a88bba5e2db51a', '41b774ab6009483a833781ab54ebf3d0', 'remarks', '', 'varchar(255)', 'String', 'remarks', '0', '1', '1', '1', '1', '0', '=', 'textarea', '', null, '170', '2', '2018-11-07 15:12:09', '2', '2018-11-07 15:12:09', null, '0');
INSERT INTO `gen_table_column` VALUES ('2f2a672b601841b5921bb125d5767052', 'b7e163f1c6b44952804ea7de6ed6bc8b', 'bonus_total', '', 'decimal(12,2)', 'String', 'bonusTotal', '0', '1', '1', '1', '0', '0', '=', 'input', '', null, '70', '1', '2018-11-01 10:23:06', '1', '2018-11-01 10:23:06', null, '0');
INSERT INTO `gen_table_column` VALUES ('2f78de40b3c64140973856628cdff6de', '821648a7275740d380c1c1225e260d28', 'express_company', '', 'varchar(500)', 'String', 'expressCompany', '0', '1', '1', '1', '0', '0', '=', 'input', '', null, '130', '1', '2018-11-20 11:16:25', '1', '2018-11-20 11:17:38', null, '0');
INSERT INTO `gen_table_column` VALUES ('2f8574c3d82c480f80b4a00451068443', '821648a7275740d380c1c1225e260d28', 'remarks', '', 'varchar(255)', 'String', 'remarks', '0', '1', '1', '1', '1', '0', '=', 'textarea', '', null, '220', '1', '2018-11-20 11:16:25', '1', '2018-11-20 11:17:38', null, '0');
INSERT INTO `gen_table_column` VALUES ('30443c0f569e4991908542ced0d4fb09', '812ee2c626544662b37fc0fa1b91a556', 'create_by', '', 'varchar(64)', 'com.thinkgem.jeesite.modules.sys.entity.User', 'createBy.id', '0', '0', '1', '0', '0', '0', '=', 'input', '', null, '90', '1', '2018-11-06 09:49:39', '1', '2018-11-06 09:49:39', null, '0');
INSERT INTO `gen_table_column` VALUES ('3053fe8ca5d845de8683a6c185d177c9', 'b7e163f1c6b44952804ea7de6ed6bc8b', 'login_name', '', 'varchar(100)', 'String', 'loginName', '0', '0', '1', '1', '0', '0', '=', 'input', '', null, '20', '1', '2018-11-01 10:23:06', '1', '2018-11-01 10:23:06', null, '0');
INSERT INTO `gen_table_column` VALUES ('321a67ae55ad4baf8068326d0eab0402', '812ee2c626544662b37fc0fa1b91a556', 'create_date', '', 'datetime', 'java.util.Date', 'createDate', '0', '0', '1', '0', '0', '0', '=', 'dateselect', '', null, '100', '1', '2018-11-06 09:49:39', '1', '2018-11-06 09:49:39', null, '0');
INSERT INTO `gen_table_column` VALUES ('33152ce420904594b3eac796a27f0560', '6e05c389f3c6415ea34e55e9dfb28934', 'id', '', 'varchar2(64)', 'String', 'id', '1', '0', '1', '0', '0', '0', '=', 'input', null, null, '1', '1', '2013-08-12 13:10:05', '1', '2013-08-12 13:10:05', null, '0');
INSERT INTO `gen_table_column` VALUES ('35af241859624a01917ab64c3f4f0813', 'aef6f1fc948f4c9ab1c1b780bc471cc2', 'del_flag', '01', 'char(1)', 'String', 'delFlag', '0', '0', '1', '0', '0', '0', '=', 'radiobox', 'del_flag', null, '13', '1', '2013-08-12 13:10:05', '1', '2013-08-12 13:10:05', null, '0');
INSERT INTO `gen_table_column` VALUES ('3645a1efe6f245f5a149152a922d279c', '2f8310e44df3443eaf1974af3dab66b3', 'out_all_bonus', '', 'decimal(12,2)', 'String', 'outAllBonus', '0', '0', '1', '1', '1', '0', '=', 'input', '', null, '80', '1', '2018-11-14 09:27:40', '1', '2018-11-14 09:27:40', null, '0');
INSERT INTO `gen_table_column` VALUES ('387f42bd7f7848b7bdcc6298eb1311b8', '09261d6598f94b7db466b7a32e2e541a', 'update_date', '', 'datetime', 'java.util.Date', 'updateDate', '0', '0', '1', '0', '1', '0', '=', 'dateselect', '', null, '100', '1', '2018-11-05 15:48:17', '1', '2018-11-05 15:48:17', null, '0');
INSERT INTO `gen_table_column` VALUES ('3931b3f354bb405ca35cb3ff6f7d8f5f', '550168193d7f4b338c080e3c7eee5013', 'activate', '01', 'varchar(2)', 'String', 'activate', '0', '0', '1', '1', '0', '0', '=', 'input', '', null, '220', '1', '2018-10-30 13:05:01', '1', '2018-10-30 13:11:31', null, '0');
INSERT INTO `gen_table_column` VALUES ('398b4a03f06940bfb979ca574e1911e3', 'aef6f1fc948f4c9ab1c1b780bc471cc2', 'create_by', '', 'varchar2(64)', 'com.thinkgem.jeesite.modules.modules.sys.entity.User', 'createBy.id', '0', '0', '1', '0', '0', '0', '=', 'input', null, null, '8', '1', '2013-08-12 13:10:05', '1', '2013-08-12 13:10:05', null, '0');
INSERT INTO `gen_table_column` VALUES ('3a7cf23ae48a4c849ceb03feffc7a524', '43d6d5acffa14c258340ce6765e46c6f', 'area_id', '', 'nvarchar2(64)', 'com.thinkgem.jeesite.modules.modules.sys.entity.Area', 'area.id|name', '0', '1', '1', '1', '0', '0', '=', 'areaselect', null, null, '4', '1', '2013-08-12 13:10:05', '1', '2013-08-12 13:10:05', null, '0');
INSERT INTO `gen_table_column` VALUES ('3b09982d3cb64111aba45403a42fe6d7', 'b7e163f1c6b44952804ea7de6ed6bc8b', 'jinhuopv', '12.5', 'decimal(12,2)', 'String', 'jinhuopv', '0', '1', '1', '1', '0', '0', '=', 'input', '', null, '90', '1', '2018-11-01 10:23:07', '1', '2018-11-01 10:23:07', null, '0');
INSERT INTO `gen_table_column` VALUES ('3bb0fd20b50c45b68cc09a2285fb5dfb', '2f8310e44df3443eaf1974af3dab66b3', 'data_date', '', 'datetime', 'java.util.Date', 'dataDate', '0', '0', '1', '1', '1', '0', '=', 'dateselect', '', null, '20', '1', '2018-11-14 09:27:40', '1', '2018-11-14 09:27:40', null, '0');
INSERT INTO `gen_table_column` VALUES ('3d3f15a95a8942e8b85ee8ea246bf3ee', '550168193d7f4b338c080e3c7eee5013', 'update_date', '', 'datetime', 'java.util.Date', 'updateDate', '0', '0', '1', '1', '1', '0', '=', 'dateselect', '', null, '150', '1', '2018-10-30 13:05:01', '1', '2018-10-30 13:11:31', null, '0');
INSERT INTO `gen_table_column` VALUES ('3d53bd1f8e6e4415a6d42a67668432d0', '821648a7275740d380c1c1225e260d28', 'goods_price', '', 'decimal(12,2)', 'String', 'goodsPrice', '0', '1', '1', '1', '0', '0', '=', 'input', '', null, '80', '1', '2018-11-20 11:16:25', '1', '2018-11-20 11:17:38', null, '0');
INSERT INTO `gen_table_column` VALUES ('3d9c32865bb44e85af73381df0ffbf3d', '43d6d5acffa14c258340ce6765e46c6f', 'update_date', '', 'timestamp(6)', 'java.util.Date', 'updateDate', '0', '0', '1', '1', '1', '0', '=', 'dateselect', null, null, '11', '1', '2013-08-12 13:10:05', '1', '2013-08-12 13:10:05', null, '0');
INSERT INTO `gen_table_column` VALUES ('3dded41fc16a42c1ad3b03b74283bc17', 'd70cc27c56684af59d9f21d04664cd24', 'create_by', '', 'varchar(64)', 'com.thinkgem.jeesite.modules.sys.entity.User', 'createBy.id', '0', '0', '1', '0', '0', '0', '=', 'input', '', null, '100', '1', '2018-11-01 10:23:30', '1', '2018-11-01 10:23:30', null, '0');
INSERT INTO `gen_table_column` VALUES ('3e27fb38152340c4a1bb4f779d465542', '821648a7275740d380c1c1225e260d28', 'vip_price', '', 'decimal(12,2)', 'String', 'vipPrice', '0', '1', '1', '1', '0', '0', '=', 'input', '', null, '90', '1', '2018-11-20 11:16:25', '1', '2018-11-20 11:17:38', null, '0');
INSERT INTO `gen_table_column` VALUES ('3e639d2f76c64233a0f9b9b8f3c2623b', '01318344563e4d0c8239512fc2daf2ac', 'hezuo0', '0', 'int(11)', 'String', 'hezuo0', '0', '0', '1', '1', '0', '0', '=', 'input', '', null, '180', '1', '2018-11-01 14:15:27', '1', '2018-11-01 14:15:27', null, '0');
INSERT INTO `gen_table_column` VALUES ('3ebab4608f7b4cbc92c806193f2cc056', 'd70cc27c56684af59d9f21d04664cd24', 'total', '', 'decimal(12,2)', 'String', 'total', '0', '1', '1', '1', '0', '0', '=', 'input', '', null, '90', '1', '2018-11-01 10:23:30', '1', '2018-11-01 10:23:30', null, '0');
INSERT INTO `gen_table_column` VALUES ('41631301cf8d454a8a13d66c3a333a9d', 'c4a49fcf9e84493f86991bab902d48b1', 'del_flag', '', 'char(1)', 'String', 'delFlag', '0', '0', '1', '0', '0', '0', '=', 'radiobox', 'del_flag', null, '150', '1', '2018-11-02 15:45:04', '1', '2018-11-02 15:45:04', null, '0');
INSERT INTO `gen_table_column` VALUES ('416c76d2019b4f76a96d8dc3a8faf84c', 'f6e4dafaa72f4c509636484715f33a96', 'update_date', '', 'timestamp(6)', 'java.util.Date', 'updateDate', '0', '0', '1', '1', '1', '0', '=', 'dateselect', null, null, '9', '1', '2013-08-12 13:10:05', '1', '2013-08-12 13:10:05', null, '0');
INSERT INTO `gen_table_column` VALUES ('424bd605a2284f5287cd067d58505e41', '550168193d7f4b338c080e3c7eee5013', 'qq', 'QQ', 'varchar(15)', 'String', 'qq', '0', '1', '1', '1', '0', '0', '=', 'input', '', null, '200', '1', '2018-10-30 13:05:01', '1', '2018-10-30 13:11:31', null, '0');
INSERT INTO `gen_table_column` VALUES ('42a53026ee44465787b5eba5863d820a', '550168193d7f4b338c080e3c7eee5013', 'del_flag', '', 'char(1)', 'String', 'delFlag', '0', '0', '1', '0', '0', '0', '=', 'radiobox', 'del_flag', null, '170', '1', '2018-10-30 13:05:01', '1', '2018-10-30 13:11:31', null, '0');
INSERT INTO `gen_table_column` VALUES ('437be32c3ead4227b63ef65e6f3d0c67', 'c4a49fcf9e84493f86991bab902d48b1', 'id', '', 'varchar(64)', 'String', 'id', '1', '0', '1', '0', '0', '0', '=', 'input', '', null, '10', '1', '2018-11-02 15:45:04', '1', '2018-11-02 15:45:04', null, '0');
INSERT INTO `gen_table_column` VALUES ('440a985d635544bca57eaa52d143dac2', '821648a7275740d380c1c1225e260d28', 'del_flag', '', 'char(1)', 'String', 'delFlag', '0', '0', '1', '0', '0', '0', '=', 'radiobox', 'del_flag', null, '230', '1', '2018-11-20 11:16:25', '1', '2018-11-20 11:17:38', null, '0');
INSERT INTO `gen_table_column` VALUES ('441a247c967e4eea9375324587f11400', '2f8310e44df3443eaf1974af3dab66b3', 'bobi', '', 'decimal(12,2)', 'String', 'bobi', '0', '0', '1', '1', '1', '0', '=', 'input', '', null, '90', '1', '2018-11-14 09:27:40', '1', '2018-11-14 09:27:40', null, '0');
INSERT INTO `gen_table_column` VALUES ('44d3719129614661a4a102f0300f3679', '550168193d7f4b338c080e3c7eee5013', 'idcard', '', 'varchar(20)', 'String', 'idcard', '0', '1', '1', '1', '0', '0', '=', 'input', '', null, '110', '1', '2018-10-30 13:05:01', '1', '2018-10-30 13:11:31', null, '0');
INSERT INTO `gen_table_column` VALUES ('46e6d8283270493687085d29efdecb05', 'f6e4dafaa72f4c509636484715f33a96', 'del_flag', '01', 'char(1)', 'String', 'delFlag', '0', '0', '1', '0', '0', '0', '=', 'radiobox', 'del_flag', null, '11', '1', '2013-08-12 13:10:05', '1', '2013-08-12 13:10:05', null, '0');
INSERT INTO `gen_table_column` VALUES ('4a0a1fff86ca46519477d66b82e01991', 'aef6f1fc948f4c9ab1c1b780bc471cc2', 'name', '', 'nvarchar2(100)', 'String', 'name', '0', '1', '1', '1', '1', '1', 'like', 'input', null, null, '5', '1', '2013-08-12 13:10:05', '1', '2013-08-12 13:10:05', null, '0');
INSERT INTO `gen_table_column` VALUES ('4a82987b0fcc417f9180fd0ae32d061f', 'b7e163f1c6b44952804ea7de6ed6bc8b', 'remarks', '', 'varchar(255)', 'String', 'remarks', '0', '1', '1', '1', '1', '0', '=', 'textarea', '', null, '140', '1', '2018-11-01 10:23:07', '1', '2018-11-01 10:23:07', null, '0');
INSERT INTO `gen_table_column` VALUES ('4ace6058ade34848940cfaa5a6f5e758', 'd70cc27c56684af59d9f21d04664cd24', 'del_flag', '', 'char(1)', 'String', 'delFlag', '0', '0', '1', '0', '0', '0', '=', 'radiobox', 'del_flag', null, '150', '1', '2018-11-01 10:23:30', '1', '2018-11-01 10:23:30', null, '0');
INSERT INTO `gen_table_column` VALUES ('4b843b121b4c47a5873419e474fef366', '01318344563e4d0c8239512fc2daf2ac', 'name1', '1', 'varchar(100)', 'String', 'name1', '0', '0', '1', '1', '0', '0', '=', 'input', '', null, '30', '1', '2018-11-01 14:15:27', '1', '2018-11-01 14:15:27', null, '0');
INSERT INTO `gen_table_column` VALUES ('4c0d335832e8476bb0940938c18397fa', '41b774ab6009483a833781ab54ebf3d0', 'del_flag', '', 'char(1)', 'String', 'delFlag', '0', '0', '1', '0', '0', '0', '=', 'radiobox', 'del_flag', null, '180', '2', '2018-11-07 15:12:09', '2', '2018-11-07 15:12:09', null, '0');
INSERT INTO `gen_table_column` VALUES ('4c8ef12cb6924b9ba44048ba9913150b', '43d6d5acffa14c258340ce6765e46c6f', 'create_date', '', 'timestamp(6)', 'java.util.Date', 'createDate', '0', '0', '1', '0', '0', '0', '=', 'dateselect', null, null, '9', '1', '2013-08-12 13:10:05', '1', '2013-08-12 13:10:05', null, '0');
INSERT INTO `gen_table_column` VALUES ('4df5a1cb6a9c4c8fa31d164b2151c840', '550168193d7f4b338c080e3c7eee5013', 'bank', '', 'varchar(100)', 'String', 'bank', '0', '0', '1', '1', '0', '0', '=', 'input', '', null, '80', '1', '2018-10-30 13:05:01', '1', '2018-10-30 13:11:31', null, '0');
INSERT INTO `gen_table_column` VALUES ('4efdb6f949ee43d3800b4b1ee1d00ea0', '550168193d7f4b338c080e3c7eee5013', 'referee', 'id', 'varchar(64)', 'String', 'referee', '0', '0', '1', '1', '0', '0', '=', 'input', '', null, '40', '1', '2018-10-30 13:05:01', '1', '2018-10-30 13:11:31', null, '0');
INSERT INTO `gen_table_column` VALUES ('53d65a3d306d4fac9e561db9d3c66912', '6e05c389f3c6415ea34e55e9dfb28934', 'del_flag', '01', 'char(1)', 'String', 'delFlag', '0', '0', '1', '0', '0', '0', '=', 'radiobox', 'del_flag', null, '9', '1', '2013-08-12 13:10:05', '1', '2013-08-12 13:10:05', null, '0');
INSERT INTO `gen_table_column` VALUES ('54b322e1fc524b57a6831d14cb685af7', '2f8310e44df3443eaf1974af3dab66b3', 'id', '', 'varchar(64)', 'String', 'id', '1', '0', '1', '0', '0', '0', '=', 'input', '', null, '10', '1', '2018-11-14 09:27:40', '1', '2018-11-14 09:27:40', null, '0');
INSERT INTO `gen_table_column` VALUES ('559d63705719457a8c83ec22cd409cea', 'c4a49fcf9e84493f86991bab902d48b1', 'remarks', '', 'varchar(255)', 'String', 'remarks', '0', '1', '1', '1', '1', '0', '=', 'textarea', '', null, '140', '1', '2018-11-02 15:45:04', '1', '2018-11-02 15:45:04', null, '0');
INSERT INTO `gen_table_column` VALUES ('56fa71c0bd7e4132931874e548dc9ba5', '6e05c389f3c6415ea34e55e9dfb28934', 'update_by', '', 'varchar2(64)', 'com.thinkgem.jeesite.modules.modules.sys.entity.User', 'updateBy.id', '0', '0', '1', '1', '0', '0', '=', 'input', null, null, '6', '1', '2013-08-12 13:10:05', '1', '2013-08-12 13:10:05', null, '0');
INSERT INTO `gen_table_column` VALUES ('58300285a76c42b4b7738624c7d9483c', '821648a7275740d380c1c1225e260d28', 'goods_id', '', 'varchar(64)', 'String', 'goodsId', '0', '0', '1', '1', '0', '0', '=', 'input', '', null, '30', '1', '2018-11-20 11:16:24', '1', '2018-11-20 11:17:38', null, '0');
INSERT INTO `gen_table_column` VALUES ('596cc961d47d4dbb8f66264d1f352843', '01318344563e4d0c8239512fc2daf2ac', 'hezuo2', '216%', 'int(11)', 'Integer', 'hezuo2', '0', '0', '1', '1', '0', '0', '=', 'input', '', null, '200', '1', '2018-11-01 14:15:27', '1', '2018-11-01 14:15:27', null, '0');
INSERT INTO `gen_table_column` VALUES ('5a4a1933c9c844fdba99de043dc8205e', 'aef6f1fc948f4c9ab1c1b780bc471cc2', 'update_by', '', 'varchar2(64)', 'com.thinkgem.jeesite.modules.modules.sys.entity.User', 'updateBy.id', '0', '0', '1', '1', '0', '0', '=', 'input', null, null, '10', '1', '2013-08-12 13:10:05', '1', '2013-08-12 13:10:05', null, '0');
INSERT INTO `gen_table_column` VALUES ('5b2884861da1480aa283ccca6b6fecdd', '41b774ab6009483a833781ab54ebf3d0', 'id', '', 'varchar(64)', 'String', 'id', '1', '0', '1', '0', '0', '0', '=', 'input', '', null, '10', '2', '2018-11-07 15:12:09', '2', '2018-11-07 15:12:09', null, '0');
INSERT INTO `gen_table_column` VALUES ('5bbebc0f7bf349b4ae413e6838cf754c', '41b774ab6009483a833781ab54ebf3d0', 'ext2', '2', 'varchar(200)', 'String', 'ext2', '0', '1', '1', '1', '0', '0', '=', 'input', '', null, '120', '2', '2018-11-07 15:12:09', '2', '2018-11-07 15:12:09', null, '0');
INSERT INTO `gen_table_column` VALUES ('5d107025dbc84f79a0621afd07e81f19', '2f8310e44df3443eaf1974af3dab66b3', 'update_by', '', 'varchar(64)', 'com.thinkgem.jeesite.modules.sys.entity.User', 'updateBy.id', '0', '0', '1', '1', '0', '0', '=', 'input', '', null, '150', '1', '2018-11-14 09:27:40', '1', '2018-11-14 09:27:40', null, '0');
INSERT INTO `gen_table_column` VALUES ('5da8a06b33204ef69b0889e5ead99553', '09261d6598f94b7db466b7a32e2e541a', 'status', ';0:1', 'varchar(2)', 'String', 'status', '0', '1', '1', '0', '1', '0', '=', 'input', '', null, '60', '1', '2018-11-05 15:48:17', '1', '2018-11-05 15:48:17', null, '0');
INSERT INTO `gen_table_column` VALUES ('5e5c69bd3eaa4dcc9743f361f3771c08', 'aef6f1fc948f4c9ab1c1b780bc471cc2', 'id', '', 'varchar2(64)', 'String', 'id', '1', '0', '1', '0', '0', '0', '=', 'input', null, null, '1', '1', '2013-08-12 13:10:05', '1', '2013-08-12 13:10:05', null, '0');
INSERT INTO `gen_table_column` VALUES ('5f22ad33894641f8a1958d1535661062', 'd70cc27c56684af59d9f21d04664cd24', 'jinhuo', '12.5', 'decimal(12,2)', 'String', 'jinhuo', '0', '1', '1', '1', '0', '0', '=', 'input', '', null, '80', '1', '2018-11-01 10:23:30', '1', '2018-11-01 10:23:30', null, '0');
INSERT INTO `gen_table_column` VALUES ('6048a2e97d9b474db9742ca4a1a01f31', '01318344563e4d0c8239512fc2daf2ac', 'jion2', '23600', 'int(11)', 'Integer', 'jion2', '0', '0', '1', '1', '0', '0', '=', 'input', '', null, '120', '1', '2018-11-01 14:15:27', '1', '2018-11-01 14:15:27', null, '0');
INSERT INTO `gen_table_column` VALUES ('6182d41714564fdfab69c413436355e2', '821648a7275740d380c1c1225e260d28', 'status', '', 'varchar(2)', 'String', 'status', '0', '1', '1', '1', '0', '0', '=', 'input', '', null, '120', '1', '2018-11-20 11:16:25', '1', '2018-11-20 11:17:38', null, '0');
INSERT INTO `gen_table_column` VALUES ('633f5a49ec974c099158e7b3e6bfa930', 'f6e4dafaa72f4c509636484715f33a96', 'name', '', 'nvarchar2(100)', 'String', 'name', '0', '0', '1', '1', '1', '1', 'like', 'input', null, null, '4', '1', '2013-08-12 13:10:05', '1', '2013-08-12 13:10:05', null, '0');
INSERT INTO `gen_table_column` VALUES ('63bfee050f8d408b90534e5df78f74c4', '41b774ab6009483a833781ab54ebf3d0', 'goods_name', '', 'varchar(500)', 'String', 'goodsName', '0', '0', '1', '1', '0', '0', '=', 'input', '', null, '20', '2', '2018-11-07 15:12:09', '2', '2018-11-07 15:12:09', null, '0');
INSERT INTO `gen_table_column` VALUES ('652491500f2641ffa7caf95a93e64d34', '6e05c389f3c6415ea34e55e9dfb28934', 'update_date', '', 'timestamp(6)', 'java.util.Date', 'updateDate', '0', '0', '1', '1', '1', '0', '=', 'dateselect', null, null, '7', '1', '2013-08-12 13:10:05', '1', '2013-08-12 13:10:05', null, '0');
INSERT INTO `gen_table_column` VALUES ('652e568c97a94bdca1b109bafc4181ea', '821648a7275740d380c1c1225e260d28', 'express_num', '', 'varchar(50)', 'String', 'expressNum', '0', '1', '1', '1', '0', '0', '=', 'input', '', null, '140', '1', '2018-11-20 11:16:25', '1', '2018-11-20 11:17:38', null, '0');
INSERT INTO `gen_table_column` VALUES ('66405b13357e4485a7be5ba40c8f8b19', '09261d6598f94b7db466b7a32e2e541a', 'update_by', '', 'varchar(64)', 'com.thinkgem.jeesite.modules.sys.entity.User', 'updateBy.id', '0', '0', '1', '0', '0', '0', '=', 'input', '', null, '90', '1', '2018-11-05 15:48:17', '1', '2018-11-05 15:48:17', null, '0');
INSERT INTO `gen_table_column` VALUES ('6763ff6dc7cd4c668e76cf9b697d3ff6', 'f6e4dafaa72f4c509636484715f33a96', 'sort', '', 'number(10)', 'Integer', 'sort', '0', '0', '1', '1', '1', '0', '=', 'input', null, null, '5', '1', '2013-08-12 13:10:05', '1', '2013-08-12 13:10:05', null, '0');
INSERT INTO `gen_table_column` VALUES ('67d0331f809a48ee825602659f0778e8', '43d6d5acffa14c258340ce6765e46c6f', 'name', '', 'nvarchar2(100)', 'String', 'name', '0', '1', '1', '1', '1', '1', 'like', 'input', null, null, '5', '1', '2013-08-12 13:10:05', '1', '2013-08-12 13:10:05', null, '0');
INSERT INTO `gen_table_column` VALUES ('68345713bef3445c906f70e68f55de38', '6e05c389f3c6415ea34e55e9dfb28934', 'test_data_main_id', '', 'varchar2(64)', 'String', 'testDataMain.id', '0', '1', '1', '1', '0', '0', '=', 'input', null, null, '2', '1', '2013-08-12 13:10:05', '1', '2013-08-12 13:10:05', null, '0');
INSERT INTO `gen_table_column` VALUES ('6b6afd58f83e40d08c37ff11dcbbdd16', '41b774ab6009483a833781ab54ebf3d0', 'vip_price', '', 'decimal(12,2)', 'String', 'vipPrice', '0', '0', '1', '1', '0', '0', '=', 'input', '', null, '50', '2', '2018-11-07 15:12:09', '2', '2018-11-07 15:12:09', null, '0');
INSERT INTO `gen_table_column` VALUES ('6c2973d7a77e4400a5cd8f365c10c350', '41b774ab6009483a833781ab54ebf3d0', 'xh', '', 'int(11)', 'String', 'xh', '0', '1', '1', '1', '0', '0', '=', 'input', '', null, '90', '2', '2018-11-07 15:12:09', '2', '2018-11-07 15:12:09', null, '0');
INSERT INTO `gen_table_column` VALUES ('6e8993c2861949fd825e9c72978d9820', 'b7e163f1c6b44952804ea7de6ed6bc8b', 'create_by', '', 'varchar(64)', 'com.thinkgem.jeesite.modules.sys.entity.User', 'createBy.id', '0', '0', '1', '0', '0', '0', '=', 'input', '', null, '100', '1', '2018-11-01 10:23:07', '1', '2018-11-01 10:23:07', null, '0');
INSERT INTO `gen_table_column` VALUES ('71ea4bc10d274911b405f3165fc1bb1a', 'aef6f1fc948f4c9ab1c1b780bc471cc2', 'area_id', '', 'nvarchar2(64)', 'com.thinkgem.jeesite.modules.modules.sys.entity.Area', 'area.id|name', '0', '1', '1', '1', '1', '1', '=', 'areaselect', null, null, '4', '1', '2013-08-12 13:10:05', '1', '2013-08-12 13:10:05', null, '0');
INSERT INTO `gen_table_column` VALUES ('72d006fc65fb45a7b0f9cb75f98fc248', '01318344563e4d0c8239512fc2daf2ac', 'id', '', 'varchar(64)', 'String', 'id', '1', '0', '1', '0', '0', '0', '=', 'input', '', null, '10', '1', '2018-11-01 14:15:27', '1', '2018-11-01 14:15:27', null, '0');
INSERT INTO `gen_table_column` VALUES ('7597d31a6373409b9baefacfbf59e137', '550168193d7f4b338c080e3c7eee5013', 'id', '', 'varchar(64)', 'String', 'id', '1', '0', '1', '0', '0', '0', '=', 'input', '', null, '10', '1', '2018-10-30 13:05:01', '1', '2018-10-30 13:11:31', null, '0');
INSERT INTO `gen_table_column` VALUES ('75c219134ce8427d9620ee74a136a772', '01318344563e4d0c8239512fc2daf2ac', 'zhou1', '13000', 'int(11)', 'Integer', 'zhou1', '0', '0', '1', '1', '0', '0', '=', 'input', '', null, '310', '1', '2018-11-01 14:15:27', '1', '2018-11-01 14:15:27', null, '0');
INSERT INTO `gen_table_column` VALUES ('76e3781f9fb040b5bda27eeac3c80e71', '01318344563e4d0c8239512fc2daf2ac', 'zhitui2', '210%', 'int(11)', 'Integer', 'zhitui2', '0', '0', '1', '1', '0', '0', '=', 'input', '', null, '160', '1', '2018-11-01 14:15:27', '1', '2018-11-01 14:15:27', null, '0');
INSERT INTO `gen_table_column` VALUES ('770e44f4efc34634ac814c9f6b366cbf', '550168193d7f4b338c080e3c7eee5013', 'sex', '12', 'varchar(2)', 'String', 'sex', '0', '1', '1', '1', '0', '0', '=', 'input', 'sex', null, '180', '1', '2018-10-30 13:05:01', '1', '2018-10-30 13:11:31', null, '0');
INSERT INTO `gen_table_column` VALUES ('7a5a502a5f3947b4961825a8d4564fba', '41b774ab6009483a833781ab54ebf3d0', 'is_must', '', 'varchar(2)', 'String', 'isMust', '0', '1', '1', '1', '0', '0', '=', 'radiobox', '', null, '100', '2', '2018-11-07 15:12:09', '2', '2018-11-07 15:12:09', null, '0');
INSERT INTO `gen_table_column` VALUES ('7a754ac6084345ce8e2533f5ae903138', 'c4a49fcf9e84493f86991bab902d48b1', 'pvtype', '', 'varchar(2)', 'String', 'pvtype', '0', '0', '1', '1', '0', '0', '=', 'input', '', null, '80', '1', '2018-11-02 15:45:04', '1', '2018-11-02 15:45:04', null, '0');
INSERT INTO `gen_table_column` VALUES ('7c0fcb6f49a54a9fb67c646ae0fab372', '821648a7275740d380c1c1225e260d28', 'ext2', '2', 'varchar(200)', 'String', 'ext2', '0', '1', '1', '1', '0', '0', '=', 'input', '', null, '170', '1', '2018-11-20 11:16:25', '1', '2018-11-20 11:17:38', null, '0');
INSERT INTO `gen_table_column` VALUES ('7ca59bbc4d4d43739b210f1bd118afc9', 'd70cc27c56684af59d9f21d04664cd24', 'kaifa', '', 'decimal(12,2)', 'String', 'kaifa', '0', '1', '1', '1', '0', '0', '=', 'input', '', null, '70', '1', '2018-11-01 10:23:30', '1', '2018-11-01 10:23:30', null, '0');
INSERT INTO `gen_table_column` VALUES ('7db52fe61f7c40d88e9740856a6bb173', '09261d6598f94b7db466b7a32e2e541a', 'amount_type', '', 'varchar(2)', 'String', 'amountType', '0', '1', '1', '1', '1', '0', '=', 'input', '', null, '50', '1', '2018-11-05 15:48:17', '1', '2018-11-05 15:48:17', null, '0');
INSERT INTO `gen_table_column` VALUES ('7f871058d94c4d9a89084be7c9ce806d', '6e05c389f3c6415ea34e55e9dfb28934', 'remarks', '', 'nvarchar2(255)', 'String', 'remarks', '0', '1', '1', '1', '1', '0', '=', 'input', null, null, '8', '1', '2013-08-12 13:10:05', '1', '2013-08-12 13:10:05', null, '0');
INSERT INTO `gen_table_column` VALUES ('804bba705d6049a1a60ca9b8a5ba223b', '550168193d7f4b338c080e3c7eee5013', 'contact', 'id', 'varchar(64)', 'String', 'contact', '0', '0', '1', '1', '0', '0', '=', 'input', '', null, '50', '1', '2018-10-30 13:05:01', '1', '2018-10-30 13:11:31', null, '0');
INSERT INTO `gen_table_column` VALUES ('8246f7d509fd4a40b5e647ad023b021c', '01318344563e4d0c8239512fc2daf2ac', 'tuidian3', '315%', 'int(11)', 'Integer', 'tuidian3', '0', '0', '1', '1', '0', '0', '=', 'input', '', null, '290', '1', '2018-11-01 14:15:27', '1', '2018-11-01 14:15:27', null, '0');
INSERT INTO `gen_table_column` VALUES ('827994b85d4f4bed91c5c7d92cfbb937', 'd70cc27c56684af59d9f21d04664cd24', 'login_name', '', 'varchar(100)', 'String', 'loginName', '0', '0', '1', '1', '0', '0', '=', 'input', '', null, '20', '1', '2018-11-01 10:23:30', '1', '2018-11-01 10:23:30', null, '0');
INSERT INTO `gen_table_column` VALUES ('83612581de80477b9a55595fda85ef4a', '821648a7275740d380c1c1225e260d28', 'take_name', '', 'varchar(100)', 'String', 'takeName', '0', '0', '1', '1', '1', '0', '=', 'input', '', null, '50', '1', '2018-11-20 11:16:24', '1', '2018-11-20 11:17:38', null, '0');
INSERT INTO `gen_table_column` VALUES ('83c49072a59f49f3a62de9d75d4a8630', '821648a7275740d380c1c1225e260d28', 'goods_count', '', 'int(11)', 'String', 'goodsCount', '0', '1', '1', '1', '0', '0', '=', 'input', '', null, '100', '1', '2018-11-20 11:16:25', '1', '2018-11-20 11:17:38', null, '0');
INSERT INTO `gen_table_column` VALUES ('84bbb1941fe7441787b0690d1b82037d', '2f8310e44df3443eaf1974af3dab66b3', 'update_date', '', 'datetime', 'java.util.Date', 'updateDate', '0', '0', '1', '1', '1', '0', '=', 'dateselect', '', null, '160', '1', '2018-11-14 09:27:40', '1', '2018-11-14 09:27:40', null, '0');
INSERT INTO `gen_table_column` VALUES ('84c2a70c457649f095f9f67e6b7f30f3', '812ee2c626544662b37fc0fa1b91a556', 'login_name', '', 'varchar(100)', 'String', 'loginName', '0', '0', '1', '1', '0', '0', '=', 'input', '', null, '20', '1', '2018-11-06 09:49:39', '1', '2018-11-06 09:49:39', null, '0');
INSERT INTO `gen_table_column` VALUES ('860ffe109e5a4799a066578e04c209a6', '01318344563e4d0c8239512fc2daf2ac', 'tuidian0', '0', 'int(11)', 'Integer', 'tuidian0', '0', '0', '1', '1', '0', '0', '=', 'input', '', null, '260', '1', '2018-11-01 14:15:27', '1', '2018-11-01 14:15:27', null, '0');
INSERT INTO `gen_table_column` VALUES ('8920f855a7ab4edb9112503e4ea6ec95', '812ee2c626544662b37fc0fa1b91a556', 'amount', '', 'decimal(12,2)', 'String', 'amount', '0', '1', '1', '1', '0', '0', '=', 'input', '', null, '60', '1', '2018-11-06 09:49:39', '1', '2018-11-06 09:49:39', null, '0');
INSERT INTO `gen_table_column` VALUES ('89659153b7b54546918ee66fb77f4140', '2f8310e44df3443eaf1974af3dab66b3', 'new_bonus', '', 'decimal(12,2)', 'String', 'newBonus', '0', '0', '1', '1', '1', '0', '=', 'input', '', null, '50', '1', '2018-11-14 09:27:40', '1', '2018-11-14 09:27:40', null, '0');
INSERT INTO `gen_table_column` VALUES ('89f5406c7cbb480491f2bb6f1c0fb69d', '01318344563e4d0c8239512fc2daf2ac', 'pv1', '11000', 'int(11)', 'Integer', 'pv1', '0', '0', '1', '1', '0', '0', '=', 'input', '', null, '70', '1', '2018-11-01 14:15:27', '1', '2018-11-01 14:15:27', null, '0');
INSERT INTO `gen_table_column` VALUES ('8b04089fc9a94e818696371ec1367cac', '821648a7275740d380c1c1225e260d28', 'id', '', 'varchar(64)', 'String', 'id', '1', '0', '1', '0', '0', '0', '=', 'input', '', null, '10', '1', '2018-11-20 11:16:24', '1', '2018-11-20 11:17:38', null, '0');
INSERT INTO `gen_table_column` VALUES ('8b48774cfe184913b8b5eb17639cf12d', '43d6d5acffa14c258340ce6765e46c6f', 'create_by', '', 'varchar2(64)', 'com.thinkgem.jeesite.modules.modules.sys.entity.User', 'createBy.id', '0', '0', '1', '0', '0', '0', '=', 'input', null, null, '8', '1', '2013-08-12 13:10:05', '1', '2013-08-12 13:10:05', null, '0');
INSERT INTO `gen_table_column` VALUES ('8b7cf0525519474ebe1de9e587eb7067', '6e05c389f3c6415ea34e55e9dfb28934', 'create_date', '', 'timestamp(6)', 'java.util.Date', 'createDate', '0', '0', '1', '0', '0', '0', '=', 'dateselect', null, null, '5', '1', '2013-08-12 13:10:05', '1', '2013-08-12 13:10:05', null, '0');
INSERT INTO `gen_table_column` VALUES ('8b9de88df53e485d8ef461c4b1824bc1', '43d6d5acffa14c258340ce6765e46c6f', 'user_id', '', 'varchar2(64)', 'com.thinkgem.jeesite.modules.modules.sys.entity.User', 'user.id|name', '0', '1', '1', '1', '1', '1', '=', 'userselect', null, null, '2', '1', '2013-08-12 13:10:05', '1', '2013-08-12 13:10:05', null, '0');
INSERT INTO `gen_table_column` VALUES ('8da38dbe5fe54e9bb1f9682c27fbf403', 'aef6f1fc948f4c9ab1c1b780bc471cc2', 'remarks', '', 'nvarchar2(255)', 'String', 'remarks', '0', '1', '1', '1', '1', '0', '=', 'textarea', null, null, '12', '1', '2013-08-12 13:10:05', '1', '2013-08-12 13:10:05', null, '0');
INSERT INTO `gen_table_column` VALUES ('8f6e9860b69a4969b0863fd97be7e782', '09261d6598f94b7db466b7a32e2e541a', 'name', '', 'varchar(100)', 'String', 'name', '0', '0', '1', '0', '1', '1', 'like', 'input', '', null, '30', '1', '2018-11-05 15:48:17', '1', '2018-11-05 15:48:17', null, '0');
INSERT INTO `gen_table_column` VALUES ('8f9492c78d3749b3b53f99a6a5a62ed0', 'b7e163f1c6b44952804ea7de6ed6bc8b', 'apv_total', 'A', 'decimal(12,2)', 'String', 'apvTotal', '0', '1', '1', '1', '0', '0', '=', 'input', '', null, '30', '1', '2018-11-01 10:23:06', '1', '2018-11-01 10:23:06', null, '0');
INSERT INTO `gen_table_column` VALUES ('8fc360677ac94a31b549e5d5db8ccf3c', '821648a7275740d380c1c1225e260d28', 'login_name', '/', 'varchar(100)', 'String', 'loginName', '0', '0', '1', '1', '1', '0', '=', 'input', '', null, '40', '1', '2018-11-20 11:16:24', '1', '2018-11-20 11:17:38', null, '0');
INSERT INTO `gen_table_column` VALUES ('8fdb1fc7d87e4e4d97e96481c2eadd37', '01318344563e4d0c8239512fc2daf2ac', 'create_by', '', 'varchar(64)', 'com.thinkgem.jeesite.modules.sys.entity.User', 'createBy.id', '0', '0', '1', '0', '0', '0', '=', 'input', '', null, '340', '1', '2018-11-01 14:15:27', '1', '2018-11-01 14:15:27', null, '0');
INSERT INTO `gen_table_column` VALUES ('917594730d614d7eadcf3c506f8cd6a0', '01318344563e4d0c8239512fc2daf2ac', 'create_date', '', 'datetime', 'java.util.Date', 'createDate', '0', '0', '1', '0', '0', '0', '=', 'dateselect', '', null, '350', '1', '2018-11-01 14:15:27', '1', '2018-11-01 14:15:27', null, '0');
INSERT INTO `gen_table_column` VALUES ('92481c16a0b94b0e8bba16c3c54eb1e4', 'f6e4dafaa72f4c509636484715f33a96', 'create_date', '', 'timestamp(6)', 'java.util.Date', 'createDate', '0', '0', '1', '0', '0', '0', '=', 'dateselect', null, null, '7', '1', '2013-08-12 13:10:05', '1', '2013-08-12 13:10:05', null, '0');
INSERT INTO `gen_table_column` VALUES ('939bc2056d5e45b88c5162659b35718e', '550168193d7f4b338c080e3c7eee5013', 'userid', 'id', 'varchar(64)', 'String', 'userid', '0', '0', '1', '1', '0', '0', '=', 'input', '', null, '20', '1', '2018-10-30 13:05:01', '1', '2018-10-30 13:11:31', null, '0');
INSERT INTO `gen_table_column` VALUES ('941db9d196cb41eba98f46ad6dbb15d6', '41b774ab6009483a833781ab54ebf3d0', 'image', '', 'varchar(1000)', 'String', 'image', '0', '1', '1', '1', '0', '0', '=', 'input', '', null, '70', '2', '2018-11-07 15:12:09', '2', '2018-11-07 15:12:09', null, '0');
INSERT INTO `gen_table_column` VALUES ('943efb8d282c487ba07c46bd44032afe', '41b774ab6009483a833781ab54ebf3d0', 'goods_type', '', 'varchar(2)', 'String', 'goodsType', '0', '0', '1', '1', '0', '0', '=', 'select', '', null, '30', '2', '2018-11-07 15:12:09', '2', '2018-11-07 15:12:09', null, '0');
INSERT INTO `gen_table_column` VALUES ('954f384c328843b69082e10d24be5da8', '821648a7275740d380c1c1225e260d28', 'order_id', '', 'varchar(100)', 'String', 'orderId', '0', '0', '1', '1', '1', '1', '=', 'input', '', null, '20', '1', '2018-11-20 11:16:24', '1', '2018-11-20 11:17:38', null, '0');
INSERT INTO `gen_table_column` VALUES ('95c1e5e5fd16479bb88a9de8bdf32b82', '812ee2c626544662b37fc0fa1b91a556', 'del_flag', '', 'char(1)', 'String', 'delFlag', '0', '0', '1', '0', '0', '0', '=', 'radiobox', 'del_flag', null, '140', '1', '2018-11-06 09:49:39', '1', '2018-11-06 09:49:39', null, '0');
INSERT INTO `gen_table_column` VALUES ('965506de527f43dea8140137bcfd5681', '01318344563e4d0c8239512fc2daf2ac', 'zhitui3', '312%', 'int(11)', 'Integer', 'zhitui3', '0', '0', '1', '1', '0', '0', '=', 'input', '', null, '170', '1', '2018-11-01 14:15:27', '1', '2018-11-01 14:15:27', null, '0');
INSERT INTO `gen_table_column` VALUES ('9675b12004854120bd0cb0e446e1b59b', 'b7e163f1c6b44952804ea7de6ed6bc8b', 'bpv_total', 'B', 'decimal(12,2)', 'String', 'bpvTotal', '0', '1', '1', '1', '0', '0', '=', 'input', '', null, '40', '1', '2018-11-01 10:23:06', '1', '2018-11-01 10:23:06', null, '0');
INSERT INTO `gen_table_column` VALUES ('99944525e7174e549584d6fe7093df8f', '2f8310e44df3443eaf1974af3dab66b3', 'new_members', '', 'int(11)', 'String', 'newMembers', '0', '1', '1', '1', '1', '0', '=', 'input', '', null, '30', '1', '2018-11-14 09:27:40', '1', '2018-11-14 09:27:40', null, '0');
INSERT INTO `gen_table_column` VALUES ('9a012c1d2f934dbf996679adb7cc827a', 'f6e4dafaa72f4c509636484715f33a96', 'parent_id', '', 'varchar2(64)', 'This', 'parent.id|name', '0', '0', '1', '1', '0', '0', '=', 'treeselect', null, null, '2', '1', '2013-08-12 13:10:05', '1', '2013-08-12 13:10:05', null, '0');
INSERT INTO `gen_table_column` VALUES ('9cc3a3c364b141dbae64ce6d13e57031', '821648a7275740d380c1c1225e260d28', 'ext1', '1', 'varchar(200)', 'String', 'ext1', '0', '1', '1', '1', '0', '0', '=', 'input', '', null, '160', '1', '2018-11-20 11:16:25', '1', '2018-11-20 11:17:38', null, '0');
INSERT INTO `gen_table_column` VALUES ('9e1393313cec47b2b8608e84fdeb73a7', '2f8310e44df3443eaf1974af3dab66b3', 'ext1', '1', 'varchar(200)', 'String', 'ext1', '0', '1', '1', '1', '0', '0', '=', 'input', '', null, '110', '1', '2018-11-14 09:27:40', '1', '2018-11-14 09:27:40', null, '0');
INSERT INTO `gen_table_column` VALUES ('9f862e3596584f16a2a93756ea6be843', '550168193d7f4b338c080e3c7eee5013', 'remarks', '', 'varchar(255)', 'String', 'remarks', '0', '1', '1', '1', '1', '0', '=', 'textarea', '', null, '160', '1', '2018-10-30 13:05:01', '1', '2018-10-30 13:11:31', null, '0');
INSERT INTO `gen_table_column` VALUES ('a044c9b901934751977b9119d0dc0c3b', 'd70cc27c56684af59d9f21d04664cd24', 'remarks', '', 'varchar(255)', 'String', 'remarks', '0', '1', '1', '1', '1', '0', '=', 'textarea', '', null, '140', '1', '2018-11-01 10:23:30', '1', '2018-11-01 10:23:30', null, '0');
INSERT INTO `gen_table_column` VALUES ('a3a059284b79481a870ee7ff47ed74d4', '09261d6598f94b7db466b7a32e2e541a', 'reate_by', '', 'varchar(64)', 'String', 'reateBy', '0', '0', '1', '0', '0', '0', '=', 'input', '', null, '70', '1', '2018-11-05 15:48:17', '1', '2018-11-05 15:48:17', null, '0');
INSERT INTO `gen_table_column` VALUES ('a3b9f05614ff4948b8d02ccd5044e358', '2f8310e44df3443eaf1974af3dab66b3', 'remarks', '', 'varchar(255)', 'String', 'remarks', '0', '1', '1', '1', '1', '0', '=', 'textarea', '', null, '170', '1', '2018-11-14 09:27:40', '1', '2018-11-14 09:27:40', null, '0');
INSERT INTO `gen_table_column` VALUES ('a504af8afdf24d2698109b9add7e88ae', 'd70cc27c56684af59d9f21d04664cd24', 'hezuo', '', 'decimal(12,2)', 'String', 'hezuo', '0', '1', '1', '1', '0', '0', '=', 'input', '', null, '40', '1', '2018-11-01 10:23:30', '1', '2018-11-01 10:23:30', null, '0');
INSERT INTO `gen_table_column` VALUES ('a579479f77d84db19b6f004e0441fc40', '01318344563e4d0c8239512fc2daf2ac', 'hezuo1', '114%', 'int(11)', 'Integer', 'hezuo1', '0', '0', '1', '1', '0', '0', '=', 'input', '', null, '190', '1', '2018-11-01 14:15:27', '1', '2018-11-01 14:15:27', null, '0');
INSERT INTO `gen_table_column` VALUES ('a5cced9b3be4440d910c111ad5c23059', '2f8310e44df3443eaf1974af3dab66b3', 'all_bobi', '', 'decimal(12,2)', 'String', 'allBobi', '0', '0', '1', '1', '1', '0', '=', 'input', '', null, '100', '1', '2018-11-14 09:27:40', '1', '2018-11-14 09:27:40', null, '0');
INSERT INTO `gen_table_column` VALUES ('a652845378604207ad7c65a9350e0e81', '821648a7275740d380c1c1225e260d28', 'take_address', '', 'varchar(1000)', 'String', 'takeAddress', '0', '0', '1', '1', '0', '0', '=', 'input', '', null, '60', '1', '2018-11-20 11:16:24', '1', '2018-11-20 11:17:38', null, '0');
INSERT INTO `gen_table_column` VALUES ('a7057bfa3fcd49fd8a5d35ee067add66', '01318344563e4d0c8239512fc2daf2ac', 'update_by', '', 'varchar(64)', 'com.thinkgem.jeesite.modules.sys.entity.User', 'updateBy.id', '0', '0', '1', '1', '0', '0', '=', 'input', '', null, '360', '1', '2018-11-01 14:15:27', '1', '2018-11-01 14:15:27', null, '0');
INSERT INTO `gen_table_column` VALUES ('a7397e94ec7247559883b4f59a76bbb2', '812ee2c626544662b37fc0fa1b91a556', 'name', '', 'varchar(100)', 'String', 'name', '0', '0', '1', '1', '1', '1', 'like', 'input', '', null, '30', '1', '2018-11-06 09:49:39', '1', '2018-11-06 09:49:39', null, '0');
INSERT INTO `gen_table_column` VALUES ('aabceab0e0e6459fa54443253d4a2a75', '550168193d7f4b338c080e3c7eee5013', 'bankname', '', 'varchar(50)', 'String', 'bankname', '0', '0', '1', '1', '0', '0', '=', 'input', '', null, '100', '1', '2018-10-30 13:05:01', '1', '2018-10-30 13:11:31', null, '0');
INSERT INTO `gen_table_column` VALUES ('aade1f0275a14c9b8da40d87891efd68', 'd70cc27c56684af59d9f21d04664cd24', 'create_date', '', 'datetime', 'java.util.Date', 'createDate', '0', '0', '1', '0', '0', '0', '=', 'dateselect', '', null, '110', '1', '2018-11-01 10:23:30', '1', '2018-11-01 10:23:30', null, '0');
INSERT INTO `gen_table_column` VALUES ('ac3a660c31c04086a809beb3f7e47450', 'b7e163f1c6b44952804ea7de6ed6bc8b', 'id', '', 'varchar(64)', 'String', 'id', '1', '0', '1', '0', '0', '0', '=', 'input', '', null, '10', '1', '2018-11-01 10:23:06', '1', '2018-11-01 10:23:06', null, '0');
INSERT INTO `gen_table_column` VALUES ('ac4d6d1783fe49d09087caf178dc151d', 'd70cc27c56684af59d9f21d04664cd24', 'id', '', 'varchar(64)', 'String', 'id', '1', '0', '1', '0', '0', '0', '=', 'input', '', null, '10', '1', '2018-11-01 10:23:30', '1', '2018-11-01 10:23:30', null, '0');
INSERT INTO `gen_table_column` VALUES ('ad3bf0d4b44b4528a5211a66af88f322', 'aef6f1fc948f4c9ab1c1b780bc471cc2', 'office_id', '', 'varchar2(64)', 'com.thinkgem.jeesite.modules.modules.sys.entity.Office', 'office.id|name', '0', '1', '1', '1', '1', '1', '=', 'officeselect', null, null, '3', '1', '2013-08-12 13:10:05', '1', '2013-08-12 13:10:05', null, '0');
INSERT INTO `gen_table_column` VALUES ('ad42d39e9803409f99217ee2a881741c', '01318344563e4d0c8239512fc2daf2ac', 'guanli2', '210%', 'int(11)', 'String', 'guanli2', '0', '0', '1', '1', '0', '0', '=', 'input', '', null, '240', '1', '2018-11-01 14:15:27', '1', '2018-11-01 14:15:27', null, '0');
INSERT INTO `gen_table_column` VALUES ('af332675f25549b88bc2a75e68d7ee8c', '821648a7275740d380c1c1225e260d28', 'create_by', '', 'varchar(64)', 'com.thinkgem.jeesite.modules.sys.entity.User', 'createBy.id', '0', '0', '1', '0', '0', '0', '=', 'input', '', null, '180', '1', '2018-11-20 11:16:25', '1', '2018-11-20 11:17:38', null, '0');
INSERT INTO `gen_table_column` VALUES ('af63175b52cd498cb20cdb4f9bbf627e', '821648a7275740d380c1c1225e260d28', 'create_date', '', 'datetime', 'java.util.Date', 'createDate', '0', '0', '1', '0', '0', '0', '=', 'dateselect', '', null, '190', '1', '2018-11-20 11:16:25', '1', '2018-11-20 11:17:38', null, '0');
INSERT INTO `gen_table_column` VALUES ('afb3590a49d046a1b816a13584913126', '01318344563e4d0c8239512fc2daf2ac', 'jion0', '500', 'int(11)', 'Integer', 'jion0', '0', '0', '1', '1', '0', '0', '=', 'input', '', null, '100', '1', '2018-11-01 14:15:27', '1', '2018-11-01 14:15:27', null, '0');
INSERT INTO `gen_table_column` VALUES ('b189e77208ea4c13825542e0b67d2566', '01318344563e4d0c8239512fc2daf2ac', 'pv3', '36000', 'int(11)', 'Integer', 'pv3', '0', '0', '1', '1', '0', '0', '=', 'input', '', null, '90', '1', '2018-11-01 14:15:27', '1', '2018-11-01 14:15:27', null, '0');
INSERT INTO `gen_table_column` VALUES ('b3f241f719194ca097cfc8cb6b5171b8', '812ee2c626544662b37fc0fa1b91a556', 'amount_type', '', 'varchar(2)', 'String', 'amountType', '0', '1', '1', '1', '0', '0', '=', 'input', '', null, '70', '1', '2018-11-06 09:49:39', '1', '2018-11-06 09:49:39', null, '0');
INSERT INTO `gen_table_column` VALUES ('b4a00fd2e4c44057b6e6035ba5c4fe01', '812ee2c626544662b37fc0fa1b91a556', 'update_date', '', 'datetime', 'java.util.Date', 'updateDate', '0', '0', '1', '1', '1', '0', '=', 'dateselect', '', null, '120', '1', '2018-11-06 09:49:39', '1', '2018-11-06 09:49:39', null, '0');
INSERT INTO `gen_table_column` VALUES ('b4ab3ba94ac6425290dfb0e5d2523252', '812ee2c626544662b37fc0fa1b91a556', 'to_name', '', 'varchar(100)', 'String', 'toName', '0', '0', '1', '1', '0', '0', '=', 'input', '', null, '50', '1', '2018-11-06 09:49:39', '1', '2018-11-06 09:49:39', null, '0');
INSERT INTO `gen_table_column` VALUES ('b6ad21b602b1422aaccbaa9016193fb0', 'c4a49fcf9e84493f86991bab902d48b1', 'pvsheng', '', 'decimal(12,2)', 'String', 'pvsheng', '0', '1', '1', '1', '0', '0', '=', 'input', '', null, '60', '1', '2018-11-02 15:45:04', '1', '2018-11-02 15:45:04', null, '0');
INSERT INTO `gen_table_column` VALUES ('b6ef4a5718114554b7cd47995d52b105', '550168193d7f4b338c080e3c7eee5013', 'bankno', '', 'varchar(50)', 'String', 'bankno', '0', '0', '1', '1', '0', '0', '=', 'input', '', null, '90', '1', '2018-10-30 13:05:01', '1', '2018-10-30 13:11:31', null, '0');
INSERT INTO `gen_table_column` VALUES ('b89994a3756446d9bc3ec90af45e3c47', 'd70cc27c56684af59d9f21d04664cd24', 'baodan', '', 'decimal(12,2)', 'String', 'baodan', '0', '1', '1', '1', '0', '0', '=', 'input', '', null, '60', '1', '2018-11-01 10:23:30', '1', '2018-11-01 10:23:30', null, '0');
INSERT INTO `gen_table_column` VALUES ('b91353f29c2246899232d3f0b754a209', '01318344563e4d0c8239512fc2daf2ac', 'zhou3', '38000', 'int(11)', 'Integer', 'zhou3', '0', '0', '1', '1', '0', '0', '=', 'input', '', null, '330', '1', '2018-11-01 14:15:27', '1', '2018-11-01 14:15:27', null, '0');
INSERT INTO `gen_table_column` VALUES ('b99b9a847682484d977647d9f6004770', '821648a7275740d380c1c1225e260d28', 'take_phone', '', 'varchar(20)', 'String', 'takePhone', '0', '0', '1', '1', '0', '0', '=', 'input', '', null, '70', '1', '2018-11-20 11:16:25', '1', '2018-11-20 11:17:38', null, '0');
INSERT INTO `gen_table_column` VALUES ('ba5f2cb7043f4d43ab4a92d5c77252f0', '821648a7275740d380c1c1225e260d28', 'express_date', '', 'datetime', 'java.util.Date', 'expressDate', '0', '1', '1', '1', '0', '0', '=', 'dateselect', '', null, '150', '1', '2018-11-20 11:16:25', '1', '2018-11-20 11:17:38', null, '0');
INSERT INTO `gen_table_column` VALUES ('bad7836d1cca4d269946e19ec52fcb2c', 'b7e163f1c6b44952804ea7de6ed6bc8b', 'bpv', 'B', 'decimal(12,2)', 'String', 'bpv', '0', '1', '1', '1', '0', '0', '=', 'input', '', null, '60', '1', '2018-11-01 10:23:06', '1', '2018-11-01 10:23:06', null, '0');
INSERT INTO `gen_table_column` VALUES ('bb1256a8d1b741f6936d8fed06f45eed', 'f6e4dafaa72f4c509636484715f33a96', 'update_by', '', 'varchar2(64)', 'com.thinkgem.jeesite.modules.modules.sys.entity.User', 'updateBy.id', '0', '0', '1', '1', '0', '0', '=', 'input', null, null, '8', '1', '2013-08-12 13:10:05', '1', '2013-08-12 13:10:05', null, '0');
INSERT INTO `gen_table_column` VALUES ('bd23cff62216428698dd3127187becff', '01318344563e4d0c8239512fc2daf2ac', 'update_date', '', 'datetime', 'java.util.Date', 'updateDate', '0', '0', '1', '1', '1', '0', '=', 'dateselect', '', null, '370', '1', '2018-11-01 14:15:27', '1', '2018-11-01 14:15:27', null, '0');
INSERT INTO `gen_table_column` VALUES ('bd4d390d8498467b88af6a03a9fa730d', 'd70cc27c56684af59d9f21d04664cd24', 'zhitui', '', 'decimal(12,2)', 'String', 'zhitui', '0', '1', '1', '1', '0', '0', '=', 'input', '', null, '30', '1', '2018-11-01 10:23:30', '1', '2018-11-01 10:23:30', null, '0');
INSERT INTO `gen_table_column` VALUES ('bfd399fd9e134119ad39aabe7440d61c', '41b774ab6009483a833781ab54ebf3d0', 'create_date', '', 'datetime', 'java.util.Date', 'createDate', '0', '0', '1', '0', '0', '0', '=', 'dateselect', '', null, '140', '2', '2018-11-07 15:12:09', '2', '2018-11-07 15:12:09', null, '0');
INSERT INTO `gen_table_column` VALUES ('c3615533dfc2467aade8a823580aeeab', 'c4a49fcf9e84493f86991bab902d48b1', 'pvdues', '5%', 'decimal(12,2)', 'String', 'pvdues', '0', '1', '1', '1', '0', '0', '=', 'input', '', null, '70', '1', '2018-11-02 15:45:04', '1', '2018-11-02 15:45:04', null, '0');
INSERT INTO `gen_table_column` VALUES ('c4a5979548f34d46bcaecb34519000b9', '2f8310e44df3443eaf1974af3dab66b3', 'create_by', '', 'varchar(64)', 'com.thinkgem.jeesite.modules.sys.entity.User', 'createBy.id', '0', '0', '1', '0', '0', '0', '=', 'input', '', null, '130', '1', '2018-11-14 09:27:40', '1', '2018-11-14 09:27:40', null, '0');
INSERT INTO `gen_table_column` VALUES ('c5c97d776454478ca1a934b78402b075', 'c4a49fcf9e84493f86991bab902d48b1', 'pvtotal', '', 'decimal(12,2)', 'String', 'pvtotal', '0', '1', '1', '1', '0', '0', '=', 'input', '', null, '50', '1', '2018-11-02 15:45:04', '1', '2018-11-02 15:45:04', null, '0');
INSERT INTO `gen_table_column` VALUES ('c5e81d92761a47d9a4fc4afdf7f5e1ee', '09261d6598f94b7db466b7a32e2e541a', 'amount', '', 'decimal(12,2)', 'String', 'amount', '0', '1', '1', '1', '1', '0', '=', 'input', '', null, '40', '1', '2018-11-05 15:48:17', '1', '2018-11-05 15:48:17', null, '0');
INSERT INTO `gen_table_column` VALUES ('c72086494fb14ab293975d4d62537ce0', '2f8310e44df3443eaf1974af3dab66b3', 'all_bonus', '', 'decimal(12,2)', 'String', 'allBonus', '0', '0', '1', '1', '1', '0', '=', 'input', '', null, '60', '1', '2018-11-14 09:27:40', '1', '2018-11-14 09:27:40', null, '0');
INSERT INTO `gen_table_column` VALUES ('c824900c11444599b7c99279503715c0', '01318344563e4d0c8239512fc2daf2ac', 'pv0', '0', 'int(11)', 'Integer', 'pv0', '0', '0', '1', '1', '0', '0', '=', 'input', '', null, '60', '1', '2018-11-01 14:15:27', '1', '2018-11-01 14:15:27', null, '0');
INSERT INTO `gen_table_column` VALUES ('c8b7695606844d31bd1a29f1767b66ae', '01318344563e4d0c8239512fc2daf2ac', 'zhitui0', '0', 'int(11)', 'Integer', 'zhitui0', '0', '0', '1', '1', '0', '0', '=', 'input', '', null, '140', '1', '2018-11-01 14:15:27', '1', '2018-11-01 14:15:27', null, '0');
INSERT INTO `gen_table_column` VALUES ('c9768272bab14fb9be268c0099c136ba', '2f8310e44df3443eaf1974af3dab66b3', 'create_date', '', 'datetime', 'java.util.Date', 'createDate', '0', '0', '1', '0', '0', '0', '=', 'dateselect', '', null, '140', '1', '2018-11-14 09:27:40', '1', '2018-11-14 09:27:40', null, '0');
INSERT INTO `gen_table_column` VALUES ('ca2834e841074635bb2b061fab086269', '2f8310e44df3443eaf1974af3dab66b3', 'all_members', '', 'int(11)', 'String', 'allMembers', '0', '1', '1', '1', '1', '0', '=', 'input', '', null, '40', '1', '2018-11-14 09:27:40', '1', '2018-11-14 09:27:40', null, '0');
INSERT INTO `gen_table_column` VALUES ('ca68a2d403f0449cbaa1d54198c6f350', '43d6d5acffa14c258340ce6765e46c6f', 'office_id', '', 'varchar2(64)', 'com.thinkgem.jeesite.modules.modules.sys.entity.Office', 'office.id|name', '0', '1', '1', '1', '0', '0', '=', 'officeselect', null, null, '3', '1', '2013-08-12 13:10:05', '1', '2013-08-12 13:10:05', null, '0');
INSERT INTO `gen_table_column` VALUES ('ca76d19e234c4461afb0c702540e3843', '550168193d7f4b338c080e3c7eee5013', 'create_by', '', 'varchar(64)', 'com.thinkgem.jeesite.modules.sys.entity.User', 'createBy.id', '0', '0', '1', '0', '0', '0', '=', 'input', '', null, '120', '1', '2018-10-30 13:05:01', '1', '2018-10-30 13:11:31', null, '0');
INSERT INTO `gen_table_column` VALUES ('cb9c0ec3da26432d9cbac05ede0fd1d0', '43d6d5acffa14c258340ce6765e46c6f', 'remarks', '', 'nvarchar2(255)', 'String', 'remarks', '0', '1', '1', '1', '1', '0', '=', 'textarea', null, null, '12', '1', '2013-08-12 13:10:05', '1', '2013-08-12 13:10:05', null, '0');
INSERT INTO `gen_table_column` VALUES ('ccee2b052add4031b6f87fc06931bdc0', '01318344563e4d0c8239512fc2daf2ac', 'guanli1', '16%', 'int(11)', 'String', 'guanli1', '0', '0', '1', '1', '0', '0', '=', 'input', '', null, '230', '1', '2018-11-01 14:15:27', '1', '2018-11-01 14:15:27', null, '0');
INSERT INTO `gen_table_column` VALUES ('cdf998aaf167416e8f27ce2d91105638', 'c4a49fcf9e84493f86991bab902d48b1', 'note', '', 'varchar(200)', 'String', 'note', '0', '1', '1', '1', '0', '0', '=', 'input', '', null, '90', '1', '2018-11-02 15:45:04', '1', '2018-11-02 15:45:04', null, '0');
INSERT INTO `gen_table_column` VALUES ('ceb4c24ac6514abcb673865069bcbfcc', 'b7e163f1c6b44952804ea7de6ed6bc8b', 'del_flag', '', 'char(1)', 'String', 'delFlag', '0', '0', '1', '0', '0', '0', '=', 'radiobox', 'del_flag', null, '150', '1', '2018-11-01 10:23:07', '1', '2018-11-01 10:23:07', null, '0');
INSERT INTO `gen_table_column` VALUES ('cedccf5d4523424e90692da34484aad7', '01318344563e4d0c8239512fc2daf2ac', 'hezuo3', '318%', 'int(11)', 'Integer', 'hezuo3', '0', '0', '1', '1', '0', '0', '=', 'input', '', null, '210', '1', '2018-11-01 14:15:27', '1', '2018-11-01 14:15:27', null, '0');
INSERT INTO `gen_table_column` VALUES ('cfcfa06ea61749c9b4c4dbc507e0e580', 'f6e4dafaa72f4c509636484715f33a96', 'id', '', 'varchar2(64)', 'String', 'id', '1', '0', '1', '0', '0', '0', '=', 'input', null, null, '1', '1', '2013-08-12 13:10:05', '1', '2013-08-12 13:10:05', null, '0');
INSERT INTO `gen_table_column` VALUES ('d0b485d146924ed0be29bf4a067eb705', '01318344563e4d0c8239512fc2daf2ac', 'name2', '2', 'varchar(100)', 'String', 'name2', '0', '0', '1', '1', '0', '0', '=', 'input', '', null, '40', '1', '2018-11-01 14:15:27', '1', '2018-11-01 14:15:27', null, '0');
INSERT INTO `gen_table_column` VALUES ('d2fe08de04364e23810306aa863e58a3', '09261d6598f94b7db466b7a32e2e541a', 'create_date', '', 'datetime', 'java.util.Date', 'createDate', '0', '0', '1', '0', '0', '0', '=', 'dateselect', '', null, '80', '1', '2018-11-05 15:48:17', '1', '2018-11-05 15:48:17', null, '0');
INSERT INTO `gen_table_column` VALUES ('d5c2d932ae904aa8a9f9ef34cd36fb0b', '43d6d5acffa14c258340ce6765e46c6f', 'sex', '', 'char(1)', 'String', 'sex', '0', '1', '1', '1', '0', '1', '=', 'select', 'sex', null, '6', '1', '2013-08-12 13:10:05', '1', '2013-08-12 13:10:05', null, '0');
INSERT INTO `gen_table_column` VALUES ('d5c642057be64a3c9a4063737ea0829a', 'c4a49fcf9e84493f86991bab902d48b1', 'update_date', '', 'datetime', 'java.util.Date', 'updateDate', '0', '0', '1', '1', '1', '0', '=', 'dateselect', '', null, '130', '1', '2018-11-02 15:45:04', '1', '2018-11-02 15:45:04', null, '0');
INSERT INTO `gen_table_column` VALUES ('d967132ca87949739acf416f135d28a7', '550168193d7f4b338c080e3c7eee5013', 'address', '', 'varchar(500)', 'String', 'address', '0', '1', '1', '1', '0', '0', '=', 'input', '', null, '190', '1', '2018-10-30 13:05:01', '1', '2018-10-30 13:11:31', null, '0');
INSERT INTO `gen_table_column` VALUES ('d9d89aa6148d429c8898440a2bce1514', 'd70cc27c56684af59d9f21d04664cd24', 'guanli', '', 'decimal(12,2)', 'String', 'guanli', '0', '1', '1', '1', '0', '0', '=', 'input', '', null, '50', '1', '2018-11-01 10:23:30', '1', '2018-11-01 10:23:30', null, '0');
INSERT INTO `gen_table_column` VALUES ('da5625ec664649d89dc496e53d6b932e', 'c4a49fcf9e84493f86991bab902d48b1', 'create_date', '', 'datetime', 'java.util.Date', 'createDate', '0', '0', '1', '0', '0', '0', '=', 'dateselect', '', null, '110', '1', '2018-11-02 15:45:04', '1', '2018-11-02 15:45:04', null, '0');
INSERT INTO `gen_table_column` VALUES ('dcb86a86a6c046c78593227059e1029d', '01318344563e4d0c8239512fc2daf2ac', 'remarks', '', 'varchar(255)', 'String', 'remarks', '0', '1', '1', '1', '1', '0', '=', 'textarea', '', null, '380', '1', '2018-11-01 14:15:27', '1', '2018-11-01 14:15:27', null, '0');
INSERT INTO `gen_table_column` VALUES ('dd7009738edd4328b75a3acdeeeb7f93', '812ee2c626544662b37fc0fa1b91a556', 'update_by', '', 'varchar(64)', 'com.thinkgem.jeesite.modules.sys.entity.User', 'updateBy.id', '0', '0', '1', '1', '0', '0', '=', 'input', '', null, '110', '1', '2018-11-06 09:49:39', '1', '2018-11-06 09:49:39', null, '0');
INSERT INTO `gen_table_column` VALUES ('de8984a89ec141f89753e14d4f10b711', '550168193d7f4b338c080e3c7eee5013', 'create_date', '', 'datetime', 'java.util.Date', 'createDate', '0', '0', '1', '0', '0', '0', '=', 'dateselect', '', null, '130', '1', '2018-10-30 13:05:01', '1', '2018-10-30 13:11:31', null, '0');
INSERT INTO `gen_table_column` VALUES ('e299c942d13b4be7b3708c69f45af52c', 'd70cc27c56684af59d9f21d04664cd24', 'update_by', '', 'varchar(64)', 'com.thinkgem.jeesite.modules.sys.entity.User', 'updateBy.id', '0', '0', '1', '1', '0', '0', '=', 'input', '', null, '120', '1', '2018-11-01 10:23:30', '1', '2018-11-01 10:23:30', null, '0');
INSERT INTO `gen_table_column` VALUES ('e64050a2ebf041faa16f12dda5dcf784', '6e05c389f3c6415ea34e55e9dfb28934', 'name', '', 'nvarchar2(100)', 'String', 'name', '0', '1', '1', '1', '1', '1', 'like', 'input', null, null, '3', '1', '2013-08-12 13:10:05', '1', '2013-08-12 13:10:05', null, '0');
INSERT INTO `gen_table_column` VALUES ('e6614b3ce6ad40b2b6e4c3b68aed29b7', '01318344563e4d0c8239512fc2daf2ac', 'guanli0', '0', 'int(11)', 'Integer', 'guanli0', '0', '0', '1', '1', '0', '0', '=', 'input', '', null, '220', '1', '2018-11-01 14:15:27', '1', '2018-11-01 14:15:27', null, '0');
INSERT INTO `gen_table_column` VALUES ('e69cd5b7857643ec9914da7a2e33e841', '01318344563e4d0c8239512fc2daf2ac', 'tuidian2', '215%', 'int(11)', 'Integer', 'tuidian2', '0', '0', '1', '1', '0', '0', '=', 'input', '', null, '280', '1', '2018-11-01 14:15:27', '1', '2018-11-01 14:15:27', null, '0');
INSERT INTO `gen_table_column` VALUES ('e8374b1c7064431d99a351122909e265', '09261d6598f94b7db466b7a32e2e541a', 'id', '', 'varchar(64)', 'String', 'id', '1', '0', '1', '0', '0', '0', '=', 'input', '', null, '10', '1', '2018-11-05 15:48:17', '1', '2018-11-05 15:48:17', null, '0');
INSERT INTO `gen_table_column` VALUES ('e8d11127952d4aa288bb3901fc83127f', '43d6d5acffa14c258340ce6765e46c6f', 'del_flag', '01', 'char(1)', 'String', 'delFlag', '0', '0', '1', '0', '0', '0', '=', 'radiobox', 'del_flag', null, '13', '1', '2013-08-12 13:10:05', '1', '2013-08-12 13:10:05', null, '0');
INSERT INTO `gen_table_column` VALUES ('e946f42b761d4fbca271c5dc57bce40f', '01318344563e4d0c8239512fc2daf2ac', 'pv2', '23000', 'int(11)', 'Integer', 'pv2', '0', '0', '1', '1', '0', '0', '=', 'input', '', null, '80', '1', '2018-11-01 14:15:27', '1', '2018-11-01 14:15:27', null, '0');
INSERT INTO `gen_table_column` VALUES ('e9c69a24df8c498fb5194c410526d153', 'b7e163f1c6b44952804ea7de6ed6bc8b', 'update_by', '', 'varchar(64)', 'com.thinkgem.jeesite.modules.sys.entity.User', 'updateBy.id', '0', '0', '1', '1', '0', '0', '=', 'input', '', null, '120', '1', '2018-11-01 10:23:07', '1', '2018-11-01 10:23:07', null, '0');
INSERT INTO `gen_table_column` VALUES ('eb2e5afd13f147a990d30e68e7f64e12', 'aef6f1fc948f4c9ab1c1b780bc471cc2', 'update_date', '', 'timestamp(6)', 'java.util.Date', 'updateDate', '0', '0', '1', '1', '1', '0', '=', 'dateselect', null, null, '11', '1', '2013-08-12 13:10:05', '1', '2013-08-12 13:10:05', null, '0');
INSERT INTO `gen_table_column` VALUES ('ee3ecaaf7a9a4ee9bce1a652726aaf67', '550168193d7f4b338c080e3c7eee5013', 'area', 'A/B', 'varchar(5)', 'String', 'area', '0', '0', '1', '1', '0', '0', '=', 'input', '', null, '60', '1', '2018-10-30 13:05:01', '1', '2018-10-30 13:11:31', null, '0');
INSERT INTO `gen_table_column` VALUES ('ee6d35c4407a4255947d0cbaaa68f70a', 'c4a49fcf9e84493f86991bab902d48b1', 'from_name', '', 'varchar(100)', 'String', 'fromName', '0', '0', '1', '1', '0', '0', '=', 'input', '', null, '30', '1', '2018-11-02 15:45:04', '1', '2018-11-02 15:45:04', null, '0');
INSERT INTO `gen_table_column` VALUES ('eec084d64d954888a9f2cb45a2c25e44', '41b774ab6009483a833781ab54ebf3d0', 'goods_desc', '', 'varchar(5000)', 'String', 'goodsDesc', '0', '1', '1', '1', '0', '0', '=', 'textarea', '', null, '80', '2', '2018-11-07 15:12:09', '2', '2018-11-07 15:12:09', null, '0');
INSERT INTO `gen_table_column` VALUES ('eed555a11b7c4cf89b3823e1944023b6', '01318344563e4d0c8239512fc2daf2ac', 'guanli3', '312%', 'int(11)', 'Integer', 'guanli3', '0', '0', '1', '1', '0', '0', '=', 'input', '', null, '250', '1', '2018-11-01 14:15:27', '1', '2018-11-01 14:15:27', null, '0');
INSERT INTO `gen_table_column` VALUES ('ef115e5ff5ed47a0abda14bbf666a213', '41b774ab6009483a833781ab54ebf3d0', 'update_date', '', 'datetime', 'java.util.Date', 'updateDate', '0', '0', '1', '1', '1', '0', '=', 'dateselect', '', null, '160', '2', '2018-11-07 15:12:09', '2', '2018-11-07 15:12:09', null, '0');
INSERT INTO `gen_table_column` VALUES ('f1608eccd851457bb00cd4f92bfb1ebd', '41b774ab6009483a833781ab54ebf3d0', 'price', '', 'decimal(12,2)', 'String', 'price', '0', '0', '1', '1', '0', '0', '=', 'input', '', null, '40', '2', '2018-11-07 15:12:09', '2', '2018-11-07 15:12:09', null, '0');
INSERT INTO `gen_table_column` VALUES ('f1bede8ae99c413a8e31ff60e5c8f16e', '550168193d7f4b338c080e3c7eee5013', 'store', '/id', 'varchar(64)', 'String', 'store', '0', '0', '1', '1', '0', '0', '=', 'input', '', null, '30', '1', '2018-10-30 13:05:01', '1', '2018-10-30 13:11:31', null, '0');
INSERT INTO `gen_table_column` VALUES ('f356a79d74904c5686035f3c0d51a1d7', 'b7e163f1c6b44952804ea7de6ed6bc8b', 'update_date', '', 'datetime', 'java.util.Date', 'updateDate', '0', '0', '1', '1', '1', '0', '=', 'dateselect', '', null, '130', '1', '2018-11-01 10:23:07', '1', '2018-11-01 10:23:07', null, '0');
INSERT INTO `gen_table_column` VALUES ('f3b56057e08949d7919e5a5d314bc08f', '09261d6598f94b7db466b7a32e2e541a', 'remarks', '', 'varchar(255)', 'String', 'remarks', '0', '1', '1', '0', '1', '0', '=', 'textarea', '', null, '110', '1', '2018-11-05 15:48:17', '1', '2018-11-05 15:48:17', null, '0');
INSERT INTO `gen_table_column` VALUES ('f423c45e89a941789a4491976e5ed721', '550168193d7f4b338c080e3c7eee5013', 'update_by', '', 'varchar(64)', 'com.thinkgem.jeesite.modules.sys.entity.User', 'updateBy.id', '0', '0', '1', '1', '0', '0', '=', 'input', '', null, '140', '1', '2018-10-30 13:05:01', '1', '2018-10-30 13:11:31', null, '0');
INSERT INTO `gen_table_column` VALUES ('f5ed8c82bad0413fbfcccefa95931358', 'f6e4dafaa72f4c509636484715f33a96', 'remarks', '', 'nvarchar2(255)', 'String', 'remarks', '0', '1', '1', '1', '1', '0', '=', 'textarea', null, null, '10', '1', '2013-08-12 13:10:05', '1', '2013-08-12 13:10:05', null, '0');
INSERT INTO `gen_table_column` VALUES ('f6ff9dc25774401fab20ccbd06809054', '2f8310e44df3443eaf1974af3dab66b3', 'ext2', '2', 'varchar(200)', 'String', 'ext2', '0', '1', '1', '1', '0', '0', '=', 'input', '', null, '120', '1', '2018-11-14 09:27:40', '1', '2018-11-14 09:27:40', null, '0');
INSERT INTO `gen_table_column` VALUES ('f70e35b92f85423fbc728ced0690233a', 'b7e163f1c6b44952804ea7de6ed6bc8b', 'bonus_current', '', 'decimal(12,2)', 'String', 'bonusCurrent', '0', '1', '1', '1', '0', '0', '=', 'input', '', null, '80', '1', '2018-11-01 10:23:06', '1', '2018-11-01 10:23:06', null, '0');
INSERT INTO `gen_table_column` VALUES ('f98bbee2b75942e6bb34922a88e68e96', '812ee2c626544662b37fc0fa1b91a556', 'remarks', '', 'varchar(255)', 'String', 'remarks', '0', '1', '1', '1', '1', '0', '=', 'textarea', '', null, '130', '1', '2018-11-06 09:49:39', '1', '2018-11-06 09:49:39', null, '0');
INSERT INTO `gen_table_column` VALUES ('fadbfa173e0d41a6b684af1553314d9d', '01318344563e4d0c8239512fc2daf2ac', 'name3', '3', 'varchar(100)', 'String', 'name3', '0', '0', '1', '1', '0', '0', '=', 'input', '', null, '50', '1', '2018-11-01 14:15:27', '1', '2018-11-01 14:15:27', null, '0');
INSERT INTO `gen_table_column` VALUES ('fcdfdef0a8fd40b7b626ccfa57f809e3', '09261d6598f94b7db466b7a32e2e541a', 'login_name', '', 'varchar(100)', 'String', 'loginName', '0', '0', '1', '0', '1', '0', '=', 'input', '', null, '20', '1', '2018-11-05 15:48:17', '1', '2018-11-05 15:48:17', null, '0');
INSERT INTO `gen_table_column` VALUES ('fd5f92b1a737430e9c04fde7b2fe112e', '821648a7275740d380c1c1225e260d28', 'order_type', '', 'varchar(2)', 'String', 'orderType', '0', '1', '1', '1', '0', '0', '=', 'input', '', null, '110', '1', '2018-11-20 11:16:25', '1', '2018-11-20 11:17:38', null, '0');
INSERT INTO `gen_table_column` VALUES ('ffd41d7283c54ee58c28494001bb5b18', '550168193d7f4b338c080e3c7eee5013', 'isstore', '01', 'varchar(2)', 'String', 'isstore', '0', '0', '1', '1', '0', '0', '=', 'input', '', null, '210', '1', '2018-10-30 13:05:01', '1', '2018-10-30 13:11:31', null, '0');

-- ----------------------------
-- Table structure for gen_template
-- ----------------------------
DROP TABLE IF EXISTS `gen_template`;
CREATE TABLE `gen_template` (
  `id` varchar(64) NOT NULL COMMENT '',
  `name` varchar(200) DEFAULT NULL COMMENT '',
  `category` varchar(2000) DEFAULT NULL COMMENT '',
  `file_path` varchar(500) DEFAULT NULL COMMENT '',
  `file_name` varchar(200) DEFAULT NULL COMMENT '',
  `content` text COMMENT '',
  `create_by` varchar(64) DEFAULT NULL COMMENT '',
  `create_date` datetime DEFAULT NULL COMMENT '',
  `update_by` varchar(64) DEFAULT NULL COMMENT '',
  `update_date` datetime DEFAULT NULL COMMENT '',
  `remarks` varchar(255) DEFAULT NULL COMMENT '',
  `del_flag` char(1) NOT NULL DEFAULT '0' COMMENT '01',
  PRIMARY KEY (`id`),
  KEY `gen_template_del_falg` (`del_flag`)
) ENGINE=InnoDB DEFAULT CHARSET=utf8 COMMENT='';

-- ----------------------------
-- Records of gen_template
-- ----------------------------

-- ----------------------------
-- Table structure for goods
-- ----------------------------
DROP TABLE IF EXISTS `goods`;
CREATE TABLE `goods` (
  `id` varchar(64) NOT NULL COMMENT '',
  `goods_name` varchar(500) NOT NULL COMMENT '',
  `goods_type` varchar(2) NOT NULL COMMENT '',
  `price` decimal(12,2) NOT NULL COMMENT '',
  `vip_price` decimal(12,2) NOT NULL COMMENT '',
  `inventory` decimal(12,2) NOT NULL COMMENT '',
  `pv` decimal(12,2) DEFAULT '0.00' COMMENT '',
  `image` varchar(1000) DEFAULT NULL COMMENT '',
  `goods_desc` varchar(5000) DEFAULT NULL COMMENT '',
  `xh` int(11) DEFAULT NULL COMMENT '',
  `sale_num` int(11) DEFAULT NULL,
  `is_must` varchar(2) DEFAULT NULL COMMENT '',
  `ext1` varchar(200) DEFAULT NULL COMMENT '1',
  `ext2` varchar(200) DEFAULT NULL COMMENT '2',
  `create_by` varchar(64) NOT NULL COMMENT '',
  `create_date` datetime NOT NULL COMMENT '',
  `update_by` varchar(64) NOT NULL COMMENT '',
  `update_date` datetime NOT NULL COMMENT '',
  `remarks` varchar(255) DEFAULT NULL COMMENT '',
  `del_flag` char(1) NOT NULL DEFAULT '0' COMMENT '',
  `status` char(1) NOT NULL COMMENT '01',
  `publish_date` datetime DEFAULT NULL COMMENT '',
  PRIMARY KEY (`id`)
) ENGINE=InnoDB DEFAULT CHARSET=utf8 COMMENT='';

-- ----------------------------
-- Records of goods
-- ----------------------------
INSERT INTO `goods` VALUES ('036b08d823ca44f08b04aef70cbe3e1d', '002', '1', '100.00', '88.00', '100.00', '50.00', '/userfiles/1/images/image/2018/11/QQ%E6%88%AA%E5%9B%BE20180918145402.png', '123', '2', '151', '0', null, null, '1', '2018-11-08 09:57:46', 'ebd1849c55ac4277a491c01695a9a468', '2018-11-23 16:18:10', null, '0', '1', '2018-11-08 10:17:55');
INSERT INTO `goods` VALUES ('d02d72697514459bacddcc47eedb5674', '001', '1', '100.00', '80.00', '1000.00', '50.00', '/userfiles/1/images/image/2018/11/QQ%E6%88%AA%E5%9B%BE20180918145340.png', '1', '1', '173', '1', null, null, '1', '2018-11-07 16:12:53', 'ebd1849c55ac4277a491c01695a9a468', '2018-11-23 16:20:27', null, '0', '1', '2018-11-23 14:22:29');

-- ----------------------------
-- Table structure for member_setting
-- ----------------------------
DROP TABLE IF EXISTS `member_setting`;
CREATE TABLE `member_setting` (
  `id` varchar(64) NOT NULL COMMENT '',
  `name0` varchar(100) NOT NULL COMMENT '',
  `name1` varchar(100) NOT NULL COMMENT '1',
  `name2` varchar(100) NOT NULL COMMENT '2',
  `name3` varchar(100) NOT NULL COMMENT '3',
  `pv0` int(11) NOT NULL COMMENT '0',
  `pv1` int(11) NOT NULL COMMENT '11000',
  `pv2` int(11) NOT NULL COMMENT '23000',
  `pv3` int(11) NOT NULL COMMENT '36000',
  `jion0` int(11) NOT NULL COMMENT '500',
  `jion1` int(11) NOT NULL COMMENT '11200',
  `jion2` int(11) NOT NULL COMMENT '23600',
  `jion3` int(11) NOT NULL COMMENT '37200',
  `zhitui0` int(11) NOT NULL COMMENT '0',
  `zhitui1` int(11) NOT NULL COMMENT '16%',
  `zhitui2` int(11) NOT NULL COMMENT '210%',
  `zhitui3` int(11) NOT NULL COMMENT '312%',
  `hezuo0` int(11) NOT NULL COMMENT '0',
  `hezuo1` int(11) NOT NULL COMMENT '114%',
  `hezuo2` int(11) NOT NULL COMMENT '216%',
  `hezuo3` int(11) NOT NULL COMMENT '318%',
  `guanli0` int(11) NOT NULL COMMENT '0',
  `guanli1` int(11) NOT NULL COMMENT '16%',
  `guanli2` int(11) NOT NULL COMMENT '210%',
  `guanli3` int(11) NOT NULL COMMENT '312%',
  `tuidian0` int(11) NOT NULL COMMENT '0',
  `tuidian1` int(11) NOT NULL COMMENT '110%',
  `tuidian2` int(11) NOT NULL COMMENT '215%',
  `tuidian3` int(11) NOT NULL COMMENT '315%',
  `zhou0` int(11) NOT NULL COMMENT '0',
  `zhou1` int(11) NOT NULL COMMENT '13000',
  `zhou2` int(11) NOT NULL COMMENT '26000',
  `zhou3` int(11) NOT NULL COMMENT '38000',
  `onetotwo` int(11) NOT NULL COMMENT '12',
  `onetothree` int(11) NOT NULL COMMENT '13',
  `twotothree` int(11) NOT NULL COMMENT '23',
  `baodan` int(11) NOT NULL DEFAULT '5',
  `create_by` varchar(64) NOT NULL COMMENT '',
  `create_date` datetime NOT NULL COMMENT '',
  `update_by` varchar(64) NOT NULL COMMENT '',
  `update_date` datetime NOT NULL COMMENT '',
  `remarks` varchar(255) DEFAULT NULL COMMENT '',
  `del_flag` char(1) NOT NULL DEFAULT '0' COMMENT '',
  PRIMARY KEY (`id`)
) ENGINE=InnoDB DEFAULT CHARSET=utf8 COMMENT='';

-- ----------------------------
-- Records of member_setting
-- ----------------------------
INSERT INTO `member_setting` VALUES ('1', '', '', '', '', '0', '1000', '3000', '6000', '500', '1200', '3600', '7200', '0', '6', '10', '12', '0', '14', '16', '18', '0', '6', '10', '12', '0', '10', '15', '15', '0', '30000', '60000', '80000', '1200', '2400', '1200', '5', '1', '2018-11-01 14:21:32', '1', '2018-11-16 09:28:50', '0', '0');

-- ----------------------------
-- Table structure for oa_leave
-- ----------------------------
DROP TABLE IF EXISTS `oa_leave`;
CREATE TABLE `oa_leave` (
  `id` varchar(64) NOT NULL COMMENT '',
  `process_instance_id` varchar(64) DEFAULT NULL COMMENT '',
  `start_time` datetime DEFAULT NULL COMMENT '',
  `end_time` datetime DEFAULT NULL COMMENT '',
  `leave_type` varchar(20) DEFAULT NULL COMMENT '',
  `reason` varchar(255) DEFAULT NULL COMMENT '',
  `apply_time` datetime DEFAULT NULL COMMENT '',
  `reality_start_time` datetime DEFAULT NULL COMMENT '',
  `reality_end_time` datetime DEFAULT NULL COMMENT '',
  `create_by` varchar(64) NOT NULL COMMENT '',
  `create_date` datetime NOT NULL COMMENT '',
  `update_by` varchar(64) NOT NULL COMMENT '',
  `update_date` datetime NOT NULL COMMENT '',
  `remarks` varchar(255) DEFAULT NULL COMMENT '',
  `del_flag` char(1) NOT NULL DEFAULT '0' COMMENT '',
  PRIMARY KEY (`id`),
  KEY `oa_leave_create_by` (`create_by`),
  KEY `oa_leave_process_instance_id` (`process_instance_id`),
  KEY `oa_leave_del_flag` (`del_flag`)
) ENGINE=InnoDB DEFAULT CHARSET=utf8 COMMENT='';

-- ----------------------------
-- Records of oa_leave
-- ----------------------------

-- ----------------------------
-- Table structure for oa_notify
-- ----------------------------
DROP TABLE IF EXISTS `oa_notify`;
CREATE TABLE `oa_notify` (
  `id` varchar(64) NOT NULL COMMENT '',
  `type` char(1) DEFAULT NULL COMMENT '',
  `title` varchar(200) DEFAULT NULL COMMENT '',
  `content` varchar(2000) DEFAULT NULL COMMENT '',
  `files` varchar(2000) DEFAULT NULL COMMENT '',
  `status` char(1) DEFAULT NULL COMMENT '',
  `create_by` varchar(64) NOT NULL COMMENT '',
  `create_date` datetime NOT NULL COMMENT '',
  `update_by` varchar(64) NOT NULL COMMENT '',
  `update_date` datetime NOT NULL COMMENT '',
  `remarks` varchar(255) DEFAULT NULL COMMENT '',
  `del_flag` char(1) NOT NULL DEFAULT '0' COMMENT '',
  PRIMARY KEY (`id`),
  KEY `oa_notify_del_flag` (`del_flag`)
) ENGINE=InnoDB DEFAULT CHARSET=utf8 COMMENT='';

-- ----------------------------
-- Records of oa_notify
-- ----------------------------

-- ----------------------------
-- Table structure for oa_notify_record
-- ----------------------------
DROP TABLE IF EXISTS `oa_notify_record`;
CREATE TABLE `oa_notify_record` (
  `id` varchar(64) NOT NULL COMMENT '',
  `oa_notify_id` varchar(64) DEFAULT NULL COMMENT 'ID',
  `user_id` varchar(64) DEFAULT NULL COMMENT '',
  `read_flag` char(1) DEFAULT '0' COMMENT '',
  `read_date` date DEFAULT NULL COMMENT '',
  PRIMARY KEY (`id`),
  KEY `oa_notify_record_notify_id` (`oa_notify_id`),
  KEY `oa_notify_record_user_id` (`user_id`),
  KEY `oa_notify_record_read_flag` (`read_flag`)
) ENGINE=InnoDB DEFAULT CHARSET=utf8 COMMENT='';

-- ----------------------------
-- Records of oa_notify_record
-- ----------------------------

-- ----------------------------
-- Table structure for oa_test_audit
-- ----------------------------
DROP TABLE IF EXISTS `oa_test_audit`;
CREATE TABLE `oa_test_audit` (
  `id` varchar(64) NOT NULL COMMENT '',
  `PROC_INS_ID` varchar(64) DEFAULT NULL COMMENT 'ID',
  `USER_ID` varchar(64) DEFAULT NULL COMMENT '',
  `OFFICE_ID` varchar(64) DEFAULT NULL COMMENT '',
  `POST` varchar(255) DEFAULT NULL COMMENT '',
  `AGE` char(1) DEFAULT NULL COMMENT '',
  `EDU` varchar(255) DEFAULT NULL COMMENT '',
  `CONTENT` varchar(255) DEFAULT NULL COMMENT '',
  `OLDA` varchar(255) DEFAULT NULL COMMENT ' ',
  `OLDB` varchar(255) DEFAULT NULL COMMENT ' ',
  `OLDC` varchar(255) DEFAULT NULL COMMENT ' ',
  `NEWA` varchar(255) DEFAULT NULL COMMENT ' ',
  `NEWB` varchar(255) DEFAULT NULL COMMENT ' ',
  `NEWC` varchar(255) DEFAULT NULL COMMENT ' ',
  `ADD_NUM` varchar(255) DEFAULT NULL COMMENT '',
  `EXE_DATE` varchar(255) DEFAULT NULL COMMENT '',
  `HR_TEXT` varchar(255) DEFAULT NULL COMMENT '',
  `LEAD_TEXT` varchar(255) DEFAULT NULL COMMENT '',
  `MAIN_LEAD_TEXT` varchar(255) DEFAULT NULL COMMENT '',
  `create_by` varchar(64) NOT NULL COMMENT '',
  `create_date` datetime NOT NULL COMMENT '',
  `update_by` varchar(64) NOT NULL COMMENT '',
  `update_date` datetime NOT NULL COMMENT '',
  `remarks` varchar(255) DEFAULT NULL COMMENT '',
  `del_flag` char(1) NOT NULL DEFAULT '0' COMMENT '',
  PRIMARY KEY (`id`),
  KEY `OA_TEST_AUDIT_del_flag` (`del_flag`)
) ENGINE=InnoDB DEFAULT CHARSET=utf8 COMMENT='';

-- ----------------------------
-- Records of oa_test_audit
-- ----------------------------

-- ----------------------------
-- Table structure for orders
-- ----------------------------
DROP TABLE IF EXISTS `orders`;
CREATE TABLE `orders` (
  `id` varchar(64) NOT NULL COMMENT '',
  `order_id` bigint(100) NOT NULL COMMENT '',
  `goods_id` varchar(64) NOT NULL COMMENT '',
  `login_name` varchar(100) NOT NULL COMMENT '/',
  `take_name` varchar(100) NOT NULL COMMENT '',
  `take_address` varchar(1000) NOT NULL COMMENT '',
  `take_phone` varchar(20) NOT NULL COMMENT '',
  `goods_price` decimal(12,2) DEFAULT NULL COMMENT '',
  `vip_price` decimal(12,2) DEFAULT NULL COMMENT '',
  `goods_count` int(11) DEFAULT NULL COMMENT '',
  `order_type` varchar(2) DEFAULT NULL COMMENT '',
  `status` varchar(2) DEFAULT NULL COMMENT '',
  `express_company` varchar(500) DEFAULT NULL COMMENT '',
  `express_num` varchar(50) DEFAULT NULL COMMENT '',
  `express_date` datetime DEFAULT NULL COMMENT '',
  `ext1` varchar(200) DEFAULT NULL COMMENT '1',
  `ext2` varchar(200) DEFAULT NULL COMMENT '2',
  `create_by` varchar(64) NOT NULL COMMENT '',
  `create_date` datetime NOT NULL COMMENT '',
  `update_by` varchar(64) NOT NULL COMMENT '',
  `update_date` datetime NOT NULL COMMENT '',
  `remarks` varchar(255) DEFAULT NULL COMMENT '',
  `del_flag` char(1) NOT NULL DEFAULT '0' COMMENT '',
  PRIMARY KEY (`id`)
) ENGINE=InnoDB DEFAULT CHARSET=utf8 COMMENT='';

-- ----------------------------
-- Records of orders
-- ----------------------------
INSERT INTO `orders` VALUES ('03c9a0dba0b64e51bbaaa4a13f00d72a', '1542960598195', '036b08d823ca44f08b04aef70cbe3e1d', 'a0101', '1', '1', '1', '100.00', '88.00', '50', '0', '0', null, null, null, null, null, 'ebd1849c55ac4277a491c01695a9a468', '2018-11-23 16:09:58', 'ebd1849c55ac4277a491c01695a9a468', '2018-11-23 16:09:58', null, '0');
INSERT INTO `orders` VALUES ('08c5afdb8f164af9bf6511687af14117', '1542938482399', 'd02d72697514459bacddcc47eedb5674', 'superadmin', '2', '2', '2', '100.00', '80.00', '2', '0', '0', null, null, null, null, null, '1', '2018-11-23 10:01:22', '1', '2018-11-23 10:01:22', null, '0');
INSERT INTO `orders` VALUES ('25443024261c4a418a2c8c5d8e152745', '1542938298403', '036b08d823ca44f08b04aef70cbe3e1d', 'superadmin', '2', '2', '2', '100.00', '88.00', '2', '0', '0', null, null, null, null, null, '1', '2018-11-23 09:58:18', '1', '2018-11-23 09:58:18', null, '0');
INSERT INTO `orders` VALUES ('47a01bd8e8e94f8a8f37c7df5a61dea8', '1542958752607', 'd02d72697514459bacddcc47eedb5674', 'a01', '2', '2', '2', '100.00', '80.00', '10', '0', '0', null, null, null, null, null, '86b6322c46c740c099ef0381189b2d6f', '2018-11-23 15:39:12', '86b6322c46c740c099ef0381189b2d6f', '2018-11-23 15:39:12', null, '0');
INSERT INTO `orders` VALUES ('5b00871876604856a416b7d48db30f70', '1542961227145', 'd02d72697514459bacddcc47eedb5674', 'a0101', '2', '2', '2', '100.00', '80.00', '50', '0', '0', null, null, null, null, null, 'ebd1849c55ac4277a491c01695a9a468', '2018-11-23 16:20:27', 'ebd1849c55ac4277a491c01695a9a468', '2018-11-23 16:20:27', null, '0');
INSERT INTO `orders` VALUES ('69047eb5e85d42c88b8993aa2f9ed58d', '1542960872737', '036b08d823ca44f08b04aef70cbe3e1d', 'a0101', '1', '1', '1', '100.00', '88.00', '50', '0', '0', null, null, null, null, null, 'ebd1849c55ac4277a491c01695a9a468', '2018-11-23 16:14:32', 'ebd1849c55ac4277a491c01695a9a468', '2018-11-23 16:14:32', null, '0');
INSERT INTO `orders` VALUES ('7ef8c80017464e8cbe4036367c2d92b5', '1542938562015', 'd02d72697514459bacddcc47eedb5674', 'superadmin', '1', '1', '1', '100.00', '80.00', '1', '0', '0', null, null, null, null, null, '1', '2018-11-23 10:02:42', '1', '2018-11-23 10:02:42', null, '0');
INSERT INTO `orders` VALUES ('8fd9745ec8904e2492d16d3131cfcc56', '1542958850776', 'd02d72697514459bacddcc47eedb5674', 'a01', '4', '4', '4', '100.00', '80.00', '10', '0', '0', null, null, null, null, null, '86b6322c46c740c099ef0381189b2d6f', '2018-11-23 15:40:50', '86b6322c46c740c099ef0381189b2d6f', '2018-11-23 15:40:50', null, '0');
INSERT INTO `orders` VALUES ('9d6b2e5e955a4c8f89fa4ab0a9339c2d', '1542958549961', 'd02d72697514459bacddcc47eedb5674', 'a01', '1', '1', '1', '100.00', '80.00', '100', '0', '0', null, null, null, null, null, '86b6322c46c740c099ef0381189b2d6f', '2018-11-23 15:35:49', '86b6322c46c740c099ef0381189b2d6f', '2018-11-23 15:35:49', null, '0');
INSERT INTO `orders` VALUES ('aec07494c1314bb39798a1d3a0574a4d', '1542938527485', '036b08d823ca44f08b04aef70cbe3e1d', 'superadmin', '1', '1', '11', '100.00', '88.00', '1', '0', '0', null, null, null, null, null, '1', '2018-11-23 10:02:07', '1', '2018-11-23 10:02:07', null, '0');
INSERT INTO `orders` VALUES ('ece15c8e51a94eba9bedc855bdc734e3', '1542935486171', '036b08d823ca44f08b04aef70cbe3e1d', 'superadmin', '1', '1', '1', '100.00', '88.00', '1', '0', '0', null, null, null, null, null, '1', '2018-11-23 09:11:26', '1', '2018-11-23 09:11:26', null, '0');
INSERT INTO `orders` VALUES ('f54961e998714136a0a29b8b1e66d0aa', '1542961090143', '036b08d823ca44f08b04aef70cbe3e1d', 'a0101', '1', '2', '2', '100.00', '88.00', '50', '0', '0', null, null, null, null, null, 'ebd1849c55ac4277a491c01695a9a468', '2018-11-23 16:18:10', 'ebd1849c55ac4277a491c01695a9a468', '2018-11-23 16:18:10', null, '0');

-- ----------------------------
-- Table structure for pv_detail
-- ----------------------------
DROP TABLE IF EXISTS `pv_detail`;
CREATE TABLE `pv_detail` (
  `id` varchar(64) NOT NULL COMMENT '',
  `login_name` varchar(100) NOT NULL COMMENT '',
  `from_name` varchar(100) NOT NULL COMMENT '',
  `zhuce_name` varchar(100) NOT NULL COMMENT '',
  `pvTotal` decimal(12,2) DEFAULT NULL COMMENT '',
  `pvSheng` decimal(12,2) DEFAULT NULL COMMENT '',
  `pvDues` decimal(12,2) DEFAULT NULL COMMENT '5%',
  `pvType` varchar(2) NOT NULL COMMENT '',
  `note` varchar(200) DEFAULT NULL COMMENT '',
  `create_by` varchar(64) NOT NULL COMMENT '',
  `create_date` datetime NOT NULL COMMENT '',
  `update_by` varchar(64) NOT NULL COMMENT '',
  `update_date` datetime NOT NULL COMMENT '',
  `remarks` varchar(255) DEFAULT NULL COMMENT '',
  `del_flag` char(1) NOT NULL DEFAULT '0' COMMENT '',
  PRIMARY KEY (`id`)
) ENGINE=InnoDB DEFAULT CHARSET=utf8 COMMENT='';

-- ----------------------------
-- Records of pv_detail
-- ----------------------------
INSERT INTO `pv_detail` VALUES ('001d6d7b76f34c82a5452b0cc6f5bff3', 'admin', 'a01', 'a01', '720.00', '684.00', '36.00', '1', '', '2', '2018-11-14 13:54:34', '2', '2018-11-14 13:54:34', null, '0');
INSERT INTO `pv_detail` VALUES ('13e03e53dfe24a8daf274a8c51441217', 'a01', 'a0101', 'a0101', '20.52', '19.49', '1.03', '3', '', 'ebd1849c55ac4277a491c01695a9a468', '2018-11-23 16:10:24', 'ebd1849c55ac4277a491c01695a9a468', '2018-11-23 16:10:24', null, '0');
INSERT INTO `pv_detail` VALUES ('385314bd3a5849f983815e0f4db5c751', 'a0101', 'a0101', 'a0101', '180.00', '171.00', '9.00', '5', '', 'ebd1849c55ac4277a491c01695a9a468', '2018-11-23 16:18:18', 'ebd1849c55ac4277a491c01695a9a468', '2018-11-23 16:18:18', null, '0');
INSERT INTO `pv_detail` VALUES ('43825ee78ef44dc9b089cf6c01678863', 'a0101', 'a0101', 'a0101', '270.00', '256.50', '13.50', '5', '', 'ebd1849c55ac4277a491c01695a9a468', '2018-11-23 16:20:29', 'ebd1849c55ac4277a491c01695a9a468', '2018-11-23 16:20:29', null, '0');
INSERT INTO `pv_detail` VALUES ('4bbb21ab034e4d439b578fb8821efa95', 'admin', 'a01', 'a01', '300.00', '285.00', '15.00', '4', '', '2', '2018-11-14 13:54:34', '2', '2018-11-14 13:54:34', null, '0');
INSERT INTO `pv_detail` VALUES ('4c8e53422e8c415283c3494210286215', 'a01', 'a0102', 'a0102', '120.00', '114.00', '6.00', '1', '', '2', '2018-11-14 14:55:03', '2', '2018-11-14 14:55:03', null, '0');
INSERT INTO `pv_detail` VALUES ('55c1858063864349b819aee0bd0fbc21', 'admin', 'a01', 'a0102', '41.04', '38.99', '2.05', '3', '', '2', '2018-11-15 15:46:29', '2', '2018-11-15 15:46:29', null, '0');
INSERT INTO `pv_detail` VALUES ('56395e83f0174dffbc243c301cb8a9aa', 'admin', 'a0102', 'a0102', '50.00', '47.50', '2.50', '4', '', '2', '2018-11-14 14:55:03', '2', '2018-11-14 14:55:03', null, '0');
INSERT INTO `pv_detail` VALUES ('5c56ec566d234e6babd29d47d88440c5', 'admin', 'a0101', 'a0101', '300.00', '285.00', '15.00', '4', '', '2', '2018-11-14 14:51:31', '2', '2018-11-14 14:51:31', null, '0');
INSERT INTO `pv_detail` VALUES ('689d6558ebf84da2adfb3b3b7f389657', 'a0101', 'a0101', 'a0101', '270.00', '256.50', '13.50', '5', '', 'ebd1849c55ac4277a491c01695a9a468', '2018-11-23 16:15:21', 'ebd1849c55ac4277a491c01695a9a468', '2018-11-23 16:15:21', null, '0');
INSERT INTO `pv_detail` VALUES ('6db5c45489694b679aa37979111fd5c3', 'admin', 'b01', 'b01', '720.00', '684.00', '36.00', '1', '', '2', '2018-11-14 14:10:38', '2', '2018-11-14 14:10:38', null, '0');
INSERT INTO `pv_detail` VALUES ('7b6be0e86f64463b8b6fbfe8bc79c56f', 'a01', 'a0101', 'a0101', '20.52', '19.49', '1.03', '3', '', 'ebd1849c55ac4277a491c01695a9a468', '2018-11-23 16:18:18', 'ebd1849c55ac4277a491c01695a9a468', '2018-11-23 16:18:18', null, '0');
INSERT INTO `pv_detail` VALUES ('7fe465b6d81b44f485a667247628cbad', 'admin', 'b01', 'b01', '300.00', '285.00', '15.00', '4', '', '2', '2018-11-14 14:10:38', '2', '2018-11-14 14:10:38', null, '0');
INSERT INTO `pv_detail` VALUES ('835a0ea0fe2a4362881d32a70a693908', 'admin', 'b01', 'b0101', '1080.00', '1026.00', '54.00', '2', '', '2', '2018-11-15 09:14:52', '2', '2018-11-15 09:14:52', null, '0');
INSERT INTO `pv_detail` VALUES ('91920927b4b74e95b0697f4130e4472e', 'a01', 'a0101', 'a0101', '720.00', '684.00', '36.00', '1', '', '2', '2018-11-14 14:51:31', '2', '2018-11-14 14:51:31', null, '0');
INSERT INTO `pv_detail` VALUES ('a4f0e10c915c47f4a299dc41954350ca', 'admin', 'b01', 'b01', '1080.00', '1026.00', '54.00', '2', '', '2', '2018-11-14 14:10:38', '2', '2018-11-14 14:10:38', null, '0');
INSERT INTO `pv_detail` VALUES ('b8e9583c32974f258677d6f1b7e99da9', 'a01', 'a0102', 'a0102', '360.00', '342.00', '18.00', '2', '', '2', '2018-11-15 15:46:29', '2', '2018-11-15 15:46:29', null, '0');
INSERT INTO `pv_detail` VALUES ('bb3b48de5df8444c95437380690df929', 'a01', 'a0101', 'a0101', '30.78', '29.24', '1.54', '3', '', 'ebd1849c55ac4277a491c01695a9a468', '2018-11-23 16:20:29', 'ebd1849c55ac4277a491c01695a9a468', '2018-11-23 16:20:29', null, '0');
INSERT INTO `pv_detail` VALUES ('bb76ad2b61f44df093b3f3f36e7d0a4f', 'b01', 'b0101', 'b0101', '720.00', '684.00', '36.00', '1', '', '2', '2018-11-15 09:14:52', '2', '2018-11-15 09:14:52', null, '0');
INSERT INTO `pv_detail` VALUES ('bc9f31bf88e0414bb4faa734654e4a29', 'a01', 'a0101', 'a0101', '30.78', '29.24', '1.54', '3', '', 'ebd1849c55ac4277a491c01695a9a468', '2018-11-23 16:15:24', 'ebd1849c55ac4277a491c01695a9a468', '2018-11-23 16:15:24', null, '0');
INSERT INTO `pv_detail` VALUES ('bcf47b601c66416880918724391fc34b', 'admin', 'b0101', 'b0101', '300.00', '285.00', '15.00', '4', '', '2', '2018-11-15 09:14:52', '2', '2018-11-15 09:14:52', null, '0');
INSERT INTO `pv_detail` VALUES ('c4cfaad4ac0b40a699c7c665916a6518', 'a01', 'a0102', 'a0102', '180.00', '171.00', '9.00', '2', '', '2', '2018-11-14 14:55:03', '2', '2018-11-14 14:55:03', null, '0');
INSERT INTO `pv_detail` VALUES ('c81a9c2abd444aee9a81d21a6ecdac5c', 'admin', 'a01', 'a0102', '20.52', '19.49', '1.03', '3', '', '2', '2018-11-14 14:55:03', '2', '2018-11-14 14:55:03', null, '0');
INSERT INTO `pv_detail` VALUES ('cd88be44a02e4ab6af4862b3455ce115', 'a0101', 'a0101', 'a0101', '180.00', '171.00', '9.00', '5', '', 'ebd1849c55ac4277a491c01695a9a468', '2018-11-23 16:09:58', 'ebd1849c55ac4277a491c01695a9a468', '2018-11-23 16:09:58', null, '0');

-- ----------------------------
-- Table structure for pv_recharge
-- ----------------------------
DROP TABLE IF EXISTS `pv_recharge`;
CREATE TABLE `pv_recharge` (
  `id` varchar(64) NOT NULL COMMENT '',
  `login_name` varchar(100) NOT NULL COMMENT '',
  `name` varchar(100) NOT NULL COMMENT '',
  `amount` decimal(12,2) DEFAULT NULL COMMENT '',
  `amount_type` varchar(2) DEFAULT NULL COMMENT '',
  `status` varchar(2) DEFAULT '1' COMMENT ';0:1',
  `create_by` varchar(64) NOT NULL COMMENT '',
  `create_date` datetime NOT NULL COMMENT '',
  `update_by` varchar(64) NOT NULL COMMENT '',
  `update_date` datetime NOT NULL COMMENT '',
  `remarks` varchar(255) DEFAULT NULL COMMENT '',
  `del_flag` char(1) NOT NULL DEFAULT '0' COMMENT '',
  PRIMARY KEY (`id`)
) ENGINE=InnoDB DEFAULT CHARSET=utf8 COMMENT='';

-- ----------------------------
-- Records of pv_recharge
-- ----------------------------
INSERT INTO `pv_recharge` VALUES ('12df670d048d4c2396c4510f442c080b', 'admin', 'admin', '5000.00', '1', '1', '2', '2018-11-14 14:10:23', '2', '2018-11-14 14:10:23', null, '0');
INSERT INTO `pv_recharge` VALUES ('1fc7ac5010bc4ffc8f1893a342e90c03', 'a0101', 'a0101', '10000.00', '1', '1', 'ebd1849c55ac4277a491c01695a9a468', '2018-11-15 16:19:28', 'ebd1849c55ac4277a491c01695a9a468', '2018-11-15 16:19:28', null, '0');
INSERT INTO `pv_recharge` VALUES ('4624d99a82aa42929079c7c22b4f0a71', 'admin', 'admin', '30000.00', '1', '1', '2', '2018-11-14 14:51:16', '2', '2018-11-14 14:51:16', null, '0');
INSERT INTO `pv_recharge` VALUES ('b12fd17331e54d9d8b1cae74a6ee3787', 'admin', 'admin', '10000.00', '1', '1', '2', '2018-11-14 13:45:41', '2', '2018-11-14 13:45:41', null, '0');

-- ----------------------------
-- Table structure for pv_total
-- ----------------------------
DROP TABLE IF EXISTS `pv_total`;
CREATE TABLE `pv_total` (
  `id` varchar(64) NOT NULL COMMENT '',
  `login_name` varchar(100) NOT NULL COMMENT '',
  `zhitui` decimal(12,2) DEFAULT NULL COMMENT '',
  `hezuo` decimal(12,2) DEFAULT NULL COMMENT '',
  `guanli` decimal(12,2) DEFAULT NULL COMMENT '',
  `baodan` decimal(12,2) DEFAULT NULL COMMENT '',
  `kaifa` decimal(12,2) DEFAULT NULL COMMENT '',
  `jinhuo` decimal(12,2) DEFAULT NULL COMMENT '12.5',
  `total` decimal(12,2) DEFAULT NULL COMMENT '',
  `create_by` varchar(64) NOT NULL COMMENT '',
  `create_date` datetime NOT NULL COMMENT '',
  `update_by` varchar(64) NOT NULL COMMENT '',
  `update_date` datetime NOT NULL COMMENT '',
  `remarks` varchar(255) DEFAULT NULL COMMENT '',
  `del_flag` char(1) NOT NULL DEFAULT '0' COMMENT '',
  `from_Member` varchar(100) NOT NULL COMMENT '',
  PRIMARY KEY (`id`)
) ENGINE=InnoDB DEFAULT CHARSET=utf8 COMMENT='';

-- ----------------------------
-- Records of pv_total
-- ----------------------------

-- ----------------------------
-- Table structure for pv_transfer
-- ----------------------------
DROP TABLE IF EXISTS `pv_transfer`;
CREATE TABLE `pv_transfer` (
  `id` varchar(64) NOT NULL COMMENT '',
  `login_name` varchar(100) NOT NULL COMMENT '',
  `name` varchar(100) NOT NULL COMMENT '',
  `to_login_name` varchar(100) NOT NULL COMMENT '',
  `to_name` varchar(100) NOT NULL COMMENT '',
  `amount` decimal(12,2) DEFAULT NULL COMMENT '',
  `amount_type` varchar(2) DEFAULT NULL COMMENT '',
  `status` varchar(2) DEFAULT '1' COMMENT ';0:1',
  `create_by` varchar(64) NOT NULL COMMENT '',
  `create_date` datetime NOT NULL COMMENT '',
  `update_by` varchar(64) NOT NULL COMMENT '',
  `update_date` datetime NOT NULL COMMENT '',
  `remarks` varchar(255) DEFAULT NULL COMMENT '',
  `del_flag` char(1) NOT NULL DEFAULT '0' COMMENT '',
  PRIMARY KEY (`id`)
) ENGINE=InnoDB DEFAULT CHARSET=utf8 COMMENT='';

-- ----------------------------
-- Records of pv_transfer
-- ----------------------------

-- ----------------------------
-- Table structure for sys_area
-- ----------------------------
DROP TABLE IF EXISTS `sys_area`;
CREATE TABLE `sys_area` (
  `id` varchar(64) NOT NULL COMMENT '',
  `parent_id` varchar(64) NOT NULL COMMENT '',
  `parent_ids` varchar(2000) NOT NULL COMMENT '',
  `name` varchar(100) NOT NULL COMMENT '',
  `sort` decimal(10,0) NOT NULL COMMENT '',
  `code` varchar(100) DEFAULT NULL COMMENT '',
  `type` char(1) DEFAULT NULL COMMENT '',
  `create_by` varchar(64) NOT NULL COMMENT '',
  `create_date` datetime NOT NULL COMMENT '',
  `update_by` varchar(64) NOT NULL COMMENT '',
  `update_date` datetime NOT NULL COMMENT '',
  `remarks` varchar(255) DEFAULT NULL COMMENT '',
  `del_flag` char(1) NOT NULL DEFAULT '0' COMMENT '',
  PRIMARY KEY (`id`),
  KEY `sys_area_parent_id` (`parent_id`),
  KEY `sys_area_del_flag` (`del_flag`)
) ENGINE=InnoDB DEFAULT CHARSET=utf8 COMMENT='';

-- ----------------------------
-- Records of sys_area
-- ----------------------------
INSERT INTO `sys_area` VALUES ('1', '0', '0,', '', '10', '100000', '1', '1', '2013-05-27 08:00:00', '1', '2013-05-27 08:00:00', null, '0');
INSERT INTO `sys_area` VALUES ('2', '1', '0,1,', '', '20', '110000', '2', '1', '2013-05-27 08:00:00', '1', '2013-05-27 08:00:00', null, '0');
INSERT INTO `sys_area` VALUES ('3', '2', '0,1,2,', '', '30', '110101', '3', '1', '2013-05-27 08:00:00', '1', '2013-05-27 08:00:00', null, '0');
INSERT INTO `sys_area` VALUES ('4', '3', '0,1,2,3,', '', '40', '110102', '4', '1', '2013-05-27 08:00:00', '1', '2013-05-27 08:00:00', null, '0');
INSERT INTO `sys_area` VALUES ('5', '3', '0,1,2,3,', '', '50', '110104', '4', '1', '2013-05-27 08:00:00', '1', '2013-05-27 08:00:00', null, '0');
INSERT INTO `sys_area` VALUES ('6', '3', '0,1,2,3,', '', '60', '110105', '4', '1', '2013-05-27 08:00:00', '1', '2013-05-27 08:00:00', null, '0');

-- ----------------------------
-- Table structure for sys_dict
-- ----------------------------
DROP TABLE IF EXISTS `sys_dict`;
CREATE TABLE `sys_dict` (
  `id` varchar(64) NOT NULL COMMENT '',
  `value` varchar(100) NOT NULL COMMENT '',
  `label` varchar(100) NOT NULL COMMENT '',
  `type` varchar(100) NOT NULL COMMENT '',
  `description` varchar(100) NOT NULL COMMENT '',
  `sort` decimal(10,0) NOT NULL COMMENT '',
  `parent_id` varchar(64) DEFAULT '0' COMMENT '',
  `create_by` varchar(64) NOT NULL COMMENT '',
  `create_date` datetime NOT NULL COMMENT '',
  `update_by` varchar(64) NOT NULL COMMENT '',
  `update_date` datetime NOT NULL COMMENT '',
  `remarks` varchar(255) DEFAULT NULL COMMENT '',
  `del_flag` char(1) NOT NULL DEFAULT '0' COMMENT '',
  PRIMARY KEY (`id`),
  KEY `sys_dict_value` (`value`),
  KEY `sys_dict_label` (`label`),
  KEY `sys_dict_del_flag` (`del_flag`)
) ENGINE=InnoDB DEFAULT CHARSET=utf8 COMMENT='';

-- ----------------------------
-- Records of sys_dict
-- ----------------------------
INSERT INTO `sys_dict` VALUES ('1', '0', '', 'del_flag', '', '10', '0', '1', '2013-05-27 08:00:00', '1', '2013-05-27 08:00:00', null, '0');
INSERT INTO `sys_dict` VALUES ('10', 'yellow', '', 'color', '', '40', '0', '1', '2013-05-27 08:00:00', '1', '2013-05-27 08:00:00', null, '0');
INSERT INTO `sys_dict` VALUES ('100', 'java.util.Date', 'Date', 'gen_java_type', 'Java\0\0', '50', '0', '1', '2013-10-28 08:00:00', '1', '2013-10-28 08:00:00', null, '1');
INSERT INTO `sys_dict` VALUES ('101', 'com.thinkgem.jeesite.modules.sys.entity.User', 'User', 'gen_java_type', 'Java\0\0', '60', '0', '1', '2013-10-28 08:00:00', '1', '2013-10-28 08:00:00', null, '1');
INSERT INTO `sys_dict` VALUES ('102', 'com.thinkgem.jeesite.modules.sys.entity.Office', 'Office', 'gen_java_type', 'Java\0\0', '70', '0', '1', '2013-10-28 08:00:00', '1', '2013-10-28 08:00:00', null, '1');
INSERT INTO `sys_dict` VALUES ('103', 'com.thinkgem.jeesite.modules.sys.entity.Area', 'Area', 'gen_java_type', 'Java\0\0', '80', '0', '1', '2013-10-28 08:00:00', '1', '2013-10-28 08:00:00', null, '1');
INSERT INTO `sys_dict` VALUES ('104', 'Custom', 'Custom', 'gen_java_type', 'Java\0\0', '90', '0', '1', '2013-10-28 08:00:00', '1', '2013-10-28 08:00:00', null, '1');
INSERT INTO `sys_dict` VALUES ('105', '1', '\0\0\0\0', 'oa_notify_type', '', '10', '0', '1', '2013-11-08 08:00:00', '1', '2013-11-08 08:00:00', null, '0');
INSERT INTO `sys_dict` VALUES ('106', '2', '\0\0\0\0', 'oa_notify_type', '', '20', '0', '1', '2013-11-08 08:00:00', '1', '2013-11-08 08:00:00', null, '0');
INSERT INTO `sys_dict` VALUES ('107', '3', '\0\0\0\0', 'oa_notify_type', '', '30', '0', '1', '2013-11-08 08:00:00', '1', '2013-11-08 08:00:00', null, '0');
INSERT INTO `sys_dict` VALUES ('108', '0', '', 'oa_notify_status', '', '10', '0', '1', '2013-11-08 08:00:00', '1', '2013-11-08 08:00:00', null, '0');
INSERT INTO `sys_dict` VALUES ('109', '1', '', 'oa_notify_status', '', '20', '0', '1', '2013-11-08 08:00:00', '1', '2013-11-08 08:00:00', null, '0');
INSERT INTO `sys_dict` VALUES ('11', 'orange', '', 'color', '', '50', '0', '1', '2013-05-27 08:00:00', '1', '2013-05-27 08:00:00', null, '0');
INSERT INTO `sys_dict` VALUES ('110', '0', '', 'oa_notify_read', '', '10', '0', '1', '2013-11-08 08:00:00', '1', '2013-11-08 08:00:00', null, '0');
INSERT INTO `sys_dict` VALUES ('111', '1', '', 'oa_notify_read', '', '20', '0', '1', '2013-11-08 08:00:00', '1', '2013-11-08 08:00:00', null, '0');
INSERT INTO `sys_dict` VALUES ('12', 'default', '', 'theme', '', '10', '0', '1', '2013-05-27 08:00:00', '1', '2013-05-27 08:00:00', null, '0');
INSERT INTO `sys_dict` VALUES ('13', 'cerulean', '', 'theme', '', '20', '0', '1', '2013-05-27 08:00:00', '1', '2013-05-27 08:00:00', null, '0');
INSERT INTO `sys_dict` VALUES ('14', 'readable', '', 'theme', '', '30', '0', '1', '2013-05-27 08:00:00', '1', '2013-05-27 08:00:00', null, '0');
INSERT INTO `sys_dict` VALUES ('15', 'united', '', 'theme', '', '40', '0', '1', '2013-05-27 08:00:00', '1', '2013-05-27 08:00:00', null, '0');
INSERT INTO `sys_dict` VALUES ('16', 'flat', 'Flat', 'theme', '', '60', '0', '1', '2013-05-27 08:00:00', '1', '2013-05-27 08:00:00', null, '0');
INSERT INTO `sys_dict` VALUES ('17', '1', '', 'sys_area_type', '', '10', '0', '1', '2013-05-27 08:00:00', '1', '2013-05-27 08:00:00', null, '0');
INSERT INTO `sys_dict` VALUES ('18', '2', '', 'sys_area_type', '', '20', '0', '1', '2013-05-27 08:00:00', '1', '2013-05-27 08:00:00', null, '0');
INSERT INTO `sys_dict` VALUES ('19', '3', '', 'sys_area_type', '', '30', '0', '1', '2013-05-27 08:00:00', '1', '2013-05-27 08:00:00', null, '0');
INSERT INTO `sys_dict` VALUES ('2', '1', '', 'del_flag', '', '20', '0', '1', '2013-05-27 08:00:00', '1', '2013-05-27 08:00:00', null, '0');
INSERT INTO `sys_dict` VALUES ('20', '4', '', 'sys_area_type', '', '40', '0', '1', '2013-05-27 08:00:00', '1', '2013-05-27 08:00:00', null, '0');
INSERT INTO `sys_dict` VALUES ('21', '1', '', 'sys_office_type', '', '60', '0', '1', '2013-05-27 08:00:00', '1', '2013-05-27 08:00:00', null, '0');
INSERT INTO `sys_dict` VALUES ('22', '2', '', 'sys_office_type', '', '70', '0', '1', '2013-05-27 08:00:00', '1', '2013-05-27 08:00:00', null, '0');
INSERT INTO `sys_dict` VALUES ('23', '3', '', 'sys_office_type', '', '80', '0', '1', '2013-05-27 08:00:00', '1', '2013-05-27 08:00:00', null, '0');
INSERT INTO `sys_dict` VALUES ('24', '4', '', 'sys_office_type', '', '90', '0', '1', '2013-05-27 08:00:00', '1', '2013-05-27 08:00:00', null, '0');
INSERT INTO `sys_dict` VALUES ('25', '1', '', 'sys_office_common', '', '30', '0', '1', '2013-05-27 08:00:00', '1', '2013-05-27 08:00:00', null, '0');
INSERT INTO `sys_dict` VALUES ('26', '2', '', 'sys_office_common', '', '40', '0', '1', '2013-05-27 08:00:00', '1', '2013-05-27 08:00:00', null, '0');
INSERT INTO `sys_dict` VALUES ('27', '3', '', 'sys_office_common', '', '50', '0', '1', '2013-05-27 08:00:00', '1', '2013-05-27 08:00:00', null, '0');
INSERT INTO `sys_dict` VALUES ('28', '1', '', 'sys_office_grade', '', '10', '0', '1', '2013-05-27 08:00:00', '1', '2013-05-27 08:00:00', null, '0');
INSERT INTO `sys_dict` VALUES ('29', '2', '', 'sys_office_grade', '', '20', '0', '1', '2013-05-27 08:00:00', '1', '2013-05-27 08:00:00', null, '0');
INSERT INTO `sys_dict` VALUES ('3', '1', '', 'show_hide', '/', '10', '0', '1', '2013-05-27 08:00:00', '1', '2013-05-27 08:00:00', null, '0');
INSERT INTO `sys_dict` VALUES ('30', '3', '', 'sys_office_grade', '', '30', '0', '1', '2013-05-27 08:00:00', '1', '2013-05-27 08:00:00', null, '0');
INSERT INTO `sys_dict` VALUES ('31', '4', '', 'sys_office_grade', '', '40', '0', '1', '2013-05-27 08:00:00', '1', '2013-05-27 08:00:00', null, '0');
INSERT INTO `sys_dict` VALUES ('32', '1', '', 'sys_data_scope', '', '10', '0', '1', '2013-05-27 08:00:00', '1', '2013-05-27 08:00:00', null, '0');
INSERT INTO `sys_dict` VALUES ('33', '2', '', 'sys_data_scope', '', '20', '0', '1', '2013-05-27 08:00:00', '1', '2013-05-27 08:00:00', null, '0');
INSERT INTO `sys_dict` VALUES ('34', '3', '', 'sys_data_scope', '', '30', '0', '1', '2013-05-27 08:00:00', '1', '2013-05-27 08:00:00', null, '0');
INSERT INTO `sys_dict` VALUES ('35', '4', '', 'sys_data_scope', '', '40', '0', '1', '2013-05-27 08:00:00', '1', '2013-05-27 08:00:00', null, '0');
INSERT INTO `sys_dict` VALUES ('36', '5', '', 'sys_data_scope', '', '50', '0', '1', '2013-05-27 08:00:00', '1', '2013-05-27 08:00:00', null, '0');
INSERT INTO `sys_dict` VALUES ('37', '8', '', 'sys_data_scope', '', '90', '0', '1', '2013-05-27 08:00:00', '1', '2013-05-27 08:00:00', null, '0');
INSERT INTO `sys_dict` VALUES ('38', '9', '', 'sys_data_scope', '', '100', '0', '1', '2013-05-27 08:00:00', '1', '2013-05-27 08:00:00', null, '0');
INSERT INTO `sys_dict` VALUES ('39', '1', '', 'sys_user_type', '', '10', '0', '1', '2013-05-27 08:00:00', '1', '2013-05-27 08:00:00', null, '0');
INSERT INTO `sys_dict` VALUES ('3b330c3bcf444c7b81effdc067f0199d', 'icbc', '', 'bank', '', '20', '0', '1', '2018-10-30 13:54:47', '1', '2018-10-30 13:54:47', '', '0');
INSERT INTO `sys_dict` VALUES ('3fd629b3ffef467ba0d25e24ce795aaf', 'cbc', '', 'bank', '', '10', '0', '1', '2018-10-30 13:54:23', '1', '2018-10-30 13:54:23', '', '0');
INSERT INTO `sys_dict` VALUES ('4', '0', '', 'show_hide', '/', '20', '0', '1', '2013-05-27 08:00:00', '1', '2013-05-27 08:00:00', null, '0');
INSERT INTO `sys_dict` VALUES ('40', '2', '', 'sys_user_type', '', '20', '0', '1', '2013-05-27 08:00:00', '1', '2013-05-27 08:00:00', null, '0');
INSERT INTO `sys_dict` VALUES ('41', '3', '', 'sys_user_type', '', '30', '0', '1', '2013-05-27 08:00:00', '1', '2013-05-27 08:00:00', null, '0');
INSERT INTO `sys_dict` VALUES ('42', 'basic', '', 'cms_theme', '', '10', '0', '1', '2013-05-27 08:00:00', '1', '2013-05-27 08:00:00', null, '0');
INSERT INTO `sys_dict` VALUES ('43', 'blue', '', 'cms_theme', '', '20', '0', '1', '2013-05-27 08:00:00', '1', '2013-05-27 08:00:00', null, '1');
INSERT INTO `sys_dict` VALUES ('44', 'red', '', 'cms_theme', '', '30', '0', '1', '2013-05-27 08:00:00', '1', '2013-05-27 08:00:00', null, '1');
INSERT INTO `sys_dict` VALUES ('45', 'article', '', 'cms_module', '', '10', '0', '1', '2013-05-27 08:00:00', '1', '2013-05-27 08:00:00', null, '0');
INSERT INTO `sys_dict` VALUES ('4576a890c7a84e849343f28f5a929a82', '1', '', 'sex', '', '10', '0', '1', '2018-10-30 13:45:59', '1', '2018-10-30 13:45:59', '', '1');
INSERT INTO `sys_dict` VALUES ('46', 'picture', '', 'cms_module', '', '20', '0', '1', '2013-05-27 08:00:00', '1', '2013-05-27 08:00:00', null, '1');
INSERT INTO `sys_dict` VALUES ('47', 'download', '', 'cms_module', '', '30', '0', '1', '2013-05-27 08:00:00', '1', '2013-05-27 08:00:00', null, '1');
INSERT INTO `sys_dict` VALUES ('48', 'link', '', 'cms_module', '', '40', '0', '1', '2013-05-27 08:00:00', '1', '2013-05-27 08:00:00', null, '0');
INSERT INTO `sys_dict` VALUES ('49', 'special', '', 'cms_module', '', '50', '0', '1', '2013-05-27 08:00:00', '1', '2013-05-27 08:00:00', null, '1');
INSERT INTO `sys_dict` VALUES ('5', '1', '', 'yes_no', '/', '10', '0', '1', '2013-05-27 08:00:00', '1', '2013-05-27 08:00:00', null, '0');
INSERT INTO `sys_dict` VALUES ('50', '0', '', 'cms_show_modes', '', '10', '0', '1', '2013-05-27 08:00:00', '1', '2013-05-27 08:00:00', null, '0');
INSERT INTO `sys_dict` VALUES ('51', '1', '', 'cms_show_modes', '', '20', '0', '1', '2013-05-27 08:00:00', '1', '2013-05-27 08:00:00', null, '0');
INSERT INTO `sys_dict` VALUES ('52', '2', '', 'cms_show_modes', '', '30', '0', '1', '2013-05-27 08:00:00', '1', '2013-05-27 08:00:00', null, '0');
INSERT INTO `sys_dict` VALUES ('53', '0', '', 'cms_del_flag', '', '10', '0', '1', '2013-05-27 08:00:00', '1', '2013-05-27 08:00:00', null, '0');
INSERT INTO `sys_dict` VALUES ('54', '1', '', 'cms_del_flag', '', '20', '0', '1', '2013-05-27 08:00:00', '1', '2013-05-27 08:00:00', null, '0');
INSERT INTO `sys_dict` VALUES ('55', '2', '', 'cms_del_flag', '', '15', '0', '1', '2013-05-27 08:00:00', '1', '2013-05-27 08:00:00', null, '0');
INSERT INTO `sys_dict` VALUES ('56', '1', '', 'cms_posid', '', '10', '0', '1', '2013-05-27 08:00:00', '1', '2013-05-27 08:00:00', null, '0');
INSERT INTO `sys_dict` VALUES ('57', '2', '', 'cms_posid', '', '20', '0', '1', '2013-05-27 08:00:00', '1', '2013-05-27 08:00:00', null, '0');
INSERT INTO `sys_dict` VALUES ('58', '1', '', 'cms_guestbook', '', '10', '0', '1', '2013-05-27 08:00:00', '1', '2013-05-27 08:00:00', null, '0');
INSERT INTO `sys_dict` VALUES ('59', '2', '', 'cms_guestbook', '', '20', '0', '1', '2013-05-27 08:00:00', '1', '2013-05-27 08:00:00', null, '0');
INSERT INTO `sys_dict` VALUES ('6', '0', '', 'yes_no', '/', '20', '0', '1', '2013-05-27 08:00:00', '1', '2013-05-27 08:00:00', null, '0');
INSERT INTO `sys_dict` VALUES ('60', '3', '', 'cms_guestbook', '', '30', '0', '1', '2013-05-27 08:00:00', '1', '2013-05-27 08:00:00', null, '0');
INSERT INTO `sys_dict` VALUES ('61', '4', '', 'cms_guestbook', '', '40', '0', '1', '2013-05-27 08:00:00', '1', '2013-05-27 08:00:00', null, '0');
INSERT INTO `sys_dict` VALUES ('62', '1', '', 'oa_leave_type', '', '10', '0', '1', '2013-05-27 08:00:00', '1', '2013-05-27 08:00:00', null, '0');
INSERT INTO `sys_dict` VALUES ('63', '2', '', 'oa_leave_type', '', '20', '0', '1', '2013-05-27 08:00:00', '1', '2013-05-27 08:00:00', null, '0');
INSERT INTO `sys_dict` VALUES ('64', '3', '', 'oa_leave_type', '', '30', '0', '1', '2013-05-27 08:00:00', '1', '2013-05-27 08:00:00', null, '0');
INSERT INTO `sys_dict` VALUES ('65', '4', '', 'oa_leave_type', '', '40', '0', '1', '2013-05-27 08:00:00', '1', '2013-05-27 08:00:00', null, '0');
INSERT INTO `sys_dict` VALUES ('66', '5', '', 'oa_leave_type', '', '60', '0', '1', '2013-05-27 08:00:00', '1', '2013-05-27 08:00:00', null, '0');
INSERT INTO `sys_dict` VALUES ('67', '1', '', 'sys_log_type', '', '30', '0', '1', '2013-06-03 08:00:00', '1', '2013-06-03 08:00:00', null, '0');
INSERT INTO `sys_dict` VALUES ('68', '2', '', 'sys_log_type', '', '40', '0', '1', '2013-06-03 08:00:00', '1', '2013-06-03 08:00:00', null, '0');
INSERT INTO `sys_dict` VALUES ('69', 'leave', '', 'act_type', '', '10', '0', '1', '2013-06-03 08:00:00', '1', '2013-06-03 08:00:00', null, '0');
INSERT INTO `sys_dict` VALUES ('7', 'red', '', 'color', '', '10', '0', '1', '2013-05-27 08:00:00', '1', '2013-05-27 08:00:00', null, '0');
INSERT INTO `sys_dict` VALUES ('70', 'test_audit', '', 'act_type', '', '20', '0', '1', '2013-06-03 08:00:00', '1', '2013-06-03 08:00:00', null, '0');
INSERT INTO `sys_dict` VALUES ('71', '1', '1', 'act_category', '', '10', '0', '1', '2013-06-03 08:00:00', '1', '2013-06-03 08:00:00', null, '0');
INSERT INTO `sys_dict` VALUES ('72', '2', '2', 'act_category', '', '20', '0', '1', '2013-06-03 08:00:00', '1', '2013-06-03 08:00:00', null, '0');
INSERT INTO `sys_dict` VALUES ('73', 'crud', '', 'gen_category', '', '10', '0', '1', '2013-10-28 08:00:00', '1', '2013-10-28 08:00:00', null, '1');
INSERT INTO `sys_dict` VALUES ('74', 'crud_many', '', 'gen_category', '', '20', '0', '1', '2013-10-28 08:00:00', '1', '2013-10-28 08:00:00', null, '1');
INSERT INTO `sys_dict` VALUES ('75', 'tree', '', 'gen_category', '', '30', '0', '1', '2013-10-28 08:00:00', '1', '2013-10-28 08:00:00', null, '1');
INSERT INTO `sys_dict` VALUES ('76', '=', '=', 'gen_query_type', '', '10', '0', '1', '2013-10-28 08:00:00', '1', '2013-10-28 08:00:00', null, '1');
INSERT INTO `sys_dict` VALUES ('77', '!=', '!=', 'gen_query_type', '', '20', '0', '1', '2013-10-28 08:00:00', '1', '2013-10-28 08:00:00', null, '1');
INSERT INTO `sys_dict` VALUES ('78', '&gt;', '&gt;', 'gen_query_type', '', '30', '0', '1', '2013-10-28 08:00:00', '1', '2013-10-28 08:00:00', null, '1');
INSERT INTO `sys_dict` VALUES ('79', '&lt;', '&lt;', 'gen_query_type', '', '40', '0', '1', '2013-10-28 08:00:00', '1', '2013-10-28 08:00:00', null, '1');
INSERT INTO `sys_dict` VALUES ('8', 'green', '', 'color', '', '20', '0', '1', '2013-05-27 08:00:00', '1', '2013-05-27 08:00:00', null, '0');
INSERT INTO `sys_dict` VALUES ('80', 'between', 'Between', 'gen_query_type', '', '50', '0', '1', '2013-10-28 08:00:00', '1', '2013-10-28 08:00:00', null, '1');
INSERT INTO `sys_dict` VALUES ('81', 'like', 'Like', 'gen_query_type', '', '60', '0', '1', '2013-10-28 08:00:00', '1', '2013-10-28 08:00:00', null, '1');
INSERT INTO `sys_dict` VALUES ('82', 'left_like', 'Left Like', 'gen_query_type', '', '70', '0', '1', '2013-10-28 08:00:00', '1', '2013-10-28 08:00:00', null, '1');
INSERT INTO `sys_dict` VALUES ('83', 'right_like', 'Right Like', 'gen_query_type', '', '80', '0', '1', '2013-10-28 08:00:00', '1', '2013-10-28 08:00:00', null, '1');
INSERT INTO `sys_dict` VALUES ('84', 'input', '', 'gen_show_type', '', '10', '0', '1', '2013-10-28 08:00:00', '1', '2013-10-28 08:00:00', null, '1');
INSERT INTO `sys_dict` VALUES ('85', 'textarea', '', 'gen_show_type', '', '20', '0', '1', '2013-10-28 08:00:00', '1', '2013-10-28 08:00:00', null, '1');
INSERT INTO `sys_dict` VALUES ('86', 'select', '', 'gen_show_type', '', '30', '0', '1', '2013-10-28 08:00:00', '1', '2013-10-28 08:00:00', null, '1');
INSERT INTO `sys_dict` VALUES ('87', 'checkbox', '', 'gen_show_type', '', '40', '0', '1', '2013-10-28 08:00:00', '1', '2013-10-28 08:00:00', null, '1');
INSERT INTO `sys_dict` VALUES ('88', 'radiobox', '', 'gen_show_type', '', '50', '0', '1', '2013-10-28 08:00:00', '1', '2013-10-28 08:00:00', null, '1');
INSERT INTO `sys_dict` VALUES ('89', 'dateselect', '', 'gen_show_type', '', '60', '0', '1', '2013-10-28 08:00:00', '1', '2013-10-28 08:00:00', null, '1');
INSERT INTO `sys_dict` VALUES ('9', 'blue', '', 'color', '', '30', '0', '1', '2013-05-27 08:00:00', '1', '2013-05-27 08:00:00', null, '0');
INSERT INTO `sys_dict` VALUES ('90', 'userselect', '\0', 'gen_show_type', '', '70', '0', '1', '2013-10-28 08:00:00', '1', '2013-10-28 08:00:00', null, '1');
INSERT INTO `sys_dict` VALUES ('91', 'officeselect', '', 'gen_show_type', '', '80', '0', '1', '2013-10-28 08:00:00', '1', '2013-10-28 08:00:00', null, '1');
INSERT INTO `sys_dict` VALUES ('92', 'areaselect', '', 'gen_show_type', '', '90', '0', '1', '2013-10-28 08:00:00', '1', '2013-10-28 08:00:00', null, '1');
INSERT INTO `sys_dict` VALUES ('93', 'String', 'String', 'gen_java_type', 'Java', '10', '0', '1', '2013-10-28 08:00:00', '1', '2013-10-28 08:00:00', null, '1');
INSERT INTO `sys_dict` VALUES ('94', 'Long', 'Long', 'gen_java_type', 'Java', '20', '0', '1', '2013-10-28 08:00:00', '1', '2013-10-28 08:00:00', null, '1');
INSERT INTO `sys_dict` VALUES ('95', 'dao', '', 'gen_category', '\0\0\0\0\0\0', '40', '0', '1', '2013-10-28 08:00:00', '1', '2013-10-28 08:00:00', null, '1');
INSERT INTO `sys_dict` VALUES ('96', '1', '', 'sex', '', '10', '0', '1', '2013-10-28 08:00:00', '1', '2013-10-28 08:00:00', null, '0');
INSERT INTO `sys_dict` VALUES ('96d433f46b8a4152b869e8c9eb804a5e', '2', '', 'goodsType', '', '20', '0', '1', '2018-11-07 16:01:52', '1', '2018-11-07 16:01:52', '', '0');
INSERT INTO `sys_dict` VALUES ('97', '2', '', 'sex', '', '20', '0', '1', '2013-10-28 08:00:00', '1', '2013-10-28 08:00:00', null, '0');
INSERT INTO `sys_dict` VALUES ('98', 'Integer', 'Integer', 'gen_java_type', 'Java\0\0', '30', '0', '1', '2013-10-28 08:00:00', '1', '2013-10-28 08:00:00', null, '1');
INSERT INTO `sys_dict` VALUES ('99', 'Double', 'Double', 'gen_java_type', 'Java\0\0', '40', '0', '1', '2013-10-28 08:00:00', '1', '2013-10-28 08:00:00', null, '1');
INSERT INTO `sys_dict` VALUES ('aa5869dfa68d4a549b65a8e5407b9bb4', '3', '', 'goodsType', '', '30', '0', '1', '2018-11-07 16:02:04', '1', '2018-11-07 16:07:52', '', '0');
INSERT INTO `sys_dict` VALUES ('e74ff2511f4b45a8afc2cd57a0dc948b', '1', '', 'goodsType', '', '10', '0', '1', '2018-11-07 16:01:43', '1', '2018-11-07 16:01:43', '', '0');
INSERT INTO `sys_dict` VALUES ('f2a43ec394884622923a2a8cc091ae20', 'abc', '', 'bank', '', '30', '0', '1', '2018-10-30 13:55:10', '1', '2018-10-30 13:55:10', '', '0');
INSERT INTO `sys_dict` VALUES ('fd925e23a216478faf49237e949b3631', 'bc', '', 'bank', '', '40', '0', '1', '2018-10-30 13:55:29', '1', '2018-10-30 13:55:29', '', '0');

-- ----------------------------
-- Table structure for sys_log
-- ----------------------------
DROP TABLE IF EXISTS `sys_log`;
CREATE TABLE `sys_log` (
  `id` varchar(64) NOT NULL COMMENT '',
  `type` char(1) DEFAULT '1' COMMENT '',
  `title` varchar(255) DEFAULT '' COMMENT '',
  `create_by` varchar(64) DEFAULT NULL COMMENT '',
  `create_date` datetime DEFAULT NULL COMMENT '',
  `remote_addr` varchar(255) DEFAULT NULL COMMENT 'IP',
  `user_agent` varchar(255) DEFAULT NULL COMMENT '',
  `request_uri` varchar(255) DEFAULT NULL COMMENT 'URI',
  `method` varchar(5) DEFAULT NULL COMMENT '',
  `params` text COMMENT '',
  `exception` text COMMENT '',
  PRIMARY KEY (`id`),
  KEY `sys_log_create_by` (`create_by`),
  KEY `sys_log_request_uri` (`request_uri`),
  KEY `sys_log_type` (`type`),
  KEY `sys_log_create_date` (`create_date`)
) ENGINE=InnoDB DEFAULT CHARSET=utf8 COMMENT='';

-- ----------------------------
-- Records of sys_log
-- ----------------------------
INSERT INTO `sys_log` VALUES ('0358d7277c1f4a8c82f89b87774c7d77', '1', '--', '2', '2018-11-24 16:25:44', '127.0.0.1', 'Mozilla/5.0 (Windows NT 10.0; WOW64) AppleWebKit/537.36 (KHTML, like Gecko) Chrome/63.0.3239.132 Safari/537.36', '/admin/core/recharge/pvRecharge/confirm', 'GET', '', '');
INSERT INTO `sys_log` VALUES ('03dd0a0652434a9aa44234e6d5356039', '1', '--', '2', '2018-11-24 16:26:06', '127.0.0.1', 'Mozilla/5.0 (Windows NT 10.0; WOW64) AppleWebKit/537.36 (KHTML, like Gecko) Chrome/63.0.3239.132 Safari/537.36', '/admin/core/orders/orders/myOrders', 'GET', '', '');
INSERT INTO `sys_log` VALUES ('0731a9d452384436a9461e7ad2a7deb1', '1', '---', '2', '2018-11-24 16:28:54', '127.0.0.1', 'Mozilla/5.0 (Windows NT 10.0; WOW64) AppleWebKit/537.36 (KHTML, like Gecko) Chrome/63.0.3239.132 Safari/537.36', '/admin/core/transfer/transfer/form', 'GET', '', '');
INSERT INTO `sys_log` VALUES ('0998ca1b9b9143e9b4e1ec5dd3a1c509', '1', '--', '1', '2018-11-23 16:42:09', '127.0.0.1', 'Mozilla/5.0 (Windows NT 10.0; WOW64) AppleWebKit/537.36 (KHTML, like Gecko) Chrome/63.0.3239.132 Safari/537.36', '/admin/gen/genTable', 'GET', '', '');
INSERT INTO `sys_log` VALUES ('0d737d56720744c08b29726f315468aa', '1', '---', '1', '2018-11-26 15:05:05', '127.0.0.1', 'Mozilla/5.0 (Windows NT 10.0; WOW64) AppleWebKit/537.36 (KHTML, like Gecko) Chrome/63.0.3239.26 Safari/537.36 Core/1.63.5478.400 QQBrowser/10.1.1550.400', '/admin/sys/menu/form', 'GET', 'parent.id=15b9714953564f9da7804c58f1c7605e', '');
INSERT INTO `sys_log` VALUES ('0eb3c95caa3c4abd9b504b6ccf1c0baa', '1', '--', '1', '2018-11-23 16:42:06', '127.0.0.1', 'Mozilla/5.0 (Windows NT 10.0; WOW64) AppleWebKit/537.36 (KHTML, like Gecko) Chrome/63.0.3239.132 Safari/537.36', '/admin/sys/user/info', 'GET', '', '');
INSERT INTO `sys_log` VALUES ('0edac2f06fe7464bb07157038ee98644', '1', '--', '1', '2018-11-26 14:50:31', '127.0.0.1', 'Mozilla/5.0 (Windows NT 10.0; WOW64) AppleWebKit/537.36 (KHTML, like Gecko) Chrome/63.0.3239.26 Safari/537.36 Core/1.63.5478.400 QQBrowser/10.1.1550.400', '/admin/sys/user/info', 'GET', '', '');
INSERT INTO `sys_log` VALUES ('0fe70c328f61461f9e54389cac6c0869', '1', '---', '1', '2018-11-26 15:05:15', '127.0.0.1', 'Mozilla/5.0 (Windows NT 10.0; WOW64) AppleWebKit/537.36 (KHTML, like Gecko) Chrome/63.0.3239.26 Safari/537.36 Core/1.63.5478.400 QQBrowser/10.1.1550.400', '/admin/sys/menu/save', 'POST', 'id=&parent.id=15b9714953564f9da7804c58f1c7605e&parent.name=&name=edit&href=&target=&icon=&sort=60&isShow=0&permission=core:goods:goods:edit&remarks=', '');
INSERT INTO `sys_log` VALUES ('1534a562828d44e39e7398a08838b79a', '1', '--', '2', '2018-11-24 16:29:03', '127.0.0.1', 'Mozilla/5.0 (Windows NT 10.0; WOW64) AppleWebKit/537.36 (KHTML, like Gecko) Chrome/63.0.3239.132 Safari/537.36', '/admin/core/member/member/up', 'GET', '', '');
INSERT INTO `sys_log` VALUES ('1c577e242827454d898aa205b91fa3cb', '1', '--', '2', '2018-11-24 16:28:33', '127.0.0.1', 'Mozilla/5.0 (Windows NT 10.0; WOW64) AppleWebKit/537.36 (KHTML, like Gecko) Chrome/63.0.3239.132 Safari/537.36', '/admin/core/statistics/dayStatistics/', 'GET', '', '');
INSERT INTO `sys_log` VALUES ('1c9fec7984b84ed0939005a55d0f7f82', '1', '--', '2', '2018-11-24 16:29:04', '127.0.0.1', 'Mozilla/5.0 (Windows NT 10.0; WOW64) AppleWebKit/537.36 (KHTML, like Gecko) Chrome/63.0.3239.132 Safari/537.36', '/admin/core/member/member/acitvityUp', 'GET', '', '');
INSERT INTO `sys_log` VALUES ('1ce960e466134436ae23fdde6a2517e8', '1', '---', '1', '2018-11-23 16:42:46', '127.0.0.1', 'Mozilla/5.0 (Windows NT 10.0; WOW64) AppleWebKit/537.36 (KHTML, like Gecko) Chrome/63.0.3239.132 Safari/537.36', '/admin/test/testTree/form', 'GET', '', '');
INSERT INTO `sys_log` VALUES ('206dfea8f3a84fcc8bf555b1599859d8', '1', '--', '2', '2018-11-24 16:25:48', '127.0.0.1', 'Mozilla/5.0 (Windows NT 10.0; WOW64) AppleWebKit/537.36 (KHTML, like Gecko) Chrome/63.0.3239.132 Safari/537.36', '/admin/core/member/member/activate', 'GET', '', '');
INSERT INTO `sys_log` VALUES ('20bca7d8d0c0481d8f7aa70b2145f97c', '1', '--', '2', '2018-11-24 16:27:50', '127.0.0.1', 'Mozilla/5.0 (Windows NT 10.0; WOW64) AppleWebKit/537.36 (KHTML, like Gecko) Chrome/63.0.3239.132 Safari/537.36', '/admin/sys/user/recommend', 'GET', '', '');
INSERT INTO `sys_log` VALUES ('2367bc596f0c4767948c63063ebd2982', '1', '---', '1', '2018-11-26 14:50:36', '127.0.0.1', 'Mozilla/5.0 (Windows NT 10.0; WOW64) AppleWebKit/537.36 (KHTML, like Gecko) Chrome/63.0.3239.26 Safari/537.36 Core/1.63.5478.400 QQBrowser/10.1.1550.400', '/admin/sys/role/form', 'GET', '', '');
INSERT INTO `sys_log` VALUES ('256317c2a80249eeb79f553ae4a9fee6', '1', '---', '2', '2018-11-24 16:28:30', '127.0.0.1', 'Mozilla/5.0 (Windows NT 10.0; WOW64) AppleWebKit/537.36 (KHTML, like Gecko) Chrome/63.0.3239.132 Safari/537.36', '/admin/core/pvdetail/pvDetail/detail', 'GET', 'flag=allDetail', '');
INSERT INTO `sys_log` VALUES ('25b6e404565a4c9696192270fcb0b2bb', '1', '---', '1', '2018-11-26 15:04:58', '127.0.0.1', 'Mozilla/5.0 (Windows NT 10.0; WOW64) AppleWebKit/537.36 (KHTML, like Gecko) Chrome/63.0.3239.26 Safari/537.36 Core/1.63.5478.400 QQBrowser/10.1.1550.400', '/admin/sys/menu/save', 'POST', 'id=&parent.id=15b9714953564f9da7804c58f1c7605e&parent.name=&name=view&href=&target=&icon=&sort=30&isShow=0&permission=core:goods:goods:view&remarks=', '');
INSERT INTO `sys_log` VALUES ('25eb8f92c82043d49549107ceb3f9ead', '1', '--', '1', '2018-11-26 15:05:17', '127.0.0.1', 'Mozilla/5.0 (Windows NT 10.0; WOW64) AppleWebKit/537.36 (KHTML, like Gecko) Chrome/63.0.3239.26 Safari/537.36 Core/1.63.5478.400 QQBrowser/10.1.1550.400', '/admin/sys/role/', 'GET', '', '');
INSERT INTO `sys_log` VALUES ('267530e0cdc84da081e10c794e28f1ce', '1', '--', '2', '2018-11-24 16:29:14', '127.0.0.1', 'Mozilla/5.0 (Windows NT 10.0; WOW64) AppleWebKit/537.36 (KHTML, like Gecko) Chrome/63.0.3239.132 Safari/537.36', '/admin/core/pvdetail/pvDetail/', 'GET', '', '');
INSERT INTO `sys_log` VALUES ('27ede26d710a48bebcb9f2965d5ca01b', '1', '--', '2', '2018-11-24 16:28:40', '127.0.0.1', 'Mozilla/5.0 (Windows NT 10.0; WOW64) AppleWebKit/537.36 (KHTML, like Gecko) Chrome/63.0.3239.132 Safari/537.36', '/admin/core/pvdetail/pvDetail/', 'GET', '', '');
INSERT INTO `sys_log` VALUES ('27fddf54a58044a89a6a3d583dca696c', '1', '--', '2', '2018-11-24 16:30:37', '127.0.0.1', 'Mozilla/5.0 (Windows NT 10.0; WOW64) AppleWebKit/537.36 (KHTML, like Gecko) Chrome/63.0.3239.132 Safari/537.36', '/admin/core/member/member/realMember', 'GET', '', '');
INSERT INTO `sys_log` VALUES ('2ac9a0dd40034a67a670a94103a8219e', '1', '--', '1', '2018-11-23 16:42:44', '127.0.0.1', 'Mozilla/5.0 (Windows NT 10.0; WOW64) AppleWebKit/537.36 (KHTML, like Gecko) Chrome/63.0.3239.132 Safari/537.36', '/admin/test/testTree', 'GET', '', '');
INSERT INTO `sys_log` VALUES ('2db51a6f43ef4aea918ffcceb7b61d2c', '1', '--', '2', '2018-11-24 16:27:45', '127.0.0.1', 'Mozilla/5.0 (Windows NT 10.0; WOW64) AppleWebKit/537.36 (KHTML, like Gecko) Chrome/63.0.3239.132 Safari/537.36', '/admin/sys/user/net', 'GET', '', '');
INSERT INTO `sys_log` VALUES ('2ddd21478765415fa2feb4e1b447d04f', '1', '--', '2', '2018-11-24 16:28:57', '127.0.0.1', 'Mozilla/5.0 (Windows NT 10.0; WOW64) AppleWebKit/537.36 (KHTML, like Gecko) Chrome/63.0.3239.132 Safari/537.36', '/admin/core/recharge/pvRecharge/', 'GET', '', '');
INSERT INTO `sys_log` VALUES ('32b6bea29d4b4dd2959b9a06e43b7299', '1', '--', '1', '2018-11-26 14:52:20', '127.0.0.1', 'Mozilla/5.0 (Windows NT 10.0; WOW64) AppleWebKit/537.36 (KHTML, like Gecko) Chrome/63.0.3239.26 Safari/537.36 Core/1.63.5478.400 QQBrowser/10.1.1550.400', '/admin/sys/menu/', 'GET', '', '');
INSERT INTO `sys_log` VALUES ('3323f8c649294b01b029b3e725550956', '1', '--', '2', '2018-11-24 16:26:12', '127.0.0.1', 'Mozilla/5.0 (Windows NT 10.0; WOW64) AppleWebKit/537.36 (KHTML, like Gecko) Chrome/63.0.3239.132 Safari/537.36', '/admin/core/pvdetail/pvDetail/', 'GET', '', '');
INSERT INTO `sys_log` VALUES ('356139423f9740dca143ae398a60acf0', '1', '--', '1', '2018-11-26 15:03:32', '127.0.0.1', 'Mozilla/5.0 (Windows NT 10.0; WOW64) AppleWebKit/537.36 (KHTML, like Gecko) Chrome/63.0.3239.26 Safari/537.36 Core/1.63.5478.400 QQBrowser/10.1.1550.400', '/admin/sys/menu/', 'GET', '', '');
INSERT INTO `sys_log` VALUES ('392725481a9d459b901cdd9ac7271387', '1', '---', '2', '2018-11-24 16:28:32', '127.0.0.1', 'Mozilla/5.0 (Windows NT 10.0; WOW64) AppleWebKit/537.36 (KHTML, like Gecko) Chrome/63.0.3239.132 Safari/537.36', '/admin/core/pvdetail/pvDetail/detail', 'GET', 'flag=allDetail', '');
INSERT INTO `sys_log` VALUES ('3b59516e068a420e8ea38869cde60b55', '1', '', '2', '2018-11-24 16:24:44', '127.0.0.1', 'Mozilla/5.0 (Windows NT 10.0; WOW64) AppleWebKit/537.36 (KHTML, like Gecko) Chrome/63.0.3239.132 Safari/537.36', '/admin', 'GET', 'login=', '');
INSERT INTO `sys_log` VALUES ('3b62c9f5ff6f4a41ad6364d6ae9aa48e', '1', '---', '1', '2018-11-26 14:52:19', '127.0.0.1', 'Mozilla/5.0 (Windows NT 10.0; WOW64) AppleWebKit/537.36 (KHTML, like Gecko) Chrome/63.0.3239.26 Safari/537.36 Core/1.63.5478.400 QQBrowser/10.1.1550.400', '/admin/sys/menu/save', 'POST', 'id=&parent.id=e497e7a084484520b750a3deef59a602&parent.name=&name=&href=&target=&icon=&sort=150&isShow=1&permission=&remarks=', '');
INSERT INTO `sys_log` VALUES ('4180b4f6a04b47e88afb81a524636198', '1', '--', '2', '2018-11-24 16:24:46', '127.0.0.1', 'Mozilla/5.0 (Windows NT 10.0; WOW64) AppleWebKit/537.36 (KHTML, like Gecko) Chrome/63.0.3239.132 Safari/537.36', '/admin/sys/user/info', 'GET', '', '');
INSERT INTO `sys_log` VALUES ('423887d896644a958a90197f90ec243e', '1', '---', '1', '2018-11-26 15:03:32', '127.0.0.1', 'Mozilla/5.0 (Windows NT 10.0; WOW64) AppleWebKit/537.36 (KHTML, like Gecko) Chrome/63.0.3239.26 Safari/537.36 Core/1.63.5478.400 QQBrowser/10.1.1550.400', '/admin/sys/menu/save', 'POST', 'id=15b9714953564f9da7804c58f1c7605e&parent.id=e497e7a084484520b750a3deef59a602&parent.name=&name=&href=/core/orders/orders/deliverGoods&target=&icon=&sort=150&isShow=1&permission=&remarks=', '');
INSERT INTO `sys_log` VALUES ('44133705fefc4bd09ceb8af0f4462b4b', '1', '--', '2', '2018-11-24 16:33:34', '127.0.0.1', 'Mozilla/5.0 (Windows NT 10.0; WOW64) AppleWebKit/537.36 (KHTML, like Gecko) Chrome/63.0.3239.132 Safari/537.36', '/admin/core/goods/goods/', 'GET', '', '');
INSERT INTO `sys_log` VALUES ('4628545f33964c79be1c8c30781ff104', '1', '--', '2', '2018-11-24 16:30:39', '127.0.0.1', 'Mozilla/5.0 (Windows NT 10.0; WOW64) AppleWebKit/537.36 (KHTML, like Gecko) Chrome/63.0.3239.132 Safari/537.36', '/admin/core/member/member/realMember', 'GET', '', '');
INSERT INTO `sys_log` VALUES ('472db79b0fa44daab998e596a030aa55', '1', '---', '2', '2018-11-24 16:25:29', '127.0.0.1', 'Mozilla/5.0 (Windows NT 10.0; WOW64) AppleWebKit/537.36 (KHTML, like Gecko) Chrome/63.0.3239.132 Safari/537.36', '/admin/core/pvdetail/pvDetail/detail', 'GET', 'flag=allDetail', '');
INSERT INTO `sys_log` VALUES ('4bcefc7a6b2c4610a4d65ca1d61cd340', '1', '--', '2', '2018-11-24 16:27:41', '127.0.0.1', 'Mozilla/5.0 (Windows NT 10.0; WOW64) AppleWebKit/537.36 (KHTML, like Gecko) Chrome/63.0.3239.132 Safari/537.36', '/admin/sys/user/info', 'GET', '', '');
INSERT INTO `sys_log` VALUES ('4c30767233a843f69b0791cd221d038d', '1', '--', '2', '2018-11-24 16:28:51', '127.0.0.1', 'Mozilla/5.0 (Windows NT 10.0; WOW64) AppleWebKit/537.36 (KHTML, like Gecko) Chrome/63.0.3239.132 Safari/537.36', '/admin/core/transfer/transfer/', 'GET', '', '');
INSERT INTO `sys_log` VALUES ('4e06ab67adc04e54b91446a7cbee6c64', '1', '--', '1', '2018-11-26 15:04:29', '127.0.0.1', 'Mozilla/5.0 (Windows NT 10.0; WOW64) AppleWebKit/537.36 (KHTML, like Gecko) Chrome/63.0.3239.26 Safari/537.36 Core/1.63.5478.400 QQBrowser/10.1.1550.400', '/admin/sys/menu/', 'GET', '', '');
INSERT INTO `sys_log` VALUES ('51bd5e6c663848929a2c097f917b75aa', '1', '--', '2', '2018-11-24 16:28:57', '127.0.0.1', 'Mozilla/5.0 (Windows NT 10.0; WOW64) AppleWebKit/537.36 (KHTML, like Gecko) Chrome/63.0.3239.132 Safari/537.36', '/admin/core/recharge/pvRecharge/confirm', 'GET', '', '');
INSERT INTO `sys_log` VALUES ('527a2fad032a4ac69652eb5b0947abf7', '1', '---', '1', '2018-11-26 15:04:51', '127.0.0.1', 'Mozilla/5.0 (Windows NT 10.0; WOW64) AppleWebKit/537.36 (KHTML, like Gecko) Chrome/63.0.3239.26 Safari/537.36 Core/1.63.5478.400 QQBrowser/10.1.1550.400', '/admin/sys/menu/form', 'GET', 'parent.id=15b9714953564f9da7804c58f1c7605e', '');
INSERT INTO `sys_log` VALUES ('55af96e905cb401d8bac4d2d2c0512cc', '1', '--', '2', '2018-11-24 16:25:45', '127.0.0.1', 'Mozilla/5.0 (Windows NT 10.0; WOW64) AppleWebKit/537.36 (KHTML, like Gecko) Chrome/63.0.3239.132 Safari/537.36', '/admin/core/member/member/activate', 'GET', '', '');
INSERT INTO `sys_log` VALUES ('5cf46f5ae39346ddad20c7c0cc089b20', '1', '--', '2', '2018-11-24 16:26:13', '127.0.0.1', 'Mozilla/5.0 (Windows NT 10.0; WOW64) AppleWebKit/537.36 (KHTML, like Gecko) Chrome/63.0.3239.132 Safari/537.36', '/admin/sys/user/net', 'GET', '', '');
INSERT INTO `sys_log` VALUES ('5fda16d1fea44722b28f97a3c58fe67a', '1', '---', '1', '2018-11-26 15:04:06', '127.0.0.1', 'Mozilla/5.0 (Windows NT 10.0; WOW64) AppleWebKit/537.36 (KHTML, like Gecko) Chrome/63.0.3239.26 Safari/537.36 Core/1.63.5478.400 QQBrowser/10.1.1550.400', '/admin/sys/menu/form', 'GET', 'id=15b9714953564f9da7804c58f1c7605e', '');
INSERT INTO `sys_log` VALUES ('604297b01ed94aebbedf98f171c8f2d3', '1', '--', '1', '2018-11-26 14:51:30', '127.0.0.1', 'Mozilla/5.0 (Windows NT 10.0; WOW64) AppleWebKit/537.36 (KHTML, like Gecko) Chrome/63.0.3239.26 Safari/537.36 Core/1.63.5478.400 QQBrowser/10.1.1550.400', '/admin/sys/menu/', 'GET', '', '');
INSERT INTO `sys_log` VALUES ('62f5deaa32b941148c80e945d40ab5ac', '1', '--', '2', '2018-11-24 16:28:52', '127.0.0.1', 'Mozilla/5.0 (Windows NT 10.0; WOW64) AppleWebKit/537.36 (KHTML, like Gecko) Chrome/63.0.3239.132 Safari/537.36', '/admin/core/pvdetail/pvDetail/', 'GET', '', '');
INSERT INTO `sys_log` VALUES ('671f0893be6b4043b6cdc6b458475582', '1', '--', '2', '2018-11-24 16:28:55', '127.0.0.1', 'Mozilla/5.0 (Windows NT 10.0; WOW64) AppleWebKit/537.36 (KHTML, like Gecko) Chrome/63.0.3239.132 Safari/537.36', '/admin/core/transfer/transfer/', 'GET', '', '');
INSERT INTO `sys_log` VALUES ('6a44ea6d16494ee0aea2c1c58c050296', '1', '--', '2', '2018-11-24 16:25:53', '127.0.0.1', 'Mozilla/5.0 (Windows NT 10.0; WOW64) AppleWebKit/537.36 (KHTML, like Gecko) Chrome/63.0.3239.132 Safari/537.36', '/admin/core/goods/goods/', 'GET', '', '');
INSERT INTO `sys_log` VALUES ('6bec0824045e43af83df4b5d00b881f6', '1', '--', '2', '2018-11-24 16:26:09', '127.0.0.1', 'Mozilla/5.0 (Windows NT 10.0; WOW64) AppleWebKit/537.36 (KHTML, like Gecko) Chrome/63.0.3239.132 Safari/537.36', '/admin/core/member/member/store', 'GET', '', '');
INSERT INTO `sys_log` VALUES ('6d77e244372b4a47a5f50c801364d70e', '1', '--', '2', '2018-11-24 16:25:31', '127.0.0.1', 'Mozilla/5.0 (Windows NT 10.0; WOW64) AppleWebKit/537.36 (KHTML, like Gecko) Chrome/63.0.3239.132 Safari/537.36', '/admin/core/statistics/dayStatistics/', 'GET', '', '');
INSERT INTO `sys_log` VALUES ('6f76dc93de43437ea87b1b6ad8a48d38', '1', '--', '1', '2018-11-26 15:04:58', '127.0.0.1', 'Mozilla/5.0 (Windows NT 10.0; WOW64) AppleWebKit/537.36 (KHTML, like Gecko) Chrome/63.0.3239.26 Safari/537.36 Core/1.63.5478.400 QQBrowser/10.1.1550.400', '/admin/sys/menu/', 'GET', '', '');
INSERT INTO `sys_log` VALUES ('70a6ad699df942c8a3252e4a93e33e43', '1', '--', '1', '2018-11-26 14:51:12', '127.0.0.1', 'Mozilla/5.0 (Windows NT 10.0; WOW64) AppleWebKit/537.36 (KHTML, like Gecko) Chrome/63.0.3239.26 Safari/537.36 Core/1.63.5478.400 QQBrowser/10.1.1550.400', '/admin/sys/role/', 'GET', 'repage=', '');
INSERT INTO `sys_log` VALUES ('7145dae563d34a8b87db5a828add221d', '1', '--', '1', '2018-11-23 16:42:43', '127.0.0.1', 'Mozilla/5.0 (Windows NT 10.0; WOW64) AppleWebKit/537.36 (KHTML, like Gecko) Chrome/63.0.3239.132 Safari/537.36', '/admin/test/testDataMain', 'GET', '', '');
INSERT INTO `sys_log` VALUES ('76ab0a4bfb08481fa5ddf9f22bfc5aed', '1', '---', '1', '2018-11-26 14:51:12', '127.0.0.1', 'Mozilla/5.0 (Windows NT 10.0; WOW64) AppleWebKit/537.36 (KHTML, like Gecko) Chrome/63.0.3239.26 Safari/537.36 Core/1.63.5478.400 QQBrowser/10.1.1550.400', '/admin/sys/role/save', 'POST', 'id=&office.id=2&office.name=&oldName=&name=&oldEnname=&enname=ck&roleType=assignment&sysData=1&useable=1&dataScope=1&menuIds=&officeIds=&remarks=', '');
INSERT INTO `sys_log` VALUES ('772b64c472e141f39931933beaa2ffbf', '1', '--', '2', '2018-11-24 16:28:44', '127.0.0.1', 'Mozilla/5.0 (Windows NT 10.0; WOW64) AppleWebKit/537.36 (KHTML, like Gecko) Chrome/63.0.3239.132 Safari/537.36', '/admin/core/pvdetail/pvDetail/', 'GET', '', '');
INSERT INTO `sys_log` VALUES ('7f1f1612c6a94ffaa365098efea086c0', '1', '--', '2', '2018-11-24 16:27:04', '127.0.0.1', 'Mozilla/5.0 (Windows NT 10.0; WOW64) AppleWebKit/537.36 (KHTML, like Gecko) Chrome/63.0.3239.132 Safari/537.36', '/admin/core/member/member/activate', 'GET', '', '');
INSERT INTO `sys_log` VALUES ('82081f0b38364999b63cd1ac0fea5c30', '1', '--', '2', '2018-11-24 16:25:42', '127.0.0.1', 'Mozilla/5.0 (Windows NT 10.0; WOW64) AppleWebKit/537.36 (KHTML, like Gecko) Chrome/63.0.3239.132 Safari/537.36', '/admin/core/recharge/pvRecharge/', 'GET', '', '');
INSERT INTO `sys_log` VALUES ('82d3061ad730411ca27601afb7860692', '1', '--', '2', '2018-11-24 16:24:49', '127.0.0.1', 'Mozilla/5.0 (Windows NT 10.0; WOW64) AppleWebKit/537.36 (KHTML, like Gecko) Chrome/63.0.3239.132 Safari/537.36', '/admin/sys/user/modifyPwd', 'GET', '', '');
INSERT INTO `sys_log` VALUES ('84d508ad911a4cdea408ba0e0cd2ccc6', '1', '--', '2', '2018-11-24 16:33:39', '127.0.0.1', 'Mozilla/5.0 (Windows NT 10.0; WOW64) AppleWebKit/537.36 (KHTML, like Gecko) Chrome/63.0.3239.132 Safari/537.36', '/admin/core/goods/goods/', 'GET', '', '');
INSERT INTO `sys_log` VALUES ('8584ca05bfb44c2cb8e56f6ebe7aa65a', '1', '---', '1', '2018-11-26 14:52:07', '127.0.0.1', 'Mozilla/5.0 (Windows NT 10.0; WOW64) AppleWebKit/537.36 (KHTML, like Gecko) Chrome/63.0.3239.26 Safari/537.36 Core/1.63.5478.400 QQBrowser/10.1.1550.400', '/admin/sys/menu/form', 'GET', 'parent.id=e497e7a084484520b750a3deef59a602', '');
INSERT INTO `sys_log` VALUES ('889ef5956ea94cae96af1867993ccdbb', '1', '---', '1', '2018-11-26 15:02:27', '127.0.0.1', 'Mozilla/5.0 (Windows NT 10.0; WOW64) AppleWebKit/537.36 (KHTML, like Gecko) Chrome/63.0.3239.26 Safari/537.36 Core/1.63.5478.400 QQBrowser/10.1.1550.400', '/admin/sys/menu/form', 'GET', 'id=15b9714953564f9da7804c58f1c7605e', '');
INSERT INTO `sys_log` VALUES ('891f604f365540bdb3082f3d0f528818', '1', '--', '1', '2018-11-23 16:42:16', '127.0.0.1', 'Mozilla/5.0 (Windows NT 10.0; WOW64) AppleWebKit/537.36 (KHTML, like Gecko) Chrome/63.0.3239.132 Safari/537.36', '/admin/gen/genScheme', 'GET', '', '');
INSERT INTO `sys_log` VALUES ('89956f63e6e0456b8f1dd0f4d75e6c53', '1', '--', '2', '2018-11-24 16:28:31', '127.0.0.1', 'Mozilla/5.0 (Windows NT 10.0; WOW64) AppleWebKit/537.36 (KHTML, like Gecko) Chrome/63.0.3239.132 Safari/537.36', '/admin/core/statistics/dayStatistics/', 'GET', '', '');
INSERT INTO `sys_log` VALUES ('8e034f9cdf34474e9d2ea9dcf4deadcf', '1', '--', '2', '2018-11-24 16:28:59', '127.0.0.1', 'Mozilla/5.0 (Windows NT 10.0; WOW64) AppleWebKit/537.36 (KHTML, like Gecko) Chrome/63.0.3239.132 Safari/537.36', '/admin/core/member/member/activate', 'GET', '', '');
INSERT INTO `sys_log` VALUES ('8fa8c31570bf4c87b2dabc3f7a37b976', '1', '--', '2', '2018-11-24 16:25:38', '127.0.0.1', 'Mozilla/5.0 (Windows NT 10.0; WOW64) AppleWebKit/537.36 (KHTML, like Gecko) Chrome/63.0.3239.132 Safari/537.36', '/admin/core/transfer/transfer/', 'GET', '', '');
INSERT INTO `sys_log` VALUES ('90747512a4774b2caf500b604cc48c18', '1', '---', '2', '2018-11-24 16:29:33', '127.0.0.1', 'Mozilla/5.0 (Windows NT 10.0; WOW64) AppleWebKit/537.36 (KHTML, like Gecko) Chrome/63.0.3239.132 Safari/537.36', '/admin/core/pvdetail/pvDetail/detail', 'GET', 'createDate=2018-11-23', '');
INSERT INTO `sys_log` VALUES ('90f08ac618a84d8c896900bcd852021d', '1', '--', '2', '2018-11-24 16:24:57', '127.0.0.1', 'Mozilla/5.0 (Windows NT 10.0; WOW64) AppleWebKit/537.36 (KHTML, like Gecko) Chrome/63.0.3239.132 Safari/537.36', '/admin/sys/user/net', 'GET', '', '');
INSERT INTO `sys_log` VALUES ('922ec542a31d43668bbfc2829cd467d4', '1', '--', '2', '2018-11-24 16:26:11', '127.0.0.1', 'Mozilla/5.0 (Windows NT 10.0; WOW64) AppleWebKit/537.36 (KHTML, like Gecko) Chrome/63.0.3239.132 Safari/537.36', '/admin/core/pvdetail/pvDetail/', 'GET', '', '');
INSERT INTO `sys_log` VALUES ('928ce46974294be19b53e5ad88c6aac4', '1', '---', '2', '2018-11-23 17:05:18', '192.168.50.234', 'Mozilla/5.0 (Linux; U; Android 6.0.1; zh-cn; OPPO R9s Build/MMB29M) AppleWebKit/537.36 (KHTML, like Gecko) Version/4.0 Chrome/53.0.2785.134 Mobile Safari/537.36 OppoBrowser/4.8.1', '/admin/sys/user', 'GET', 'test=abc', '');
INSERT INTO `sys_log` VALUES ('952565efcb96489f9f37a922cf351b71', '1', '--', '1', '2018-11-26 15:05:35', '127.0.0.1', 'Mozilla/5.0 (Windows NT 10.0; WOW64) AppleWebKit/537.36 (KHTML, like Gecko) Chrome/63.0.3239.26 Safari/537.36 Core/1.63.5478.400 QQBrowser/10.1.1550.400', '/admin/sys/role/', 'GET', 'repage=', '');
INSERT INTO `sys_log` VALUES ('963af14034684d07bc99c6f1372e51f9', '1', '--', '1', '2018-11-23 16:42:50', '127.0.0.1', 'Mozilla/5.0 (Windows NT 10.0; WOW64) AppleWebKit/537.36 (KHTML, like Gecko) Chrome/63.0.3239.132 Safari/537.36', '/admin/gen/genTable', 'GET', '', '');
INSERT INTO `sys_log` VALUES ('96c9df1cc11d42ca8675bd31fd375736', '1', '--', '2', '2018-11-24 16:29:02', '127.0.0.1', 'Mozilla/5.0 (Windows NT 10.0; WOW64) AppleWebKit/537.36 (KHTML, like Gecko) Chrome/63.0.3239.132 Safari/537.36', '/admin/core/member/member/realMember', 'GET', '', '');
INSERT INTO `sys_log` VALUES ('96dd19e956ec4eeba5589cd8cd195a5a', '1', '--', '1', '2018-11-26 15:06:08', '127.0.0.1', 'Mozilla/5.0 (Windows NT 10.0; WOW64) AppleWebKit/537.36 (KHTML, like Gecko) Chrome/63.0.3239.26 Safari/537.36 Core/1.63.5478.400 QQBrowser/10.1.1550.400', '/admin/sys/role/', 'GET', '', '');
INSERT INTO `sys_log` VALUES ('9abdf0c6c1c34c678c8b93fe72e5d9d3', '1', '--', '2', '2018-11-24 16:25:23', '127.0.0.1', 'Mozilla/5.0 (Windows NT 10.0; WOW64) AppleWebKit/537.36 (KHTML, like Gecko) Chrome/63.0.3239.132 Safari/537.36', '/admin/core/member/member/storeManager', 'GET', '', '');
INSERT INTO `sys_log` VALUES ('9caa23b096054758a0e6c2d040aca0a4', '1', '--', '2', '2018-11-24 16:25:18', '127.0.0.1', 'Mozilla/5.0 (Windows NT 10.0; WOW64) AppleWebKit/537.36 (KHTML, like Gecko) Chrome/63.0.3239.132 Safari/537.36', '/admin/core/member/member/activate', 'GET', '', '');
INSERT INTO `sys_log` VALUES ('9dd3e12b2a9f4ebf8432e6978514c7e8', '1', '--', '2', '2018-11-24 16:28:43', '127.0.0.1', 'Mozilla/5.0 (Windows NT 10.0; WOW64) AppleWebKit/537.36 (KHTML, like Gecko) Chrome/63.0.3239.132 Safari/537.36', '/admin/core/transfer/transfer/', 'GET', '', '');
INSERT INTO `sys_log` VALUES ('9e71706c0b05479a806d855e586a6bb3', '1', '--', '2', '2018-11-24 16:27:45', '127.0.0.1', 'Mozilla/5.0 (Windows NT 10.0; WOW64) AppleWebKit/537.36 (KHTML, like Gecko) Chrome/63.0.3239.132 Safari/537.36', '/admin/sys/user/net', 'GET', '', '');
INSERT INTO `sys_log` VALUES ('9fc01715a9934f4a9276984bd096984d', '1', '---', '1', '2018-11-23 16:42:48', '127.0.0.1', 'Mozilla/5.0 (Windows NT 10.0; WOW64) AppleWebKit/537.36 (KHTML, like Gecko) Chrome/63.0.3239.132 Safari/537.36', '/admin/test/testTree/', 'GET', '', '');
INSERT INTO `sys_log` VALUES ('a1c9623fd0bf40d3b22e3d9544eb5506', '1', '--', '2', '2018-11-24 16:28:26', '127.0.0.1', 'Mozilla/5.0 (Windows NT 10.0; WOW64) AppleWebKit/537.36 (KHTML, like Gecko) Chrome/63.0.3239.132 Safari/537.36', '/admin/core/statistics/dayStatistics/', 'GET', '', '');
INSERT INTO `sys_log` VALUES ('a4efef16b9494255ad45f5a9b9e45650', '1', '---', '2', '2018-11-24 16:29:56', '127.0.0.1', 'Mozilla/5.0 (Windows NT 10.0; WOW64) AppleWebKit/537.36 (KHTML, like Gecko) Chrome/63.0.3239.132 Safari/537.36', '/admin/core/pvdetail/pvDetail/detail', 'GET', 'name=a0101&flag=detail', '');
INSERT INTO `sys_log` VALUES ('af354629c9084200a05f0628d54a7061', '1', '--', '1', '2018-11-26 15:05:15', '127.0.0.1', 'Mozilla/5.0 (Windows NT 10.0; WOW64) AppleWebKit/537.36 (KHTML, like Gecko) Chrome/63.0.3239.26 Safari/537.36 Core/1.63.5478.400 QQBrowser/10.1.1550.400', '/admin/sys/menu/', 'GET', '', '');
INSERT INTO `sys_log` VALUES ('af46a30d186c4d979d0e8647423a6232', '1', '--', '2', '2018-11-24 16:30:38', '127.0.0.1', 'Mozilla/5.0 (Windows NT 10.0; WOW64) AppleWebKit/537.36 (KHTML, like Gecko) Chrome/63.0.3239.132 Safari/537.36', '/admin/core/member/member/up', 'GET', '', '');
INSERT INTO `sys_log` VALUES ('b100ca6273d642c3950377396d7f4a04', '1', '--', '1', '2018-11-23 16:42:48', '127.0.0.1', 'Mozilla/5.0 (Windows NT 10.0; WOW64) AppleWebKit/537.36 (KHTML, like Gecko) Chrome/63.0.3239.132 Safari/537.36', '/admin/test/testData', 'GET', '', '');
INSERT INTO `sys_log` VALUES ('baa7cc35edbd47d8a104d98122f3a820', '1', '---', '2', '2018-11-24 16:27:56', '127.0.0.1', 'Mozilla/5.0 (Windows NT 10.0; WOW64) AppleWebKit/537.36 (KHTML, like Gecko) Chrome/63.0.3239.132 Safari/537.36', '/admin/core/pvdetail/pvDetail/detail', 'GET', 'flag=allDetail', '');
INSERT INTO `sys_log` VALUES ('bb80523fb9eb4bd4886b72d7560f0544', '1', '--', '2', '2018-11-24 16:25:03', '127.0.0.1', 'Mozilla/5.0 (Windows NT 10.0; WOW64) AppleWebKit/537.36 (KHTML, like Gecko) Chrome/63.0.3239.132 Safari/537.36', '/admin/sys/user/recommend', 'GET', '', '');
INSERT INTO `sys_log` VALUES ('bb8289ebb8504bbcb18a4035a07afb20', '1', '--', '1', '2018-11-26 14:50:31', '127.0.0.1', 'Mozilla/5.0 (Windows NT 10.0; WOW64) AppleWebKit/537.36 (KHTML, like Gecko) Chrome/63.0.3239.26 Safari/537.36 Core/1.63.5478.400 QQBrowser/10.1.1550.400', '/admin/sys/user/index', 'GET', '', '');
INSERT INTO `sys_log` VALUES ('bbd7d13e299d44c988bfc2fcf07c7623', '1', '--', '2', '2018-11-24 16:34:02', '127.0.0.1', 'Mozilla/5.0 (Windows NT 10.0; WOW64) AppleWebKit/537.36 (KHTML, like Gecko) Chrome/63.0.3239.132 Safari/537.36', '/admin/core/orders/orders/myOrders', 'GET', '', '');
INSERT INTO `sys_log` VALUES ('be44d229790046d7a12a3533985b255d', '1', '--', '1', '2018-11-26 14:50:34', '127.0.0.1', 'Mozilla/5.0 (Windows NT 10.0; WOW64) AppleWebKit/537.36 (KHTML, like Gecko) Chrome/63.0.3239.26 Safari/537.36 Core/1.63.5478.400 QQBrowser/10.1.1550.400', '/admin/sys/role/', 'GET', '', '');
INSERT INTO `sys_log` VALUES ('c0d52011d4734d3a898a232b74ad6253', '1', '', '2', '2018-11-23 17:05:12', '192.168.50.234', 'Mozilla/5.0 (Linux; U; Android 6.0.1; zh-cn; OPPO R9s Build/MMB29M) AppleWebKit/537.36 (KHTML, like Gecko) Version/4.0 Chrome/53.0.2785.134 Mobile Safari/537.36 OppoBrowser/4.8.1', '/admin', 'GET', 'login=', '');
INSERT INTO `sys_log` VALUES ('c1293da6bca54e28aff55f1f774212ab', '1', '--', '2', '2018-11-24 16:33:55', '127.0.0.1', 'Mozilla/5.0 (Windows NT 10.0; WOW64) AppleWebKit/537.36 (KHTML, like Gecko) Chrome/63.0.3239.132 Safari/537.36', '/admin/core/goods/goods/shop', 'GET', '', '');
INSERT INTO `sys_log` VALUES ('c1d005e9997a4e9392e68f44e3123aa2', '1', '---view', '2', '2018-11-24 16:26:03', '127.0.0.1', 'Mozilla/5.0 (Windows NT 10.0; WOW64) AppleWebKit/537.36 (KHTML, like Gecko) Chrome/63.0.3239.132 Safari/537.36', '/admin/core/goods/goods/form', 'GET', 'id=d02d72697514459bacddcc47eedb5674', '');
INSERT INTO `sys_log` VALUES ('c50633002a77407984b93da3a38363f9', '1', '---', '1', '2018-11-26 15:05:35', '127.0.0.1', 'Mozilla/5.0 (Windows NT 10.0; WOW64) AppleWebKit/537.36 (KHTML, like Gecko) Chrome/63.0.3239.26 Safari/537.36 Core/1.63.5478.400 QQBrowser/10.1.1550.400', '/admin/sys/role/save', 'POST', 'id=459217f333964a32b8fc42af0ace49cb&office.id=2&office.name=&oldName=&name=&oldEnname=ck&enname=ck&roleType=assignment&sysData=1&useable=1&dataScope=1&menuIds=1,55eeeded5e624e92908aa042bf124b63,e497e7a084484520b750a3deef59a602,15b9714953564f9da7804c58f1c76...&officeIds=&remarks=', '');
INSERT INTO `sys_log` VALUES ('c86abb1aa26d4428a7a663eb33e24716', '1', '--', '2', '2018-11-24 16:28:53', '127.0.0.1', 'Mozilla/5.0 (Windows NT 10.0; WOW64) AppleWebKit/537.36 (KHTML, like Gecko) Chrome/63.0.3239.132 Safari/537.36', '/admin/core/transfer/transfer/', 'GET', '', '');
INSERT INTO `sys_log` VALUES ('cbf2a2e4a82a43a8b75ca3a7ccab60ba', '1', '--', '2', '2018-11-24 16:25:58', '127.0.0.1', 'Mozilla/5.0 (Windows NT 10.0; WOW64) AppleWebKit/537.36 (KHTML, like Gecko) Chrome/63.0.3239.132 Safari/537.36', '/admin/core/goods/goods/', 'GET', '', '');
INSERT INTO `sys_log` VALUES ('cc0d7a13c120430e817c9cbe0b4155da', '1', '', '1', '2018-11-23 16:42:05', '127.0.0.1', 'Mozilla/5.0 (Windows NT 10.0; WOW64) AppleWebKit/537.36 (KHTML, like Gecko) Chrome/63.0.3239.132 Safari/537.36', '/admin', 'GET', 'login=', '');
INSERT INTO `sys_log` VALUES ('cc9a1fc976be4359bf9dfee2cb9411a4', '1', '--', '2', '2018-11-24 16:27:04', '127.0.0.1', 'Mozilla/5.0 (Windows NT 10.0; WOW64) AppleWebKit/537.36 (KHTML, like Gecko) Chrome/63.0.3239.132 Safari/537.36', '/admin/core/pvdetail/pvDetail/', 'GET', '', '');
INSERT INTO `sys_log` VALUES ('cdc78d04f88b4e84a60f2ba20d937318', '1', '--', '2', '2018-11-24 16:25:17', '127.0.0.1', 'Mozilla/5.0 (Windows NT 10.0; WOW64) AppleWebKit/537.36 (KHTML, like Gecko) Chrome/63.0.3239.132 Safari/537.36', '/admin/sys/user/net', 'GET', '', '');
INSERT INTO `sys_log` VALUES ('d3ebe4ac12e44c83979ff3704e1febfe', '1', '---', '1', '2018-11-26 15:05:25', '127.0.0.1', 'Mozilla/5.0 (Windows NT 10.0; WOW64) AppleWebKit/537.36 (KHTML, like Gecko) Chrome/63.0.3239.26 Safari/537.36 Core/1.63.5478.400 QQBrowser/10.1.1550.400', '/admin/sys/role/form', 'GET', 'id=459217f333964a32b8fc42af0ace49cb', '');
INSERT INTO `sys_log` VALUES ('d6d81372d40449ceb31eb93ec9b15b21', '1', '--', '2', '2018-11-24 16:30:23', '127.0.0.1', 'Mozilla/5.0 (Windows NT 10.0; WOW64) AppleWebKit/537.36 (KHTML, like Gecko) Chrome/63.0.3239.132 Safari/537.36', '/admin/core/statistics/dayStatistics/', 'GET', '', '');
INSERT INTO `sys_log` VALUES ('d7391ee866ce41749bfab1fb77a5cd45', '1', '--', '2', '2018-11-24 16:29:11', '127.0.0.1', 'Mozilla/5.0 (Windows NT 10.0; WOW64) AppleWebKit/537.36 (KHTML, like Gecko) Chrome/63.0.3239.132 Safari/537.36', '/admin/core/pvdetail/pvDetail/', 'GET', '', '');
INSERT INTO `sys_log` VALUES ('d75401927c8f4fd8938516fca722d713', '1', '---', '1', '2018-11-26 14:50:33', '127.0.0.1', 'Mozilla/5.0 (Windows NT 10.0; WOW64) AppleWebKit/537.36 (KHTML, like Gecko) Chrome/63.0.3239.26 Safari/537.36 Core/1.63.5478.400 QQBrowser/10.1.1550.400', '/admin/sys/user/list', 'GET', '', '');
INSERT INTO `sys_log` VALUES ('dbf18fe6a2624f3da36ed32951b9a5b7', '1', '--', '2', '2018-11-24 16:25:34', '127.0.0.1', 'Mozilla/5.0 (Windows NT 10.0; WOW64) AppleWebKit/537.36 (KHTML, like Gecko) Chrome/63.0.3239.132 Safari/537.36', '/admin/core/pvdetail/pvDetail/', 'GET', '', '');
INSERT INTO `sys_log` VALUES ('de18638b7bc34b92b4384bd8eb807fb9', '1', '---', '2', '2018-11-24 16:29:12', '127.0.0.1', 'Mozilla/5.0 (Windows NT 10.0; WOW64) AppleWebKit/537.36 (KHTML, like Gecko) Chrome/63.0.3239.132 Safari/537.36', '/admin/core/pvdetail/pvDetail/detail', 'GET', 'flag=allDetail', '');
INSERT INTO `sys_log` VALUES ('de757de798c54bb99e7583dc40840374', '1', '--', '2', '2018-11-24 16:25:15', '127.0.0.1', 'Mozilla/5.0 (Windows NT 10.0; WOW64) AppleWebKit/537.36 (KHTML, like Gecko) Chrome/63.0.3239.132 Safari/537.36', '/admin/sys/user/recommend', 'GET', '', '');
INSERT INTO `sys_log` VALUES ('deb9fd66c0474a76aff0767ad2ab3a03', '1', '--', '2', '2018-11-24 16:26:07', '127.0.0.1', 'Mozilla/5.0 (Windows NT 10.0; WOW64) AppleWebKit/537.36 (KHTML, like Gecko) Chrome/63.0.3239.132 Safari/537.36', '/admin/core/goods/goods/shop', 'GET', '', '');
INSERT INTO `sys_log` VALUES ('def1f54cf52a4675a38c322953207d0b', '1', '---', '1', '2018-11-26 15:04:29', '127.0.0.1', 'Mozilla/5.0 (Windows NT 10.0; WOW64) AppleWebKit/537.36 (KHTML, like Gecko) Chrome/63.0.3239.26 Safari/537.36 Core/1.63.5478.400 QQBrowser/10.1.1550.400', '/admin/sys/menu/save', 'POST', 'id=15b9714953564f9da7804c58f1c7605e&parent.id=e497e7a084484520b750a3deef59a602&parent.name=&name=&href=/core/orders/orders/deliverGoodsList&target=&icon=&sort=150&isShow=1&permission=&remarks=', '');
INSERT INTO `sys_log` VALUES ('df6092be9b2a47faa2e441f70840f28d', '1', '--', '2', '2018-11-24 16:27:54', '127.0.0.1', 'Mozilla/5.0 (Windows NT 10.0; WOW64) AppleWebKit/537.36 (KHTML, like Gecko) Chrome/63.0.3239.132 Safari/537.36', '/admin/core/pvdetail/pvDetail/', 'GET', '', '');
INSERT INTO `sys_log` VALUES ('e1e3b2ad65c44d0394a83dca38956bb7', '1', '--', '2', '2018-11-24 16:25:05', '127.0.0.1', 'Mozilla/5.0 (Windows NT 10.0; WOW64) AppleWebKit/537.36 (KHTML, like Gecko) Chrome/63.0.3239.132 Safari/537.36', '/admin/sys/user/net', 'GET', '', '');
INSERT INTO `sys_log` VALUES ('e2930ef828ea4e5f9dc74f5fd7cfd689', '1', '--', '2', '2018-11-24 16:29:09', '127.0.0.1', 'Mozilla/5.0 (Windows NT 10.0; WOW64) AppleWebKit/537.36 (KHTML, like Gecko) Chrome/63.0.3239.132 Safari/537.36', '/admin/sys/user/recommend', 'GET', '', '');
INSERT INTO `sys_log` VALUES ('e3d0d61ac19942858bff5930ce48706e', '1', '--', '2', '2018-11-24 16:25:47', '127.0.0.1', 'Mozilla/5.0 (Windows NT 10.0; WOW64) AppleWebKit/537.36 (KHTML, like Gecko) Chrome/63.0.3239.132 Safari/537.36', '/admin/core/member/member/realMember', 'GET', '', '');
INSERT INTO `sys_log` VALUES ('e837d6a3a0074b4e937d32034150cb4a', '1', '---', '2', '2018-11-24 16:30:03', '127.0.0.1', 'Mozilla/5.0 (Windows NT 10.0; WOW64) AppleWebKit/537.36 (KHTML, like Gecko) Chrome/63.0.3239.132 Safari/537.36', '/admin/core/pvdetail/pvDetail/detail', 'GET', 'flag=allDetail', '');
INSERT INTO `sys_log` VALUES ('e85f8e54bed74592bbfd1928611599c4', '1', '--', '2', '2018-11-24 16:26:12', '127.0.0.1', 'Mozilla/5.0 (Windows NT 10.0; WOW64) AppleWebKit/537.36 (KHTML, like Gecko) Chrome/63.0.3239.132 Safari/537.36', '/admin/sys/user/recommend', 'GET', '', '');
INSERT INTO `sys_log` VALUES ('ea01c23b43ec47e08725baf9f7d17a94', '1', '--', '2', '2018-11-24 16:25:50', '127.0.0.1', 'Mozilla/5.0 (Windows NT 10.0; WOW64) AppleWebKit/537.36 (KHTML, like Gecko) Chrome/63.0.3239.132 Safari/537.36', '/admin/core/member/member/acitvityUp', 'GET', '', '');
INSERT INTO `sys_log` VALUES ('eaa35b60d4914834a8f5af249f0e7203', '1', '--', '2', '2018-11-24 16:25:49', '127.0.0.1', 'Mozilla/5.0 (Windows NT 10.0; WOW64) AppleWebKit/537.36 (KHTML, like Gecko) Chrome/63.0.3239.132 Safari/537.36', '/admin/core/member/member/up', 'GET', '', '');
INSERT INTO `sys_log` VALUES ('f5700550da2640a5ba2226ab3f32bc9c', '1', '', '1', '2018-11-26 14:50:29', '127.0.0.1', 'Mozilla/5.0 (Windows NT 10.0; WOW64) AppleWebKit/537.36 (KHTML, like Gecko) Chrome/63.0.3239.26 Safari/537.36 Core/1.63.5478.400 QQBrowser/10.1.1550.400', '/admin;JSESSIONID=9e0598834178421bb4cedc88aefdc173', 'GET', 'login=', '');
INSERT INTO `sys_log` VALUES ('f780b9814c6e4c67b007e468dfde4e98', '1', '--', '2', '2018-11-24 16:25:06', '127.0.0.1', 'Mozilla/5.0 (Windows NT 10.0; WOW64) AppleWebKit/537.36 (KHTML, like Gecko) Chrome/63.0.3239.132 Safari/537.36', '/admin/sys/user/recommend', 'GET', '', '');
INSERT INTO `sys_log` VALUES ('f8dbd60e2d724ecab64b15690b05c79a', '1', '--', '2', '2018-11-24 16:25:26', '127.0.0.1', 'Mozilla/5.0 (Windows NT 10.0; WOW64) AppleWebKit/537.36 (KHTML, like Gecko) Chrome/63.0.3239.132 Safari/537.36', '/admin/core/pvdetail/pvDetail/', 'GET', '', '');
INSERT INTO `sys_log` VALUES ('f93d8528b13147f6b9fd00e60c9a6fea', '1', '--', '1', '2018-11-23 16:42:41', '127.0.0.1', 'Mozilla/5.0 (Windows NT 10.0; WOW64) AppleWebKit/537.36 (KHTML, like Gecko) Chrome/63.0.3239.132 Safari/537.36', '/admin/test/testData', 'GET', '', '');
INSERT INTO `sys_log` VALUES ('f98e3ebf987343d690b1addb28a92940', '1', '--', '2', '2018-11-24 16:25:39', '127.0.0.1', 'Mozilla/5.0 (Windows NT 10.0; WOW64) AppleWebKit/537.36 (KHTML, like Gecko) Chrome/63.0.3239.132 Safari/537.36', '/admin/core/pvdetail/pvDetail/', 'GET', '', '');
INSERT INTO `sys_log` VALUES ('fa738e2fe55e45c59922d1e42496dc3f', '1', '--', '2', '2018-11-24 16:30:35', '127.0.0.1', 'Mozilla/5.0 (Windows NT 10.0; WOW64) AppleWebKit/537.36 (KHTML, like Gecko) Chrome/63.0.3239.132 Safari/537.36', '/admin/core/member/member/activate', 'GET', '', '');
INSERT INTO `sys_log` VALUES ('fbbea7ba532d4a3995610f1caceb9699', '1', '--', '2', '2018-11-24 16:25:13', '127.0.0.1', 'Mozilla/5.0 (Windows NT 10.0; WOW64) AppleWebKit/537.36 (KHTML, like Gecko) Chrome/63.0.3239.132 Safari/537.36', '/admin/sys/user/net', 'GET', '', '');
INSERT INTO `sys_log` VALUES ('feff01c469074bbb8d4ed068447ad2d1', '1', '--', '2', '2018-11-24 16:28:29', '127.0.0.1', 'Mozilla/5.0 (Windows NT 10.0; WOW64) AppleWebKit/537.36 (KHTML, like Gecko) Chrome/63.0.3239.132 Safari/537.36', '/admin/core/statistics/dayStatistics/', 'GET', '', '');
INSERT INTO `sys_log` VALUES ('ff8076300db24b87844e97304cccedd6', '1', '--', '2', '2018-11-24 16:25:20', '127.0.0.1', 'Mozilla/5.0 (Windows NT 10.0; WOW64) AppleWebKit/537.36 (KHTML, like Gecko) Chrome/63.0.3239.132 Safari/537.36', '/admin/core/member/member/realMemberManager', 'GET', '', '');

-- ----------------------------
-- Table structure for sys_mdict
-- ----------------------------
DROP TABLE IF EXISTS `sys_mdict`;
CREATE TABLE `sys_mdict` (
  `id` varchar(64) NOT NULL COMMENT '',
  `parent_id` varchar(64) NOT NULL COMMENT '',
  `parent_ids` varchar(2000) NOT NULL COMMENT '',
  `name` varchar(100) NOT NULL COMMENT '',
  `sort` decimal(10,0) NOT NULL COMMENT '',
  `description` varchar(100) DEFAULT NULL COMMENT '',
  `create_by` varchar(64) NOT NULL COMMENT '',
  `create_date` datetime NOT NULL COMMENT '',
  `update_by` varchar(64) NOT NULL COMMENT '',
  `update_date` datetime NOT NULL COMMENT '',
  `remarks` varchar(255) DEFAULT NULL COMMENT '',
  `del_flag` char(1) NOT NULL DEFAULT '0' COMMENT '',
  PRIMARY KEY (`id`),
  KEY `sys_mdict_parent_id` (`parent_id`),
  KEY `sys_mdict_del_flag` (`del_flag`)
) ENGINE=InnoDB DEFAULT CHARSET=utf8 COMMENT='';

-- ----------------------------
-- Records of sys_mdict
-- ----------------------------

-- ----------------------------
-- Table structure for sys_member
-- ----------------------------
DROP TABLE IF EXISTS `sys_member`;
CREATE TABLE `sys_member` (
  `id` varchar(64) NOT NULL COMMENT '',
  `userId` varchar(64) NOT NULL COMMENT 'id',
  `login_name` varchar(100) NOT NULL,
  `store` varchar(64) NOT NULL COMMENT '/id',
  `Referee` varchar(64) NOT NULL COMMENT 'id',
  `Contact` varchar(64) NOT NULL COMMENT 'id',
  `baodan` varchar(64) NOT NULL COMMENT '',
  `area` varchar(5) NOT NULL COMMENT 'A/B',
  `memberLevel` varchar(5) NOT NULL COMMENT '',
  `bank` varchar(100) NOT NULL COMMENT '',
  `bankNo` varchar(50) NOT NULL COMMENT '',
  `bankName` varchar(50) NOT NULL COMMENT '',
  `idCard` varchar(20) DEFAULT NULL COMMENT '',
  `create_by` varchar(64) NOT NULL COMMENT '',
  `create_date` datetime NOT NULL COMMENT '',
  `update_by` varchar(64) NOT NULL COMMENT '',
  `update_date` datetime NOT NULL COMMENT '',
  `remarks` varchar(255) DEFAULT NULL COMMENT '',
  `del_flag` char(1) NOT NULL DEFAULT '0' COMMENT '',
  `sex` varchar(2) DEFAULT '1' COMMENT '12',
  `address` varchar(500) DEFAULT NULL COMMENT '',
  `QQ` varchar(15) DEFAULT NULL COMMENT 'QQ',
  `isStore` varchar(2) NOT NULL DEFAULT '0' COMMENT '01',
  `activate` varchar(2) NOT NULL DEFAULT '0' COMMENT '01',
  `referees` varchar(5000) NOT NULL,
  `contacts` varchar(5000) DEFAULT NULL,
  `store_date` datetime DEFAULT NULL COMMENT '',
  `activate_date` datetime DEFAULT NULL COMMENT '',
  PRIMARY KEY (`id`)
) ENGINE=InnoDB DEFAULT CHARSET=utf8 COMMENT='';

-- ----------------------------
-- Records of sys_member
-- ----------------------------
INSERT INTO `sys_member` VALUES ('183ab82360e34b5a84f72aeadee97b69', '5b11e16ade11486bb9620dcda031d52c', 'b01', 'admin', 'admin', 'admin', 'admin', 'B', '3', 'cbc', '2', '2', '', '2', '2018-11-14 14:09:36', '2', '2018-11-14 14:09:36', '', '0', null, '', '', '0', '1', '0,admin', '0,admin', null, '2018-11-14 14:10:38');
INSERT INTO `sys_member` VALUES ('2cb1326b1e154cdd992280bfcd95474d', '86b6322c46c740c099ef0381189b2d6f', 'a01', 'admin', 'admin', 'admin', 'admin', 'A', '3', 'cbc', '1', '1', '', '2', '2018-11-14 13:44:02', '2', '2018-11-14 13:44:02', '', '0', null, '', '', '0', '1', '0,admin', '0,admin', null, '2018-11-14 13:54:33');
INSERT INTO `sys_member` VALUES ('6a4798bfe5dc42349f92f023d1d04848', '3df888c8305845e5afdde4bb4a16cab5', 'a0102', 'admin', 'a01', 'a01', 'admin', 'B', '3', 'cbc', '2', '2', '', '2', '2018-11-14 14:54:51', '2', '2018-11-14 14:54:51', '', '0', null, '', '', '0', '1', '0,admin,a01', '0,admin,a01', null, '2018-11-14 14:55:03');
INSERT INTO `sys_member` VALUES ('8a4f504e948242b6bdfbd97adbd9b2da', '300ffab678ab43e6ae8fe37715639e0a', 'b0101', 'admin', 'b01', 'b01', 'admin', 'A', '3', 'cbc', '2', '2', '', '2', '2018-11-15 09:14:44', '2', '2018-11-15 09:14:44', '', '0', null, '', '', '0', '1', '0,admin,b01', '0,admin,b01', null, '2018-11-15 09:14:52');
INSERT INTO `sys_member` VALUES ('ce5dbd513d5e448485999566446d549e', '2', 'admin', 'admin', '0', '0', 'admin', '0', '3', 'cbc', '1', '1', '123', '1', '2018-07-30 22:24:38', '1', '2018-10-30 22:24:38', '1', '0', '1', '123', '1', '1', '1', '0', '0', null, '2018-11-08 15:30:52');
INSERT INTO `sys_member` VALUES ('f79fe23ba26f4774a499132bf24962e6', 'ebd1849c55ac4277a491c01695a9a468', 'a0101', 'admin', 'a01', 'a01', 'admin', 'A', '3', 'cbc', '0101', '0101', '', '2', '2018-01-14 14:50:55', '2', '2018-11-14 14:50:55', '', '0', null, '', '', '1', '1', '0,admin,a01', '0,admin,a01', '2018-11-15 16:20:30', '2018-11-14 14:51:30');

-- ----------------------------
-- Table structure for sys_menu
-- ----------------------------
DROP TABLE IF EXISTS `sys_menu`;
CREATE TABLE `sys_menu` (
  `id` varchar(64) NOT NULL COMMENT '',
  `parent_id` varchar(64) NOT NULL COMMENT '',
  `parent_ids` varchar(2000) NOT NULL COMMENT '',
  `name` varchar(100) NOT NULL COMMENT '',
  `sort` decimal(10,0) NOT NULL COMMENT '',
  `href` varchar(2000) DEFAULT NULL COMMENT '',
  `target` varchar(20) DEFAULT NULL COMMENT '',
  `icon` varchar(100) DEFAULT NULL COMMENT '',
  `is_show` char(1) NOT NULL COMMENT '',
  `permission` varchar(200) DEFAULT NULL COMMENT '',
  `create_by` varchar(64) NOT NULL COMMENT '',
  `create_date` datetime NOT NULL COMMENT '',
  `update_by` varchar(64) NOT NULL COMMENT '',
  `update_date` datetime NOT NULL COMMENT '',
  `remarks` varchar(255) DEFAULT NULL COMMENT '',
  `del_flag` char(1) NOT NULL DEFAULT '0' COMMENT '',
  PRIMARY KEY (`id`),
  KEY `sys_menu_parent_id` (`parent_id`),
  KEY `sys_menu_del_flag` (`del_flag`)
) ENGINE=InnoDB DEFAULT CHARSET=utf8 COMMENT='';

-- ----------------------------
-- Records of sys_menu
-- ----------------------------
INSERT INTO `sys_menu` VALUES ('070d8ff2c1614d71a8e77fe85297f732', 'e497e7a084484520b750a3deef59a602', '0,1,55eeeded5e624e92908aa042bf124b63,e497e7a084484520b750a3deef59a602,', '', '120', '/core/orders/orders/myOrders', '', '', '1', '', '1', '2018-11-23 10:24:46', '1', '2018-11-23 10:24:46', '', '0');
INSERT INTO `sys_menu` VALUES ('0b2ebd4d639e4c2b83c2dd0764522f24', 'ba8092291b40482db8fe7fc006ea3d76', '0,1,79,3c92c17886944d0687e73e286cada573,ba8092291b40482db8fe7fc006ea3d76,', '', '60', '', '', '', '0', 'test:testData:edit', '1', '2013-08-12 13:10:05', '1', '2013-08-12 13:10:05', '', '0');
INSERT INTO `sys_menu` VALUES ('0ca004d6b1bf4bcab9670a5060d82a55', '3c92c17886944d0687e73e286cada573', '0,1,79,3c92c17886944d0687e73e286cada573,', '', '90', '/test/testTree', '', '', '1', '', '1', '2013-08-12 13:10:05', '1', '2013-08-12 13:10:05', '', '0');
INSERT INTO `sys_menu` VALUES ('0eb9d835c009480a8ebd6d9b756eeb27', 'f00806da831a4d2eac59920dfbefa937', '0,1,55eeeded5e624e92908aa042bf124b63,c8e72db59d064b31b68fb7b2798c7c7f,f00806da831a4d2eac59920dfbefa937,', '', '30', '', '', '', '0', 'core:member:member:view', '1', '2018-11-08 10:57:00', '1', '2018-11-08 10:57:00', '', '0');
INSERT INTO `sys_menu` VALUES ('0f063efa7735490e8732ef7083699b87', '3', '0,1,2,3,', '', '90', '/core/setting/memberSetting/form', '', 'cog', '1', '', '1', '2018-11-07 13:44:01', '1', '2018-11-07 13:50:42', '', '0');
INSERT INTO `sys_menu` VALUES ('0fcf6bc8ebf64724a649692be822c8fc', '15b9714953564f9da7804c58f1c7605e', '0,1,55eeeded5e624e92908aa042bf124b63,e497e7a084484520b750a3deef59a602,15b9714953564f9da7804c58f1c7605e,', 'edit', '60', '', '', '', '0', 'core:goods:goods:edit', '1', '2018-11-26 15:05:15', '1', '2018-11-26 15:05:15', '', '0');
INSERT INTO `sys_menu` VALUES ('0fd835e9b5ea479c9ae9806aacda07d7', '1', '0,1,', '', '151', '', '', '', '1', '', '1', '2018-11-09 09:17:49', '1', '2018-11-09 09:17:49', '', '0');
INSERT INTO `sys_menu` VALUES ('1', '0', '0,', '', '0', null, null, null, '1', null, '1', '2013-05-27 08:00:00', '1', '2013-05-27 08:00:00', null, '0');
INSERT INTO `sys_menu` VALUES ('10', '3', '0,1,2,3,', '', '60', '/sys/dict/', null, 'th-list', '1', null, '1', '2013-05-27 08:00:00', '1', '2013-05-27 08:00:00', null, '0');
INSERT INTO `sys_menu` VALUES ('11', '10', '0,1,2,3,10,', '', '30', null, null, null, '0', 'sys:dict:view', '1', '2013-05-27 08:00:00', '1', '2013-05-27 08:00:00', null, '0');
INSERT INTO `sys_menu` VALUES ('12', '10', '0,1,2,3,10,', '', '40', null, null, null, '0', 'sys:dict:edit', '1', '2013-05-27 08:00:00', '1', '2013-05-27 08:00:00', null, '0');
INSERT INTO `sys_menu` VALUES ('13', '2', '0,1,2,', '', '970', null, null, null, '1', null, '1', '2013-05-27 08:00:00', '1', '2013-05-27 08:00:00', null, '0');
INSERT INTO `sys_menu` VALUES ('14', '13', '0,1,2,13,', '', '50', '/sys/area/', null, 'th', '1', null, '1', '2013-05-27 08:00:00', '1', '2013-05-27 08:00:00', null, '0');
INSERT INTO `sys_menu` VALUES ('15', '14', '0,1,2,13,14,', '', '30', null, null, null, '0', 'sys:area:view', '1', '2013-05-27 08:00:00', '1', '2013-05-27 08:00:00', null, '0');
INSERT INTO `sys_menu` VALUES ('157db05b1b714eaea3a452dd07846b54', 'adca77b4d0534d59867c635403fafd71', '0,1,59325888188a455cb19265958a95a977,7feb45037eb745ab88f007332244b18b,adca77b4d0534d59867c635403fafd71,', '', '30', '', '', '', '0', 'sys:user:view', '1', '2018-10-30 16:53:01', '1', '2018-10-30 16:53:01', '', '0');
INSERT INTO `sys_menu` VALUES ('15b9714953564f9da7804c58f1c7605e', 'e497e7a084484520b750a3deef59a602', '0,1,55eeeded5e624e92908aa042bf124b63,e497e7a084484520b750a3deef59a602,', '', '150', '/core/orders/orders/deliverGoodsList', '', '', '1', '', '1', '2018-11-26 14:52:19', '1', '2018-11-26 15:04:29', '', '0');
INSERT INTO `sys_menu` VALUES ('16', '14', '0,1,2,13,14,', '', '40', null, null, null, '0', 'sys:area:edit', '1', '2013-05-27 08:00:00', '1', '2013-05-27 08:00:00', null, '0');
INSERT INTO `sys_menu` VALUES ('16272ebbb54f4c658563b218d86afc89', 'f61030a785eb457a8e5649fb5b3b0019', '0,1,0fd835e9b5ea479c9ae9806aacda07d7,f61030a785eb457a8e5649fb5b3b0019,', '', '120', '/core/member/member/realMemberManager', '', '', '1', '', '1', '2018-11-09 09:22:50', '1', '2018-11-09 09:35:42', '', '0');
INSERT INTO `sys_menu` VALUES ('17', '13', '0,1,2,13,', '', '40', '/sys/office/', null, 'th-large', '1', null, '1', '2013-05-27 08:00:00', '1', '2013-05-27 08:00:00', null, '0');
INSERT INTO `sys_menu` VALUES ('1722337af14e48a39763600410f64ae7', 'f61030a785eb457a8e5649fb5b3b0019', '0,1,0fd835e9b5ea479c9ae9806aacda07d7,f61030a785eb457a8e5649fb5b3b0019,', '', '90', '/core/member/member/activate', '', '', '1', '', '1', '2018-11-09 09:21:45', '1', '2018-11-09 09:21:45', '', '0');
INSERT INTO `sys_menu` VALUES ('18', '17', '0,1,2,13,17,', '', '30', null, null, null, '0', 'sys:office:view', '1', '2013-05-27 08:00:00', '1', '2013-05-27 08:00:00', null, '0');
INSERT INTO `sys_menu` VALUES ('19', '17', '0,1,2,13,17,', '', '40', null, null, null, '0', 'sys:office:edit', '1', '2013-05-27 08:00:00', '1', '2013-05-27 08:00:00', null, '0');
INSERT INTO `sys_menu` VALUES ('1dbdf29c54394500a9bf55752f84f139', '778a9d816bac41b1be874a88e907a27c', '0,1,0fd835e9b5ea479c9ae9806aacda07d7,f61030a785eb457a8e5649fb5b3b0019,778a9d816bac41b1be874a88e907a27c,', '', '30', '', '', '', '0', 'sys:user:view', '1', '2018-11-09 09:20:24', '1', '2018-11-09 09:20:24', '', '0');
INSERT INTO `sys_menu` VALUES ('2', '1', '0,1,', '', '900', null, null, null, '1', null, '1', '2013-05-27 08:00:00', '1', '2013-05-27 08:00:00', null, '0');
INSERT INTO `sys_menu` VALUES ('20', '13', '0,1,2,13,', '', '30', '/sys/user/index', null, 'user', '1', null, '1', '2013-05-27 08:00:00', '1', '2013-05-27 08:00:00', null, '0');
INSERT INTO `sys_menu` VALUES ('21', '20', '0,1,2,13,20,', '', '30', null, null, null, '0', 'sys:user:view', '1', '2013-05-27 08:00:00', '1', '2013-05-27 08:00:00', null, '0');
INSERT INTO `sys_menu` VALUES ('22', '20', '0,1,2,13,20,', '', '40', null, null, null, '0', 'sys:user:edit', '1', '2013-05-27 08:00:00', '1', '2013-05-27 08:00:00', null, '0');
INSERT INTO `sys_menu` VALUES ('23', '2', '0,1,2,', '', '990', null, null, null, '0', null, '1', '2013-05-27 08:00:00', '1', '2013-05-27 08:00:00', null, '0');
INSERT INTO `sys_menu` VALUES ('23eb51aec3dd47ba8a950d571644d6e3', '24f37da931544b3aba32bc89939bb860', '0,1,55eeeded5e624e92908aa042bf124b63,e497e7a084484520b750a3deef59a602,24f37da931544b3aba32bc89939bb860,', '', '30', '', '', '', '0', 'core:goods:goods:view', '1', '2018-11-07 15:18:09', '1', '2018-11-07 15:18:09', '', '0');
INSERT INTO `sys_menu` VALUES ('24', '23', '0,1,2,23', '', '30', 'http://jeesite.com', '_blank', null, '0', null, '1', '2013-05-27 08:00:00', '1', '2013-05-27 08:00:00', null, '0');
INSERT INTO `sys_menu` VALUES ('24f37da931544b3aba32bc89939bb860', 'e497e7a084484520b750a3deef59a602', '0,1,55eeeded5e624e92908aa042bf124b63,e497e7a084484520b750a3deef59a602,', '', '30', '/core/goods/goods/', '', '', '1', '', '1', '2018-11-07 15:17:45', '1', '2018-11-07 15:17:45', '', '0');
INSERT INTO `sys_menu` VALUES ('25', '23', '0,1,2,23', '', '50', 'http://jeesite.com/donation.html', '_blank', null, '0', null, '1', '2013-05-27 08:00:00', '1', '2013-05-27 08:00:00', null, '1');
INSERT INTO `sys_menu` VALUES ('26', '23', '0,1,2,23', '', '80', 'http://bbs.jeesite.com', '_blank', null, '0', null, '1', '2013-05-27 08:00:00', '1', '2013-05-27 08:00:00', null, '1');
INSERT INTO `sys_menu` VALUES ('27', '1', '0,1,', '', '100', '', '', '', '1', '', '1', '2013-05-27 08:00:00', '1', '2018-11-05 09:15:58', '', '0');
INSERT INTO `sys_menu` VALUES ('28', '27', '0,1,27,', '', '30', null, null, null, '1', null, '1', '2013-05-27 08:00:00', '1', '2013-05-27 08:00:00', null, '0');
INSERT INTO `sys_menu` VALUES ('29', '28', '0,1,27,28,', '', '30', '/sys/user/info', null, 'user', '1', null, '1', '2013-05-27 08:00:00', '1', '2013-05-27 08:00:00', null, '0');
INSERT INTO `sys_menu` VALUES ('2b8ad8e36e6c4ee4b1b235ae31fcf421', '9a87d8d27a04444a8cd43a49886bf7ec', '0,1,ae7c4b2809f64e8a871b9ecdfb2eba9a,ff31ce11ea7e4919a8add6c9fc94732b,9a87d8d27a04444a8cd43a49886bf7ec,', '', '30', '', '', '', '0', 'core:recharge:pvRecharge:view', '1', '2018-11-07 09:58:12', '1', '2018-11-07 09:58:12', '', '0');
INSERT INTO `sys_menu` VALUES ('2c6caf9a730a4e01a21666fe01885a57', '8caab80c305d43969d7cb0ee56f76288', '0,1,ae7c4b2809f64e8a871b9ecdfb2eba9a,8caab80c305d43969d7cb0ee56f76288,', '', '30', '/core/pvdetail/pvDetail/', '', '', '1', '', '1', '2018-11-05 10:04:04', '1', '2018-11-05 10:04:04', '', '0');
INSERT INTO `sys_menu` VALUES ('2c7e82f75ba04ea2af46344cbf0d839c', 'f61030a785eb457a8e5649fb5b3b0019', '0,1,0fd835e9b5ea479c9ae9806aacda07d7,f61030a785eb457a8e5649fb5b3b0019,', '', '5030', '/core/member/member/storeManager', '', '', '1', '', '1', '2018-11-12 13:59:16', '1', '2018-11-12 13:59:16', '', '0');
INSERT INTO `sys_menu` VALUES ('3', '2', '0,1,2,', '', '980', null, null, null, '1', null, '1', '2013-05-27 08:00:00', '1', '2013-05-27 08:00:00', null, '0');
INSERT INTO `sys_menu` VALUES ('30', '28', '0,1,27,28,', '', '40', '/sys/user/modifyPwd', null, 'lock', '1', null, '1', '2013-05-27 08:00:00', '1', '2013-05-27 08:00:00', null, '0');
INSERT INTO `sys_menu` VALUES ('31', '1', '0,1,', '', '500', null, null, null, '1', null, '1', '2013-05-27 08:00:00', '1', '2013-05-27 08:00:00', null, '0');
INSERT INTO `sys_menu` VALUES ('32', '31', '0,1,31,', '', '990', null, null, null, '1', null, '1', '2013-05-27 08:00:00', '1', '2013-05-27 08:00:00', null, '0');
INSERT INTO `sys_menu` VALUES ('33', '32', '0,1,31,32', '', '30', '/cms/category/', null, 'align-justify', '1', null, '1', '2013-05-27 08:00:00', '1', '2013-05-27 08:00:00', null, '0');
INSERT INTO `sys_menu` VALUES ('34', '33', '0,1,31,32,33,', '', '30', null, null, null, '0', 'cms:category:view', '1', '2013-05-27 08:00:00', '1', '2013-05-27 08:00:00', null, '0');
INSERT INTO `sys_menu` VALUES ('35', '33', '0,1,31,32,33,', '', '40', null, null, null, '0', 'cms:category:edit', '1', '2013-05-27 08:00:00', '1', '2013-05-27 08:00:00', null, '0');
INSERT INTO `sys_menu` VALUES ('35571780c835425c8714799ca4825aa4', '463cc0d2f71c46c4be9fdb86714e2326', '0,1,55eeeded5e624e92908aa042bf124b63,5b471cc19e654f159abc4bdf4aa0dfbc,463cc0d2f71c46c4be9fdb86714e2326,', '', '30', '', '', '', '0', 'core:member:member:view', '1', '2018-11-06 15:53:38', '1', '2018-11-06 15:53:38', '', '0');
INSERT INTO `sys_menu` VALUES ('36', '32', '0,1,31,32', '', '40', '/cms/site/', null, 'certificate', '1', null, '1', '2013-05-27 08:00:00', '1', '2013-05-27 08:00:00', null, '0');
INSERT INTO `sys_menu` VALUES ('37', '36', '0,1,31,32,36,', '', '30', null, null, null, '0', 'cms:site:view', '1', '2013-05-27 08:00:00', '1', '2013-05-27 08:00:00', null, '0');
INSERT INTO `sys_menu` VALUES ('38', '36', '0,1,31,32,36,', '', '40', null, null, null, '0', 'cms:site:edit', '1', '2013-05-27 08:00:00', '1', '2013-05-27 08:00:00', null, '0');
INSERT INTO `sys_menu` VALUES ('384d83bcac634efaa4601ebaaafe2792', 'dc25e014ee1a497f961253451d0e4dd5', '0,1,ae7c4b2809f64e8a871b9ecdfb2eba9a,8caab80c305d43969d7cb0ee56f76288,dc25e014ee1a497f961253451d0e4dd5,', '', '60', '', '', '', '0', 'core:transfer:transfer:edit', '1', '2018-11-06 10:01:01', '1', '2018-11-06 10:01:01', '', '0');
INSERT INTO `sys_menu` VALUES ('3895c5e2acc7480a96a30c24022e00a6', 'e497e7a084484520b750a3deef59a602', '0,1,55eeeded5e624e92908aa042bf124b63,e497e7a084484520b750a3deef59a602,', '', '90', '/core/goods/goods/shop', '', '', '1', '', '1', '2018-11-19 15:10:46', '1', '2018-11-19 15:14:21', '', '0');
INSERT INTO `sys_menu` VALUES ('38a20c7ecca1440888e6b352289e4f39', '7feb45037eb745ab88f007332244b18b', '0,1,59325888188a455cb19265958a95a977,7feb45037eb745ab88f007332244b18b,', '', '30', '/sys/user/recommend', '', '', '1', '', '1', '2018-10-30 15:34:05', '1', '2018-10-31 15:46:48', '', '0');
INSERT INTO `sys_menu` VALUES ('39', '32', '0,1,31,32', '', '50', '/cms/site/select', null, 'retweet', '1', 'cms:site:select', '1', '2013-05-27 08:00:00', '1', '2013-05-27 08:00:00', null, '0');
INSERT INTO `sys_menu` VALUES ('3c92c17886944d0687e73e286cada573', '79', '0,1,79,', '', '120', '', '', '', '1', '', '1', '2013-08-12 13:10:05', '1', '2013-08-12 13:10:05', '', '0');
INSERT INTO `sys_menu` VALUES ('3f337050f2f8449ba448671660611e83', '9a87d8d27a04444a8cd43a49886bf7ec', '0,1,ae7c4b2809f64e8a871b9ecdfb2eba9a,ff31ce11ea7e4919a8add6c9fc94732b,9a87d8d27a04444a8cd43a49886bf7ec,', '', '60', '', '', '', '0', 'core:recharge:pvRecharge:edit', '1', '2018-11-07 09:58:28', '1', '2018-11-07 10:25:50', '', '0');
INSERT INTO `sys_menu` VALUES ('4', '3', '0,1,2,3,', '', '30', '/sys/menu/', null, 'list-alt', '1', null, '1', '2013-05-27 08:00:00', '1', '2013-05-27 08:00:00', null, '0');
INSERT INTO `sys_menu` VALUES ('40', '31', '0,1,31,', '', '500', null, null, null, '1', 'cms:view', '1', '2013-05-27 08:00:00', '1', '2013-05-27 08:00:00', null, '0');
INSERT INTO `sys_menu` VALUES ('41', '40', '0,1,31,40,', '', '30', '/cms/', null, 'briefcase', '1', null, '1', '2013-05-27 08:00:00', '1', '2013-05-27 08:00:00', null, '0');
INSERT INTO `sys_menu` VALUES ('42', '41', '0,1,31,40,41,', '', '40', '/cms/article/', null, 'file', '0', null, '1', '2013-05-27 08:00:00', '1', '2013-05-27 08:00:00', null, '0');
INSERT INTO `sys_menu` VALUES ('43', '42', '0,1,31,40,41,42,', '', '30', null, null, null, '0', 'cms:article:view', '1', '2013-05-27 08:00:00', '1', '2013-05-27 08:00:00', null, '0');
INSERT INTO `sys_menu` VALUES ('44', '42', '0,1,31,40,41,42,', '', '40', null, null, null, '0', 'cms:article:edit', '1', '2013-05-27 08:00:00', '1', '2013-05-27 08:00:00', null, '0');
INSERT INTO `sys_menu` VALUES ('45', '42', '0,1,31,40,41,42,', '', '50', null, null, null, '0', 'cms:article:audit', '1', '2013-05-27 08:00:00', '1', '2013-05-27 08:00:00', null, '0');
INSERT INTO `sys_menu` VALUES ('46', '41', '0,1,31,40,41,', '', '60', '/cms/link/', null, 'random', '0', null, '1', '2013-05-27 08:00:00', '1', '2013-05-27 08:00:00', null, '0');
INSERT INTO `sys_menu` VALUES ('463cc0d2f71c46c4be9fdb86714e2326', '5b471cc19e654f159abc4bdf4aa0dfbc', '0,1,55eeeded5e624e92908aa042bf124b63,5b471cc19e654f159abc4bdf4aa0dfbc,', '', '30', '/core/member/member/activate', '', '', '1', '', '1', '2018-11-06 15:53:13', '1', '2018-11-06 15:53:13', '', '0');
INSERT INTO `sys_menu` VALUES ('47', '46', '0,1,31,40,41,46,', '', '30', null, null, null, '0', 'cms:link:view', '1', '2013-05-27 08:00:00', '1', '2013-05-27 08:00:00', null, '0');
INSERT INTO `sys_menu` VALUES ('48', '46', '0,1,31,40,41,46,', '', '40', null, null, null, '0', 'cms:link:edit', '1', '2013-05-27 08:00:00', '1', '2013-05-27 08:00:00', null, '0');
INSERT INTO `sys_menu` VALUES ('4855cf3b25c244fb8500a380db189d97', 'b1f6d1b86ba24365bae7fd86c5082317', '0,1,79,3c92c17886944d0687e73e286cada573,b1f6d1b86ba24365bae7fd86c5082317,', '', '30', '', '', '', '0', 'test:testDataMain:view', '1', '2013-08-12 13:10:05', '1', '2013-08-12 13:10:05', '', '0');
INSERT INTO `sys_menu` VALUES ('49', '46', '0,1,31,40,41,46,', '', '50', null, null, null, '0', 'cms:link:audit', '1', '2013-05-27 08:00:00', '1', '2013-05-27 08:00:00', null, '0');
INSERT INTO `sys_menu` VALUES ('4993044c077341cfb1f395f625b8967a', '3895c5e2acc7480a96a30c24022e00a6', '0,1,55eeeded5e624e92908aa042bf124b63,e497e7a084484520b750a3deef59a602,3895c5e2acc7480a96a30c24022e00a6,', 'orderedit', '120', '', '', '', '0', 'core:orders:orders:edit', '1', '2018-11-22 10:21:18', '1', '2018-11-22 10:21:18', '', '0');
INSERT INTO `sys_menu` VALUES ('4ee2b0cdeead4cf79e9831ba015bed1d', 'e684945469dd45bfb8726391928d4292', '0,1,59325888188a455cb19265958a95a977,6185934b34e2498f8839a25952aa0b10,e684945469dd45bfb8726391928d4292,', '', '60', '', '', '', '0', 'sys:user:edit', '1', '2018-10-30 15:32:21', '1', '2018-10-30 15:32:21', '', '0');
INSERT INTO `sys_menu` VALUES ('4f3f65c7295c45638ba42e6aa385ecb7', 'cba993e075d94d4784282a6f8736c1b4', '0,1,58c7551a07994d2c8fabaf5dd4f8bc94,cba993e075d94d4784282a6f8736c1b4,', '', '150', '', '', '', '1', '', '1', '2018-11-13 09:29:37', '1', '2018-11-13 09:29:37', '', '0');
INSERT INTO `sys_menu` VALUES ('5', '4', '0,1,2,3,4,', '', '30', null, null, null, '0', 'sys:menu:view', '1', '2013-05-27 08:00:00', '1', '2013-05-27 08:00:00', null, '0');
INSERT INTO `sys_menu` VALUES ('50', '40', '0,1,31,40,', '', '40', '/cms/comment/?status=2', null, 'comment', '1', null, '1', '2013-05-27 08:00:00', '1', '2013-05-27 08:00:00', null, '0');
INSERT INTO `sys_menu` VALUES ('50f5ffb442084e7c80e44e3e9c51f29e', '966ca93a1b334849a90680a03c8714b4', '0,1,58c7551a07994d2c8fabaf5dd4f8bc94,cba993e075d94d4784282a6f8736c1b4,966ca93a1b334849a90680a03c8714b4,', 'view', '30', '', '', '', '0', 'core:pvdetail:pvDetail:view', '1', '2018-11-13 09:39:25', '1', '2018-11-13 09:39:25', '', '0');
INSERT INTO `sys_menu` VALUES ('51', '50', '0,1,31,40,50,', '', '30', null, null, null, '0', 'cms:comment:view', '1', '2013-05-27 08:00:00', '1', '2013-05-27 08:00:00', null, '0');
INSERT INTO `sys_menu` VALUES ('52', '50', '0,1,31,40,50,', '', '40', null, null, null, '0', 'cms:comment:edit', '1', '2013-05-27 08:00:00', '1', '2013-05-27 08:00:00', null, '0');
INSERT INTO `sys_menu` VALUES ('53', '40', '0,1,31,40,', '', '80', '/cms/guestbook/?status=2', null, 'glass', '1', null, '1', '2013-05-27 08:00:00', '1', '2013-05-27 08:00:00', null, '0');
INSERT INTO `sys_menu` VALUES ('54', '53', '0,1,31,40,53,', '', '30', null, null, null, '0', 'cms:guestbook:view', '1', '2013-05-27 08:00:00', '1', '2013-05-27 08:00:00', null, '0');
INSERT INTO `sys_menu` VALUES ('55', '53', '0,1,31,40,53,', '', '40', null, null, null, '0', 'cms:guestbook:edit', '1', '2013-05-27 08:00:00', '1', '2013-05-27 08:00:00', null, '0');
INSERT INTO `sys_menu` VALUES ('55eeeded5e624e92908aa042bf124b63', '1', '0,1,', '', '170', '', '', '', '1', '', '1', '2018-11-06 11:32:14', '1', '2018-11-06 11:32:14', '', '0');
INSERT INTO `sys_menu` VALUES ('56', '71', '0,1,27,71,', '', '90', '/../static/ckfinder/ckfinder.html', null, 'folder-open', '1', null, '1', '2013-05-27 08:00:00', '1', '2013-05-27 08:00:00', null, '0');
INSERT INTO `sys_menu` VALUES ('57', '56', '0,1,27,40,56,', '', '30', null, null, null, '0', 'cms:ckfinder:view', '1', '2013-05-27 08:00:00', '1', '2013-05-27 08:00:00', null, '0');
INSERT INTO `sys_menu` VALUES ('58', '56', '0,1,27,40,56,', '', '40', null, null, null, '0', 'cms:ckfinder:upload', '1', '2013-05-27 08:00:00', '1', '2013-05-27 08:00:00', null, '0');
INSERT INTO `sys_menu` VALUES ('58c7551a07994d2c8fabaf5dd4f8bc94', '1', '0,1,', '', '152', '', '', '', '1', '', '1', '2018-11-13 09:17:43', '1', '2018-11-13 09:17:43', '', '0');
INSERT INTO `sys_menu` VALUES ('59', '56', '0,1,27,40,56,', '', '50', null, null, null, '0', 'cms:ckfinder:edit', '1', '2013-05-27 08:00:00', '1', '2013-05-27 08:00:00', null, '0');
INSERT INTO `sys_menu` VALUES ('59325888188a455cb19265958a95a977', '1', '0,1,', '', '150', '', '', '', '1', '', '1', '2018-10-30 15:27:33', '1', '2018-10-30 15:27:33', '', '0');
INSERT INTO `sys_menu` VALUES ('5b471cc19e654f159abc4bdf4aa0dfbc', '55eeeded5e624e92908aa042bf124b63', '0,1,55eeeded5e624e92908aa042bf124b63,', '', '30', '', '', '', '1', '', '1', '2018-11-06 15:50:30', '1', '2018-11-06 16:16:52', '', '0');
INSERT INTO `sys_menu` VALUES ('6', '4', '0,1,2,3,4,', '', '40', null, null, null, '0', 'sys:menu:edit', '1', '2013-05-27 08:00:00', '1', '2013-05-27 08:00:00', null, '0');
INSERT INTO `sys_menu` VALUES ('60', '31', '0,1,31,', '', '600', null, null, null, '1', null, '1', '2013-05-27 08:00:00', '1', '2013-05-27 08:00:00', null, '0');
INSERT INTO `sys_menu` VALUES ('61', '60', '0,1,31,60,', '', '30', '/cms/stats/article', null, 'tasks', '1', 'cms:stats:article', '1', '2013-05-27 08:00:00', '1', '2013-05-27 08:00:00', null, '0');
INSERT INTO `sys_menu` VALUES ('6165656098b046dcadfb15212328405a', '966ca93a1b334849a90680a03c8714b4', '0,1,58c7551a07994d2c8fabaf5dd4f8bc94,cba993e075d94d4784282a6f8736c1b4,966ca93a1b334849a90680a03c8714b4,', 'edit', '60', '', '', '', '0', 'core:pvdetail:pvDetail:edit', '1', '2018-11-13 09:39:38', '1', '2018-11-13 09:39:38', '', '0');
INSERT INTO `sys_menu` VALUES ('6185934b34e2498f8839a25952aa0b10', '59325888188a455cb19265958a95a977', '0,1,59325888188a455cb19265958a95a977,', '', '30', '', '', '', '1', '', '1', '2018-10-30 15:30:06', '1', '2018-10-30 15:30:06', '', '0');
INSERT INTO `sys_menu` VALUES ('62', '1', '0,1,', '', '200', null, null, null, '1', null, '1', '2013-05-27 08:00:00', '1', '2013-05-27 08:00:00', null, '0');
INSERT INTO `sys_menu` VALUES ('63', '62', '0,1,62,', '', '30', null, null, null, '1', null, '1', '2013-05-27 08:00:00', '1', '2013-05-27 08:00:00', null, '0');
INSERT INTO `sys_menu` VALUES ('64', '63', '0,1,62,63,', '', '300', '/oa/leave', null, 'leaf', '0', null, '1', '2013-05-27 08:00:00', '1', '2013-05-27 08:00:00', null, '0');
INSERT INTO `sys_menu` VALUES ('6471899d811f4d5593d169d500fa1a63', '070d8ff2c1614d71a8e77fe85297f732', '0,1,55eeeded5e624e92908aa042bf124b63,e497e7a084484520b750a3deef59a602,070d8ff2c1614d71a8e77fe85297f732,', 'edit', '60', '', '', '', '0', 'core:orders:orders:edit', '1', '2018-11-23 10:25:24', '1', '2018-11-23 10:25:24', '', '0');
INSERT INTO `sys_menu` VALUES ('65', '64', '0,1,62,63,64,', '', '30', null, null, null, '0', 'oa:leave:view', '1', '2013-05-27 08:00:00', '1', '2013-05-27 08:00:00', null, '0');
INSERT INTO `sys_menu` VALUES ('66', '64', '0,1,62,63,64,', '', '40', null, null, null, '0', 'oa:leave:edit', '1', '2013-05-27 08:00:00', '1', '2013-05-27 08:00:00', null, '0');
INSERT INTO `sys_menu` VALUES ('67', '2', '0,1,2,', '', '985', null, null, null, '1', null, '1', '2013-06-03 08:00:00', '1', '2013-06-03 08:00:00', null, '0');
INSERT INTO `sys_menu` VALUES ('672584037bb44a48ab37e91fd96753f8', 'cba993e075d94d4784282a6f8736c1b4', '0,1,58c7551a07994d2c8fabaf5dd4f8bc94,cba993e075d94d4784282a6f8736c1b4,', '', '120', '', '', '', '1', '', '1', '2018-11-13 09:28:52', '1', '2018-11-13 09:28:52', '', '0');
INSERT INTO `sys_menu` VALUES ('67282105de3f4096b1e6f0c9223bfdd1', '3895c5e2acc7480a96a30c24022e00a6', '0,1,55eeeded5e624e92908aa042bf124b63,e497e7a084484520b750a3deef59a602,3895c5e2acc7480a96a30c24022e00a6,', 'edit', '60', '', '', '', '0', 'core:goods:goods:edit', '1', '2018-11-19 15:15:04', '1', '2018-11-19 15:15:04', '', '0');
INSERT INTO `sys_menu` VALUES ('68', '67', '0,1,2,67,', '', '30', '/sys/log', null, 'pencil', '1', 'sys:log:view', '1', '2013-06-03 08:00:00', '1', '2013-06-03 08:00:00', null, '0');
INSERT INTO `sys_menu` VALUES ('68409589d88f412bb59654ac44c0affe', '24f37da931544b3aba32bc89939bb860', '0,1,55eeeded5e624e92908aa042bf124b63,e497e7a084484520b750a3deef59a602,24f37da931544b3aba32bc89939bb860,', '', '60', '', '', '', '0', 'core:goods:goods:edit', '1', '2018-11-07 15:18:23', '1', '2018-11-07 15:18:23', '', '0');
INSERT INTO `sys_menu` VALUES ('69', '62', '0,1,62,', '', '300', null, null, null, '1', null, '1', '2013-05-27 08:00:00', '1', '2013-05-27 08:00:00', null, '0');
INSERT INTO `sys_menu` VALUES ('6adaecb9add6454299a1f4c679981a59', '38a20c7ecca1440888e6b352289e4f39', '0,1,59325888188a455cb19265958a95a977,7feb45037eb745ab88f007332244b18b,38a20c7ecca1440888e6b352289e4f39,', '', '30', '', '', '', '0', 'sys:user:view', '1', '2018-10-31 15:47:11', '1', '2018-10-31 15:47:11', '', '0');
INSERT INTO `sys_menu` VALUES ('6c0b7daa5d8d4b6d8812d4f31582a0e6', 'e684945469dd45bfb8726391928d4292', '0,1,59325888188a455cb19265958a95a977,6185934b34e2498f8839a25952aa0b10,e684945469dd45bfb8726391928d4292,', '', '30', '', '', '', '0', 'sys:user:view', '1', '2018-10-30 15:32:05', '1', '2018-10-30 15:32:05', '', '0');
INSERT INTO `sys_menu` VALUES ('7', '3', '0,1,2,3,', '', '50', '/sys/role/', null, 'lock', '1', null, '1', '2013-05-27 08:00:00', '1', '2013-05-27 08:00:00', null, '0');
INSERT INTO `sys_menu` VALUES ('70', '69', '0,1,62,69,', '', '50', '/act/process', null, 'road', '1', 'act:process:edit', '1', '2013-05-27 08:00:00', '1', '2013-05-27 08:00:00', null, '0');
INSERT INTO `sys_menu` VALUES ('71', '27', '0,1,27,', '', '90', null, null, null, '1', null, '1', '2013-05-27 08:00:00', '1', '2013-05-27 08:00:00', null, '0');
INSERT INTO `sys_menu` VALUES ('72', '69', '0,1,62,69,', '', '100', '/act/model', null, 'road', '1', 'act:model:edit', '1', '2013-09-20 08:00:00', '1', '2013-09-20 08:00:00', null, '0');
INSERT INTO `sys_menu` VALUES ('73', '63', '0,1,62,63,', '', '50', '/act/task/todo/', null, 'tasks', '1', null, '1', '2013-09-24 08:00:00', '1', '2013-09-24 08:00:00', null, '0');
INSERT INTO `sys_menu` VALUES ('74', '63', '0,1,62,63,', '', '100', '/oa/testAudit', null, null, '1', 'oa:testAudit:view,oa:testAudit:edit', '1', '2013-09-24 08:00:00', '1', '2013-09-24 08:00:00', null, '0');
INSERT INTO `sys_menu` VALUES ('75', '1', '0,1,', '', '3000', null, null, null, '1', null, '1', '2013-10-08 08:00:00', '1', '2013-10-08 08:00:00', null, '1');
INSERT INTO `sys_menu` VALUES ('778a9d816bac41b1be874a88e907a27c', 'f61030a785eb457a8e5649fb5b3b0019', '0,1,0fd835e9b5ea479c9ae9806aacda07d7,f61030a785eb457a8e5649fb5b3b0019,', '', '30', '/sys/user/recommend', '', '', '1', '', '1', '2018-11-09 09:19:33', '1', '2018-11-09 09:19:33', '', '0');
INSERT INTO `sys_menu` VALUES ('79', '1', '0,1,', '', '5000', null, null, null, '1', null, '1', '2013-10-16 08:00:00', '1', '2013-10-16 08:00:00', null, '0');
INSERT INTO `sys_menu` VALUES ('7ca9d571a1b247bc90ba76ca0d52fd77', 'cba993e075d94d4784282a6f8736c1b4', '0,1,58c7551a07994d2c8fabaf5dd4f8bc94,cba993e075d94d4784282a6f8736c1b4,', '', '90', '/core/statistics/dayStatistics/', '', '', '1', '', '1', '2018-11-13 09:28:40', '1', '2018-11-14 14:16:31', '', '0');
INSERT INTO `sys_menu` VALUES ('7e10eca7f66840d68dd7d5641c3074d6', '2c6caf9a730a4e01a21666fe01885a57', '0,1,ae7c4b2809f64e8a871b9ecdfb2eba9a,8caab80c305d43969d7cb0ee56f76288,2c6caf9a730a4e01a21666fe01885a57,', '', '30', '', '', '', '0', 'core:pvdetail:pvDetail:view', '1', '2018-11-05 10:04:35', '1', '2018-11-05 10:04:35', '', '0');
INSERT INTO `sys_menu` VALUES ('7feb45037eb745ab88f007332244b18b', '59325888188a455cb19265958a95a977', '0,1,59325888188a455cb19265958a95a977,', '', '60', '', '', '', '1', '', '1', '2018-10-30 15:30:16', '1', '2018-10-30 15:30:16', '', '0');
INSERT INTO `sys_menu` VALUES ('8', '7', '0,1,2,3,7,', '', '30', null, null, null, '0', 'sys:role:view', '1', '2013-05-27 08:00:00', '1', '2013-05-27 08:00:00', null, '0');
INSERT INTO `sys_menu` VALUES ('80', '79', '0,1,79,', '', '50', null, null, null, '1', null, '1', '2013-10-16 08:00:00', '1', '2013-10-16 08:00:00', null, '0');
INSERT INTO `sys_menu` VALUES ('81', '80', '0,1,79,80,', '', '30', '/gen/genScheme', null, null, '1', 'gen:genScheme:view,gen:genScheme:edit', '1', '2013-10-16 08:00:00', '1', '2013-10-16 08:00:00', null, '0');
INSERT INTO `sys_menu` VALUES ('82', '80', '0,1,79,80,', '', '20', '/gen/genTable', null, null, '1', 'gen:genTable:view,gen:genTable:edit,gen:genTableColumn:view,gen:genTableColumn:edit', '1', '2013-10-16 08:00:00', '1', '2013-10-16 08:00:00', null, '0');
INSERT INTO `sys_menu` VALUES ('83', '80', '0,1,79,80,', '', '90', '/gen/genTemplate', null, null, '1', 'gen:genTemplate:view,gen:genTemplate:edit', '1', '2013-10-16 08:00:00', '1', '2013-10-16 08:00:00', null, '1');
INSERT INTO `sys_menu` VALUES ('83ad18b8bbbf457eabd2e1dcbf7ae9a7', '5b471cc19e654f159abc4bdf4aa0dfbc', '0,1,55eeeded5e624e92908aa042bf124b63,5b471cc19e654f159abc4bdf4aa0dfbc,', '', '100', '/core/member/member/acitvityUp', '', '', '1', '', '1', '2018-11-16 10:11:09', '1', '2018-11-16 10:11:09', '', '0');
INSERT INTO `sys_menu` VALUES ('84', '67', '0,1,2,67,', '', '40', '/../druid', null, null, '1', null, '1', '2013-10-18 08:00:00', '1', '2013-10-18 08:00:00', null, '0');
INSERT INTO `sys_menu` VALUES ('85', '76', '0,1,75,76,', '', '80', '/../static/map/map-city.html', null, null, '1', null, '1', '2013-10-22 08:00:00', '1', '2013-10-22 08:00:00', null, '0');
INSERT INTO `sys_menu` VALUES ('86', '75', '0,1,75,', '', '50', null, null, null, '1', null, '1', '2013-10-22 08:00:00', '1', '2013-10-22 08:00:00', null, '1');
INSERT INTO `sys_menu` VALUES ('87', '86', '0,1,75,86,', '', '30', '/test/test/form', null, null, '1', 'test:test:view,test:test:edit', '1', '2013-10-22 08:00:00', '1', '2013-10-22 08:00:00', null, '1');
INSERT INTO `sys_menu` VALUES ('88', '62', '0,1,62,', '', '20', '', '', '', '1', '', '1', '2013-11-08 08:00:00', '1', '2013-11-08 08:00:00', null, '0');
INSERT INTO `sys_menu` VALUES ('89', '88', '0,1,62,88,', '', '30', '/oa/oaNotify/self', '', '', '1', '', '1', '2013-11-08 08:00:00', '1', '2013-11-08 08:00:00', null, '0');
INSERT INTO `sys_menu` VALUES ('8caab80c305d43969d7cb0ee56f76288', 'ae7c4b2809f64e8a871b9ecdfb2eba9a', '0,1,ae7c4b2809f64e8a871b9ecdfb2eba9a,', '', '30', '', '', '', '1', '', '1', '2018-11-05 09:59:04', '1', '2018-11-05 10:03:12', '', '0');
INSERT INTO `sys_menu` VALUES ('9', '7', '0,1,2,3,7,', '', '40', null, null, null, '0', 'sys:role:edit', '1', '2013-05-27 08:00:00', '1', '2013-05-27 08:00:00', null, '0');
INSERT INTO `sys_menu` VALUES ('90', '88', '0,1,62,88,', '', '50', '/oa/oaNotify', '', '', '1', 'oa:oaNotify:view,oa:oaNotify:edit', '1', '2013-11-08 08:00:00', '1', '2013-11-08 08:00:00', null, '0');
INSERT INTO `sys_menu` VALUES ('906704f70e2440fc8dfd1a115e98abbc', '463cc0d2f71c46c4be9fdb86714e2326', '0,1,55eeeded5e624e92908aa042bf124b63,5b471cc19e654f159abc4bdf4aa0dfbc,463cc0d2f71c46c4be9fdb86714e2326,', '', '60', '', '', '', '0', 'core:member:member:edit', '1', '2018-11-06 15:53:54', '1', '2018-11-06 15:53:54', '', '0');
INSERT INTO `sys_menu` VALUES ('947bc4fd682e49b9b25c04178519f6b3', 'b7db4c86975e4b7e949feb3468b23442', '0,1,ae7c4b2809f64e8a871b9ecdfb2eba9a,ff31ce11ea7e4919a8add6c9fc94732b,b7db4c86975e4b7e949feb3468b23442,', '', '60', '', '', '', '0', 'core:recharge:pvRecharge:edit', '1', '2018-11-05 16:42:01', '1', '2018-11-05 16:42:01', '', '0');
INSERT INTO `sys_menu` VALUES ('94fee7e54370465db231e7e76a9bb076', '7ca9d571a1b247bc90ba76ca0d52fd77', '0,1,58c7551a07994d2c8fabaf5dd4f8bc94,cba993e075d94d4784282a6f8736c1b4,7ca9d571a1b247bc90ba76ca0d52fd77,', 'edit', '60', '', '', '', '0', 'core:statistics:dayStatistics:edit', '1', '2018-11-14 14:17:07', '1', '2018-11-14 14:17:07', '', '0');
INSERT INTO `sys_menu` VALUES ('95fbfc209f1241b592788a490da1d9d0', '15b9714953564f9da7804c58f1c7605e', '0,1,55eeeded5e624e92908aa042bf124b63,e497e7a084484520b750a3deef59a602,15b9714953564f9da7804c58f1c7605e,', 'view', '30', '', '', '', '0', 'core:goods:goods:view', '1', '2018-11-26 15:04:57', '1', '2018-11-26 15:04:57', '', '0');
INSERT INTO `sys_menu` VALUES ('96181cd55cb94f58a7a8fba42931c516', '1722337af14e48a39763600410f64ae7', '0,1,0fd835e9b5ea479c9ae9806aacda07d7,f61030a785eb457a8e5649fb5b3b0019,1722337af14e48a39763600410f64ae7,', '', '60', '', '', '', '0', 'core:member:member:edit', '1', '2018-11-09 09:22:17', '1', '2018-11-09 09:22:17', '', '0');
INSERT INTO `sys_menu` VALUES ('966ca93a1b334849a90680a03c8714b4', 'cba993e075d94d4784282a6f8736c1b4', '0,1,58c7551a07994d2c8fabaf5dd4f8bc94,cba993e075d94d4784282a6f8736c1b4,', '', '30', '/core/pvdetail/pvDetail/', '', '', '1', '', '1', '2018-11-13 09:28:17', '1', '2018-11-13 09:38:31', '', '0');
INSERT INTO `sys_menu` VALUES ('97e40f459f3744778a296ffaac1cdb12', '5b471cc19e654f159abc4bdf4aa0dfbc', '0,1,55eeeded5e624e92908aa042bf124b63,5b471cc19e654f159abc4bdf4aa0dfbc,', '', '60', '/core/member/member/realMember', '', '', '1', '', '1', '2018-11-06 16:17:26', '1', '2018-11-06 16:17:26', '', '0');
INSERT INTO `sys_menu` VALUES ('980e48f19fcc4282aecb7c221e6d7512', '7ca9d571a1b247bc90ba76ca0d52fd77', '0,1,58c7551a07994d2c8fabaf5dd4f8bc94,cba993e075d94d4784282a6f8736c1b4,7ca9d571a1b247bc90ba76ca0d52fd77,', 'view', '30', '', '', '', '0', 'core:statistics:dayStatistics:view', '1', '2018-11-14 14:16:51', '1', '2018-11-14 14:16:51', '', '0');
INSERT INTO `sys_menu` VALUES ('99ed33d30ec14a4faec9bd1043fa064b', 'adca77b4d0534d59867c635403fafd71', '0,1,59325888188a455cb19265958a95a977,7feb45037eb745ab88f007332244b18b,adca77b4d0534d59867c635403fafd71,', '', '60', '', '', '', '0', 'sys:user:edit', '1', '2018-10-30 16:53:14', '1', '2018-10-30 16:53:14', '', '0');
INSERT INTO `sys_menu` VALUES ('9a87d8d27a04444a8cd43a49886bf7ec', 'ff31ce11ea7e4919a8add6c9fc94732b', '0,1,ae7c4b2809f64e8a871b9ecdfb2eba9a,ff31ce11ea7e4919a8add6c9fc94732b,', '', '90', '/core/recharge/pvRecharge/confirm', '', '', '1', '', '1', '2018-11-07 09:57:20', '1', '2018-11-07 09:57:52', '', '0');
INSERT INTO `sys_menu` VALUES ('9e6f96e6fa79497cb4d207492e39bc47', '3895c5e2acc7480a96a30c24022e00a6', '0,1,55eeeded5e624e92908aa042bf124b63,e497e7a084484520b750a3deef59a602,3895c5e2acc7480a96a30c24022e00a6,', 'orderview', '90', '', '', '', '0', 'core:orders:orders:view', '1', '2018-11-22 10:20:58', '1', '2018-11-22 10:20:58', '', '0');
INSERT INTO `sys_menu` VALUES ('9fafb344f45c407ab4a96ec78831c76c', 'dc25e014ee1a497f961253451d0e4dd5', '0,1,ae7c4b2809f64e8a871b9ecdfb2eba9a,8caab80c305d43969d7cb0ee56f76288,dc25e014ee1a497f961253451d0e4dd5,', '', '30', '', '', '', '0', 'core:transfer:transfer:view', '1', '2018-11-06 10:00:47', '1', '2018-11-06 10:00:47', '', '0');
INSERT INTO `sys_menu` VALUES ('aca84547f89b41778f4fb60c1e130bd4', 'cba993e075d94d4784282a6f8736c1b4', '0,1,58c7551a07994d2c8fabaf5dd4f8bc94,cba993e075d94d4784282a6f8736c1b4,', '', '60', '/core/pvdetail/pvDetail/detail?flag=allDetail', '', '', '1', '', '1', '2018-11-13 09:28:26', '1', '2018-11-13 14:42:43', '', '0');
INSERT INTO `sys_menu` VALUES ('adca77b4d0534d59867c635403fafd71', '7feb45037eb745ab88f007332244b18b', '0,1,59325888188a455cb19265958a95a977,7feb45037eb745ab88f007332244b18b,', '', '60', '/sys/user/net', '', '', '1', '', '1', '2018-10-30 15:34:13', '1', '2018-10-30 16:52:29', '', '0');
INSERT INTO `sys_menu` VALUES ('ae7c4b2809f64e8a871b9ecdfb2eba9a', '1', '0,1,', '', '160', '', '', '', '1', '', '1', '2018-11-05 09:57:56', '1', '2018-11-05 09:57:56', '', '0');
INSERT INTO `sys_menu` VALUES ('afab2db430e2457f9cf3a11feaa8b869', '0ca004d6b1bf4bcab9670a5060d82a55', '0,1,79,3c92c17886944d0687e73e286cada573,0ca004d6b1bf4bcab9670a5060d82a55,', '', '60', '', '', '', '0', 'test:testTree:edit', '1', '2013-08-12 13:10:05', '1', '2013-08-12 13:10:05', '', '0');
INSERT INTO `sys_menu` VALUES ('b1f6d1b86ba24365bae7fd86c5082317', '3c92c17886944d0687e73e286cada573', '0,1,79,3c92c17886944d0687e73e286cada573,', '', '60', '/test/testDataMain', '', '', '1', '', '1', '2013-08-12 13:10:05', '1', '2013-08-12 13:10:05', '', '0');
INSERT INTO `sys_menu` VALUES ('b7db4c86975e4b7e949feb3468b23442', 'ff31ce11ea7e4919a8add6c9fc94732b', '0,1,ae7c4b2809f64e8a871b9ecdfb2eba9a,ff31ce11ea7e4919a8add6c9fc94732b,', '', '30', '/core/recharge/pvRecharge/', '', '', '1', '', '1', '2018-11-05 16:04:49', '1', '2018-11-05 16:41:28', '', '0');
INSERT INTO `sys_menu` VALUES ('ba3a1365bb884b08bc009f1d1d2f3d79', 'f61030a785eb457a8e5649fb5b3b0019', '0,1,0fd835e9b5ea479c9ae9806aacda07d7,f61030a785eb457a8e5649fb5b3b0019,', '', '60', '/sys/user/net', '', '', '1', '', '1', '2018-11-09 09:19:49', '1', '2018-11-09 09:20:00', '', '0');
INSERT INTO `sys_menu` VALUES ('ba8092291b40482db8fe7fc006ea3d76', '3c92c17886944d0687e73e286cada573', '0,1,79,3c92c17886944d0687e73e286cada573,', '', '30', '/test/testData', '', '', '1', '', '1', '2013-08-12 13:10:05', '1', '2013-08-12 13:10:05', '', '0');
INSERT INTO `sys_menu` VALUES ('bbbce0e575234d0085319bb40674d504', 'b7db4c86975e4b7e949feb3468b23442', '0,1,ae7c4b2809f64e8a871b9ecdfb2eba9a,ff31ce11ea7e4919a8add6c9fc94732b,b7db4c86975e4b7e949feb3468b23442,', '', '30', '', '', '', '0', 'core:recharge:pvRecharge:view', '1', '2018-11-05 16:41:48', '1', '2018-11-05 16:41:48', '', '0');
INSERT INTO `sys_menu` VALUES ('c009bd65f7c04e7c9216d3c516be9959', 'ba3a1365bb884b08bc009f1d1d2f3d79', '0,1,0fd835e9b5ea479c9ae9806aacda07d7,f61030a785eb457a8e5649fb5b3b0019,ba3a1365bb884b08bc009f1d1d2f3d79,', '', '30', '', '', '', '0', 'sys:user:edit', '1', '2018-11-09 09:20:41', '1', '2018-11-09 09:20:41', '', '0');
INSERT INTO `sys_menu` VALUES ('c2e4d9082a0b4386884a0b203afe2c5c', '0ca004d6b1bf4bcab9670a5060d82a55', '0,1,79,3c92c17886944d0687e73e286cada573,0ca004d6b1bf4bcab9670a5060d82a55,', '', '30', '', '', '', '0', 'test:testTree:view', '1', '2013-08-12 13:10:05', '1', '2013-08-12 13:10:05', '', '0');
INSERT INTO `sys_menu` VALUES ('c6573f8c9e7643509f3f001a1bac9b8f', '38a20c7ecca1440888e6b352289e4f39', '0,1,59325888188a455cb19265958a95a977,7feb45037eb745ab88f007332244b18b,38a20c7ecca1440888e6b352289e4f39,', '', '60', '', '', '', '0', 'sys:user:edit', '1', '2018-10-31 15:47:28', '1', '2018-10-31 15:47:28', '', '0');
INSERT INTO `sys_menu` VALUES ('c8e72db59d064b31b68fb7b2798c7c7f', '55eeeded5e624e92908aa042bf124b63', '0,1,55eeeded5e624e92908aa042bf124b63,', '', '90', '', '', '', '1', '', '1', '2018-11-06 15:51:13', '1', '2018-11-06 15:51:13', '', '0');
INSERT INTO `sys_menu` VALUES ('cba993e075d94d4784282a6f8736c1b4', '58c7551a07994d2c8fabaf5dd4f8bc94', '0,1,58c7551a07994d2c8fabaf5dd4f8bc94,', '', '30', '', '', '', '1', '', '1', '2018-11-13 09:24:43', '1', '2018-11-13 09:24:43', '', '0');
INSERT INTO `sys_menu` VALUES ('d15ec45a4c5449c3bbd7a61d5f9dd1d2', 'b1f6d1b86ba24365bae7fd86c5082317', '0,1,79,3c92c17886944d0687e73e286cada573,b1f6d1b86ba24365bae7fd86c5082317,', '', '60', '', '', '', '0', 'test:testDataMain:edit', '1', '2013-08-12 13:10:05', '1', '2013-08-12 13:10:05', '', '0');
INSERT INTO `sys_menu` VALUES ('d2feb0d03c854f7292257022294f5f59', '0f063efa7735490e8732ef7083699b87', '0,1,2,3,0f063efa7735490e8732ef7083699b87,', '', '30', '', '', '', '0', 'core:setting:memberSetting:view', '1', '2018-11-07 13:44:56', '1', '2018-11-07 13:44:56', '', '0');
INSERT INTO `sys_menu` VALUES ('d801fbefccf242f4953725cd63e130fc', '3895c5e2acc7480a96a30c24022e00a6', '0,1,55eeeded5e624e92908aa042bf124b63,e497e7a084484520b750a3deef59a602,3895c5e2acc7480a96a30c24022e00a6,', 'view', '30', '', '', '', '0', 'core:goods:goods:view', '1', '2018-11-19 15:14:44', '1', '2018-11-19 15:14:44', '', '0');
INSERT INTO `sys_menu` VALUES ('dc25e014ee1a497f961253451d0e4dd5', '8caab80c305d43969d7cb0ee56f76288', '0,1,ae7c4b2809f64e8a871b9ecdfb2eba9a,8caab80c305d43969d7cb0ee56f76288,', '', '60', '/core/transfer/transfer/', '', '', '1', '', '1', '2018-11-06 09:31:48', '1', '2018-11-06 10:00:24', '', '0');
INSERT INTO `sys_menu` VALUES ('df7ce823c5b24ff9bada43d992f373e2', 'ba8092291b40482db8fe7fc006ea3d76', '0,1,79,3c92c17886944d0687e73e286cada573,ba8092291b40482db8fe7fc006ea3d76,', '', '30', '', '', '', '0', 'test:testData:view', '1', '2013-08-12 13:10:05', '1', '2013-08-12 13:10:05', '', '0');
INSERT INTO `sys_menu` VALUES ('e1b3c1619b294cb8bff56eedbcaf54bf', 'e497e7a084484520b750a3deef59a602', '0,1,55eeeded5e624e92908aa042bf124b63,e497e7a084484520b750a3deef59a602,', '', '60', 'http://www.kuaidi100.com/frame/app/index2.html', '', '', '1', '', '1', '2018-11-09 09:15:34', '1', '2018-11-09 09:15:34', '', '0');
INSERT INTO `sys_menu` VALUES ('e497e7a084484520b750a3deef59a602', '55eeeded5e624e92908aa042bf124b63', '0,1,55eeeded5e624e92908aa042bf124b63,', '', '60', '', '', '', '1', '', '1', '2018-11-06 15:50:58', '1', '2018-11-07 15:16:53', '', '0');
INSERT INTO `sys_menu` VALUES ('e5990e3ebd524c66b06b984b215b4671', 'ff31ce11ea7e4919a8add6c9fc94732b', '0,1,ae7c4b2809f64e8a871b9ecdfb2eba9a,ff31ce11ea7e4919a8add6c9fc94732b,', '', '60', '', '', '', '0', 'core:recharge:pvRecharge:edit', '1', '2018-11-05 16:05:09', '1', '2018-11-05 16:05:09', '', '1');
INSERT INTO `sys_menu` VALUES ('e684945469dd45bfb8726391928d4292', '6185934b34e2498f8839a25952aa0b10', '0,1,59325888188a455cb19265958a95a977,6185934b34e2498f8839a25952aa0b10,', '', '30', '/sys/user/net', '', 'user', '1', '', '1', '2018-10-30 15:31:22', '1', '2018-10-31 15:23:53', '', '0');
INSERT INTO `sys_menu` VALUES ('e811fb9c544a48f7a62e74aaedfbff12', '5b471cc19e654f159abc4bdf4aa0dfbc', '0,1,55eeeded5e624e92908aa042bf124b63,5b471cc19e654f159abc4bdf4aa0dfbc,', '', '90', '/core/member/member/up', '', '', '1', '', '1', '2018-11-15 13:16:35', '1', '2018-11-15 13:16:57', '', '0');
INSERT INTO `sys_menu` VALUES ('f00806da831a4d2eac59920dfbefa937', 'c8e72db59d064b31b68fb7b2798c7c7f', '0,1,55eeeded5e624e92908aa042bf124b63,c8e72db59d064b31b68fb7b2798c7c7f,', '', '30', '/core/member/member/store', '', '', '1', '', '1', '2018-11-08 10:55:35', '1', '2018-11-08 10:56:39', '', '0');
INSERT INTO `sys_menu` VALUES ('f61030a785eb457a8e5649fb5b3b0019', '0fd835e9b5ea479c9ae9806aacda07d7', '0,1,0fd835e9b5ea479c9ae9806aacda07d7,', '', '30', '', '', '', '1', '', '1', '2018-11-09 09:18:05', '1', '2018-11-09 09:18:05', '', '0');
INSERT INTO `sys_menu` VALUES ('f88f3689f4dd49099a9c0207d416c264', '0f063efa7735490e8732ef7083699b87', '0,1,2,3,0f063efa7735490e8732ef7083699b87,', '', '60', '', '', '', '0', 'core:setting:memberSetting:edit', '1', '2018-11-07 13:45:16', '1', '2018-11-07 13:45:16', '', '0');
INSERT INTO `sys_menu` VALUES ('f8ed2189f66240c4b8d48a64bdb15d32', '2c6caf9a730a4e01a21666fe01885a57', '0,1,ae7c4b2809f64e8a871b9ecdfb2eba9a,8caab80c305d43969d7cb0ee56f76288,2c6caf9a730a4e01a21666fe01885a57,', '', '60', '', '', '', '0', 'core:pvdetail:pvDetail:edit', '1', '2018-11-05 10:04:50', '1', '2018-11-05 10:04:50', '', '0');
INSERT INTO `sys_menu` VALUES ('fa4b85a0ed2949ad9726c80ceeee14ae', '97e40f459f3744778a296ffaac1cdb12', '0,1,55eeeded5e624e92908aa042bf124b63,5b471cc19e654f159abc4bdf4aa0dfbc,97e40f459f3744778a296ffaac1cdb12,', '', '30', '', '', '', '0', 'core:member:member:view', '1', '2018-11-06 16:17:49', '1', '2018-11-06 16:17:49', '', '0');
INSERT INTO `sys_menu` VALUES ('faff01af6c824a96943617d5f23bd7f6', '070d8ff2c1614d71a8e77fe85297f732', '0,1,55eeeded5e624e92908aa042bf124b63,e497e7a084484520b750a3deef59a602,070d8ff2c1614d71a8e77fe85297f732,', 'view', '30', '', '', '', '0', 'core:orders:orders:view', '1', '2018-11-23 10:25:07', '1', '2018-11-23 10:25:07', '', '0');
INSERT INTO `sys_menu` VALUES ('fb6220c6c3ff43d7adac5896433e0fc4', '1722337af14e48a39763600410f64ae7', '0,1,0fd835e9b5ea479c9ae9806aacda07d7,f61030a785eb457a8e5649fb5b3b0019,1722337af14e48a39763600410f64ae7,', '', '30', '', '', '', '0', 'core:member:member:view', '1', '2018-11-09 09:22:03', '1', '2018-11-09 09:22:03', '', '0');
INSERT INTO `sys_menu` VALUES ('fd4937a8fb934f64b0f6f884678d3d00', 'f00806da831a4d2eac59920dfbefa937', '0,1,55eeeded5e624e92908aa042bf124b63,c8e72db59d064b31b68fb7b2798c7c7f,f00806da831a4d2eac59920dfbefa937,', '', '60', '', '', '', '0', 'core:member:member:edit', '1', '2018-11-08 10:57:17', '1', '2018-11-08 10:57:17', '', '0');
INSERT INTO `sys_menu` VALUES ('ff31ce11ea7e4919a8add6c9fc94732b', 'ae7c4b2809f64e8a871b9ecdfb2eba9a', '0,1,ae7c4b2809f64e8a871b9ecdfb2eba9a,', '', '60', '', '', '', '1', '', '1', '2018-11-05 16:03:46', '1', '2018-11-07 10:26:12', '', '0');

-- ----------------------------
-- Table structure for sys_office
-- ----------------------------
DROP TABLE IF EXISTS `sys_office`;
CREATE TABLE `sys_office` (
  `id` varchar(64) NOT NULL COMMENT '',
  `parent_id` varchar(64) NOT NULL COMMENT '',
  `parent_ids` varchar(2000) NOT NULL COMMENT '',
  `name` varchar(100) NOT NULL COMMENT '',
  `sort` decimal(10,0) NOT NULL COMMENT '',
  `area_id` varchar(64) NOT NULL COMMENT '',
  `code` varchar(100) DEFAULT NULL COMMENT '',
  `type` char(1) NOT NULL COMMENT '',
  `grade` char(1) NOT NULL COMMENT '',
  `address` varchar(255) DEFAULT NULL COMMENT '',
  `zip_code` varchar(100) DEFAULT NULL COMMENT '',
  `master` varchar(100) DEFAULT NULL COMMENT '',
  `phone` varchar(200) DEFAULT NULL COMMENT '',
  `fax` varchar(200) DEFAULT NULL COMMENT '',
  `email` varchar(200) DEFAULT NULL COMMENT '',
  `USEABLE` varchar(64) DEFAULT NULL COMMENT '',
  `PRIMARY_PERSON` varchar(64) DEFAULT NULL COMMENT '',
  `DEPUTY_PERSON` varchar(64) DEFAULT NULL COMMENT '',
  `create_by` varchar(64) NOT NULL COMMENT '',
  `create_date` datetime NOT NULL COMMENT '',
  `update_by` varchar(64) NOT NULL COMMENT '',
  `update_date` datetime NOT NULL COMMENT '',
  `remarks` varchar(255) DEFAULT NULL COMMENT '',
  `del_flag` char(1) NOT NULL DEFAULT '0' COMMENT '',
  PRIMARY KEY (`id`),
  KEY `sys_office_parent_id` (`parent_id`),
  KEY `sys_office_del_flag` (`del_flag`),
  KEY `sys_office_type` (`type`)
) ENGINE=InnoDB DEFAULT CHARSET=utf8 COMMENT='';

-- ----------------------------
-- Records of sys_office
-- ----------------------------
INSERT INTO `sys_office` VALUES ('1', '0', '0,', '', '10', '2', '100000', '1', '1', null, null, null, null, null, null, '1', null, null, '1', '2013-05-27 08:00:00', '1', '2013-05-27 08:00:00', null, '0');
INSERT INTO `sys_office` VALUES ('10', '7', '0,1,7,', '', '30', '3', '200003', '2', '2', null, null, null, null, null, null, '1', null, null, '1', '2013-05-27 08:00:00', '1', '2013-05-27 08:00:00', null, '0');
INSERT INTO `sys_office` VALUES ('11', '7', '0,1,7,', '', '40', '3', '200004', '2', '2', null, null, null, null, null, null, '1', null, null, '1', '2013-05-27 08:00:00', '1', '2013-05-27 08:00:00', null, '0');
INSERT INTO `sys_office` VALUES ('12', '7', '0,1,7,', '', '0', '4', '201000', '1', '3', null, null, null, null, null, null, '1', null, null, '1', '2013-05-27 08:00:00', '1', '2013-05-27 08:00:00', null, '0');
INSERT INTO `sys_office` VALUES ('13', '12', '0,1,7,12,', '', '10', '4', '201001', '2', '3', null, null, null, null, null, null, '1', null, null, '1', '2013-05-27 08:00:00', '1', '2013-05-27 08:00:00', null, '0');
INSERT INTO `sys_office` VALUES ('14', '12', '0,1,7,12,', '', '20', '4', '201002', '2', '3', null, null, null, null, null, null, '1', null, null, '1', '2013-05-27 08:00:00', '1', '2013-05-27 08:00:00', null, '0');
INSERT INTO `sys_office` VALUES ('15', '12', '0,1,7,12,', '', '30', '4', '201003', '2', '3', null, null, null, null, null, null, '1', null, null, '1', '2013-05-27 08:00:00', '1', '2013-05-27 08:00:00', null, '0');
INSERT INTO `sys_office` VALUES ('16', '12', '0,1,7,12,', '', '40', '4', '201004', '2', '3', null, null, null, null, null, null, '1', null, null, '1', '2013-05-27 08:00:00', '1', '2013-05-27 08:00:00', null, '0');
INSERT INTO `sys_office` VALUES ('17', '7', '0,1,7,', '', '40', '5', '201010', '1', '3', null, null, null, null, null, null, '1', null, null, '1', '2013-05-27 08:00:00', '1', '2013-05-27 08:00:00', null, '0');
INSERT INTO `sys_office` VALUES ('18', '17', '0,1,7,17,', '', '10', '5', '201011', '2', '3', null, null, null, null, null, null, '1', null, null, '1', '2013-05-27 08:00:00', '1', '2013-05-27 08:00:00', null, '0');
INSERT INTO `sys_office` VALUES ('19', '17', '0,1,7,17,', '', '20', '5', '201012', '2', '3', null, null, null, null, null, null, '1', null, null, '1', '2013-05-27 08:00:00', '1', '2013-05-27 08:00:00', null, '0');
INSERT INTO `sys_office` VALUES ('2', '1', '0,1,', '', '10', '2', '100001', '2', '1', null, null, null, null, null, null, '1', null, null, '1', '2013-05-27 08:00:00', '1', '2013-05-27 08:00:00', null, '0');
INSERT INTO `sys_office` VALUES ('20', '17', '0,1,7,17,', '', '30', '5', '201013', '2', '3', null, null, null, null, null, null, '1', null, null, '1', '2013-05-27 08:00:00', '1', '2013-05-27 08:00:00', null, '0');
INSERT INTO `sys_office` VALUES ('21', '17', '0,1,7,17,', '', '40', '5', '201014', '2', '3', null, null, null, null, null, null, '1', null, null, '1', '2013-05-27 08:00:00', '1', '2013-05-27 08:00:00', null, '0');
INSERT INTO `sys_office` VALUES ('22', '7', '0,1,7,', '', '50', '6', '201010', '1', '3', null, null, null, null, null, null, '1', null, null, '1', '2013-05-27 08:00:00', '1', '2013-05-27 08:00:00', null, '0');
INSERT INTO `sys_office` VALUES ('23', '22', '0,1,7,22,', '', '10', '6', '201011', '2', '3', null, null, null, null, null, null, '1', null, null, '1', '2013-05-27 08:00:00', '1', '2013-05-27 08:00:00', null, '0');
INSERT INTO `sys_office` VALUES ('24', '22', '0,1,7,22,', '', '20', '6', '201012', '2', '3', null, null, null, null, null, null, '1', null, null, '1', '2013-05-27 08:00:00', '1', '2013-05-27 08:00:00', null, '0');
INSERT INTO `sys_office` VALUES ('25', '22', '0,1,7,22,', '', '30', '6', '201013', '2', '3', null, null, null, null, null, null, '1', null, null, '1', '2013-05-27 08:00:00', '1', '2013-05-27 08:00:00', null, '0');
INSERT INTO `sys_office` VALUES ('26', '22', '0,1,7,22,', '', '40', '6', '201014', '2', '3', null, null, null, null, null, null, '1', null, null, '1', '2013-05-27 08:00:00', '1', '2013-05-27 08:00:00', null, '0');
INSERT INTO `sys_office` VALUES ('3', '1', '0,1,', '', '20', '2', '100002', '2', '1', null, null, null, null, null, null, '1', null, null, '1', '2013-05-27 08:00:00', '1', '2013-05-27 08:00:00', null, '0');
INSERT INTO `sys_office` VALUES ('4', '1', '0,1,', '', '30', '2', '100003', '2', '1', null, null, null, null, null, null, '1', null, null, '1', '2013-05-27 08:00:00', '1', '2013-05-27 08:00:00', null, '0');
INSERT INTO `sys_office` VALUES ('5', '1', '0,1,', '', '40', '2', '100004', '2', '1', null, null, null, null, null, null, '1', null, null, '1', '2013-05-27 08:00:00', '1', '2013-05-27 08:00:00', null, '0');
INSERT INTO `sys_office` VALUES ('6', '1', '0,1,', '', '50', '2', '100005', '2', '1', null, null, null, null, null, null, '1', null, null, '1', '2013-05-27 08:00:00', '1', '2013-05-27 08:00:00', null, '0');
INSERT INTO `sys_office` VALUES ('7', '1', '0,1,', '', '20', '3', '200000', '1', '2', null, null, null, null, null, null, '1', null, null, '1', '2013-05-27 08:00:00', '1', '2013-05-27 08:00:00', null, '0');
INSERT INTO `sys_office` VALUES ('8', '7', '0,1,7,', '', '10', '3', '200001', '2', '2', null, null, null, null, null, null, '1', null, null, '1', '2013-05-27 08:00:00', '1', '2013-05-27 08:00:00', null, '0');
INSERT INTO `sys_office` VALUES ('9', '7', '0,1,7,', '', '20', '3', '200002', '2', '2', null, null, null, null, null, null, '1', null, null, '1', '2013-05-27 08:00:00', '1', '2013-05-27 08:00:00', null, '0');

-- ----------------------------
-- Table structure for sys_role
-- ----------------------------
DROP TABLE IF EXISTS `sys_role`;
CREATE TABLE `sys_role` (
  `id` varchar(64) NOT NULL COMMENT '',
  `office_id` varchar(64) DEFAULT NULL COMMENT '',
  `name` varchar(100) NOT NULL COMMENT '',
  `enname` varchar(255) DEFAULT NULL COMMENT '',
  `role_type` varchar(255) DEFAULT NULL COMMENT '',
  `data_scope` char(1) DEFAULT NULL COMMENT '',
  `is_sys` varchar(64) DEFAULT NULL COMMENT '',
  `useable` varchar(64) DEFAULT NULL COMMENT '',
  `create_by` varchar(64) NOT NULL COMMENT '',
  `create_date` datetime NOT NULL COMMENT '',
  `update_by` varchar(64) NOT NULL COMMENT '',
  `update_date` datetime NOT NULL COMMENT '',
  `remarks` varchar(255) DEFAULT NULL COMMENT '',
  `del_flag` char(1) NOT NULL DEFAULT '0' COMMENT '',
  PRIMARY KEY (`id`),
  KEY `sys_role_del_flag` (`del_flag`),
  KEY `sys_role_enname` (`enname`)
) ENGINE=InnoDB DEFAULT CHARSET=utf8 COMMENT='';

-- ----------------------------
-- Records of sys_role
-- ----------------------------
INSERT INTO `sys_role` VALUES ('1', '2', '', 'dept', 'assignment', '1', '1', '1', '1', '2013-05-27 08:00:00', '1', '2018-11-22 10:13:30', '', '0');
INSERT INTO `sys_role` VALUES ('2', '2', '', 'hr', 'assignment', '2', '1', '1', '1', '2013-05-27 08:00:00', '1', '2018-11-23 15:34:59', '', '0');
INSERT INTO `sys_role` VALUES ('3', '2', '', 'a', 'assignment', '3', '1', '1', '1', '2013-05-27 08:00:00', '1', '2018-11-23 15:34:48', '', '0');
INSERT INTO `sys_role` VALUES ('4', '1', '', 'b', 'assignment', '4', null, '1', '1', '2013-05-27 08:00:00', '1', '2013-05-27 08:00:00', null, '1');
INSERT INTO `sys_role` VALUES ('5', '1', '', 'c', 'assignment', '5', null, '1', '1', '2013-05-27 08:00:00', '1', '2013-05-27 08:00:00', null, '1');
INSERT INTO `sys_role` VALUES ('6', '1', '', 'd', 'assignment', '8', null, '1', '1', '2013-05-27 08:00:00', '1', '2013-05-27 08:00:00', null, '1');
INSERT INTO `sys_role` VALUES ('7', '7', '', 'e', 'assignment', '9', null, '1', '1', '2013-05-27 08:00:00', '1', '2013-05-27 08:00:00', null, '1');
INSERT INTO `sys_role` VALUES ('8', '2', '', 'ck', 'assignment', '1', '1', '1', '1', '2018-11-26 14:51:12', '1', '2018-11-26 15:05:34', '', '0');

-- ----------------------------
-- Table structure for sys_role_menu
-- ----------------------------
DROP TABLE IF EXISTS `sys_role_menu`;
CREATE TABLE `sys_role_menu` (
  `role_id` varchar(64) NOT NULL COMMENT '',
  `menu_id` varchar(64) NOT NULL COMMENT '',
  PRIMARY KEY (`role_id`,`menu_id`)
) ENGINE=InnoDB DEFAULT CHARSET=utf8 COMMENT='-';

-- ----------------------------
-- Records of sys_role_menu
-- ----------------------------
INSERT INTO `sys_role_menu` VALUES ('1', '0b2ebd4d639e4c2b83c2dd0764522f24');
INSERT INTO `sys_role_menu` VALUES ('1', '0ca004d6b1bf4bcab9670a5060d82a55');
INSERT INTO `sys_role_menu` VALUES ('1', '0eb9d835c009480a8ebd6d9b756eeb27');
INSERT INTO `sys_role_menu` VALUES ('1', '0fd835e9b5ea479c9ae9806aacda07d7');
INSERT INTO `sys_role_menu` VALUES ('1', '1');
INSERT INTO `sys_role_menu` VALUES ('1', '10');
INSERT INTO `sys_role_menu` VALUES ('1', '11');
INSERT INTO `sys_role_menu` VALUES ('1', '12');
INSERT INTO `sys_role_menu` VALUES ('1', '13');
INSERT INTO `sys_role_menu` VALUES ('1', '14');
INSERT INTO `sys_role_menu` VALUES ('1', '15');
INSERT INTO `sys_role_menu` VALUES ('1', '157db05b1b714eaea3a452dd07846b54');
INSERT INTO `sys_role_menu` VALUES ('1', '16');
INSERT INTO `sys_role_menu` VALUES ('1', '16272ebbb54f4c658563b218d86afc89');
INSERT INTO `sys_role_menu` VALUES ('1', '17');
INSERT INTO `sys_role_menu` VALUES ('1', '1722337af14e48a39763600410f64ae7');
INSERT INTO `sys_role_menu` VALUES ('1', '18');
INSERT INTO `sys_role_menu` VALUES ('1', '19');
INSERT INTO `sys_role_menu` VALUES ('1', '1dbdf29c54394500a9bf55752f84f139');
INSERT INTO `sys_role_menu` VALUES ('1', '2');
INSERT INTO `sys_role_menu` VALUES ('1', '20');
INSERT INTO `sys_role_menu` VALUES ('1', '21');
INSERT INTO `sys_role_menu` VALUES ('1', '22');
INSERT INTO `sys_role_menu` VALUES ('1', '23');
INSERT INTO `sys_role_menu` VALUES ('1', '23eb51aec3dd47ba8a950d571644d6e3');
INSERT INTO `sys_role_menu` VALUES ('1', '24');
INSERT INTO `sys_role_menu` VALUES ('1', '24f37da931544b3aba32bc89939bb860');
INSERT INTO `sys_role_menu` VALUES ('1', '27');
INSERT INTO `sys_role_menu` VALUES ('1', '28');
INSERT INTO `sys_role_menu` VALUES ('1', '29');
INSERT INTO `sys_role_menu` VALUES ('1', '2c6caf9a730a4e01a21666fe01885a57');
INSERT INTO `sys_role_menu` VALUES ('1', '2c7e82f75ba04ea2af46344cbf0d839c');
INSERT INTO `sys_role_menu` VALUES ('1', '3');
INSERT INTO `sys_role_menu` VALUES ('1', '30');
INSERT INTO `sys_role_menu` VALUES ('1', '31');
INSERT INTO `sys_role_menu` VALUES ('1', '32');
INSERT INTO `sys_role_menu` VALUES ('1', '33');
INSERT INTO `sys_role_menu` VALUES ('1', '34');
INSERT INTO `sys_role_menu` VALUES ('1', '35');
INSERT INTO `sys_role_menu` VALUES ('1', '35571780c835425c8714799ca4825aa4');
INSERT INTO `sys_role_menu` VALUES ('1', '36');
INSERT INTO `sys_role_menu` VALUES ('1', '37');
INSERT INTO `sys_role_menu` VALUES ('1', '38');
INSERT INTO `sys_role_menu` VALUES ('1', '384d83bcac634efaa4601ebaaafe2792');
INSERT INTO `sys_role_menu` VALUES ('1', '3895c5e2acc7480a96a30c24022e00a6');
INSERT INTO `sys_role_menu` VALUES ('1', '38a20c7ecca1440888e6b352289e4f39');
INSERT INTO `sys_role_menu` VALUES ('1', '39');
INSERT INTO `sys_role_menu` VALUES ('1', '3c92c17886944d0687e73e286cada573');
INSERT INTO `sys_role_menu` VALUES ('1', '4');
INSERT INTO `sys_role_menu` VALUES ('1', '40');
INSERT INTO `sys_role_menu` VALUES ('1', '41');
INSERT INTO `sys_role_menu` VALUES ('1', '42');
INSERT INTO `sys_role_menu` VALUES ('1', '43');
INSERT INTO `sys_role_menu` VALUES ('1', '44');
INSERT INTO `sys_role_menu` VALUES ('1', '45');
INSERT INTO `sys_role_menu` VALUES ('1', '46');
INSERT INTO `sys_role_menu` VALUES ('1', '463cc0d2f71c46c4be9fdb86714e2326');
INSERT INTO `sys_role_menu` VALUES ('1', '47');
INSERT INTO `sys_role_menu` VALUES ('1', '48');
INSERT INTO `sys_role_menu` VALUES ('1', '4855cf3b25c244fb8500a380db189d97');
INSERT INTO `sys_role_menu` VALUES ('1', '49');
INSERT INTO `sys_role_menu` VALUES ('1', '4ee2b0cdeead4cf79e9831ba015bed1d');
INSERT INTO `sys_role_menu` VALUES ('1', '4f3f65c7295c45638ba42e6aa385ecb7');
INSERT INTO `sys_role_menu` VALUES ('1', '5');
INSERT INTO `sys_role_menu` VALUES ('1', '50');
INSERT INTO `sys_role_menu` VALUES ('1', '50f5ffb442084e7c80e44e3e9c51f29e');
INSERT INTO `sys_role_menu` VALUES ('1', '51');
INSERT INTO `sys_role_menu` VALUES ('1', '52');
INSERT INTO `sys_role_menu` VALUES ('1', '53');
INSERT INTO `sys_role_menu` VALUES ('1', '54');
INSERT INTO `sys_role_menu` VALUES ('1', '55');
INSERT INTO `sys_role_menu` VALUES ('1', '55eeeded5e624e92908aa042bf124b63');
INSERT INTO `sys_role_menu` VALUES ('1', '56');
INSERT INTO `sys_role_menu` VALUES ('1', '57');
INSERT INTO `sys_role_menu` VALUES ('1', '58');
INSERT INTO `sys_role_menu` VALUES ('1', '58c7551a07994d2c8fabaf5dd4f8bc94');
INSERT INTO `sys_role_menu` VALUES ('1', '59');
INSERT INTO `sys_role_menu` VALUES ('1', '59325888188a455cb19265958a95a977');
INSERT INTO `sys_role_menu` VALUES ('1', '5b471cc19e654f159abc4bdf4aa0dfbc');
INSERT INTO `sys_role_menu` VALUES ('1', '6');
INSERT INTO `sys_role_menu` VALUES ('1', '60');
INSERT INTO `sys_role_menu` VALUES ('1', '61');
INSERT INTO `sys_role_menu` VALUES ('1', '6165656098b046dcadfb15212328405a');
INSERT INTO `sys_role_menu` VALUES ('1', '6185934b34e2498f8839a25952aa0b10');
INSERT INTO `sys_role_menu` VALUES ('1', '62');
INSERT INTO `sys_role_menu` VALUES ('1', '63');
INSERT INTO `sys_role_menu` VALUES ('1', '64');
INSERT INTO `sys_role_menu` VALUES ('1', '65');
INSERT INTO `sys_role_menu` VALUES ('1', '66');
INSERT INTO `sys_role_menu` VALUES ('1', '67');
INSERT INTO `sys_role_menu` VALUES ('1', '672584037bb44a48ab37e91fd96753f8');
INSERT INTO `sys_role_menu` VALUES ('1', '67282105de3f4096b1e6f0c9223bfdd1');
INSERT INTO `sys_role_menu` VALUES ('1', '68');
INSERT INTO `sys_role_menu` VALUES ('1', '68409589d88f412bb59654ac44c0affe');
INSERT INTO `sys_role_menu` VALUES ('1', '69');
INSERT INTO `sys_role_menu` VALUES ('1', '6adaecb9add6454299a1f4c679981a59');
INSERT INTO `sys_role_menu` VALUES ('1', '6c0b7daa5d8d4b6d8812d4f31582a0e6');
INSERT INTO `sys_role_menu` VALUES ('1', '7');
INSERT INTO `sys_role_menu` VALUES ('1', '70');
INSERT INTO `sys_role_menu` VALUES ('1', '71');
INSERT INTO `sys_role_menu` VALUES ('1', '72');
INSERT INTO `sys_role_menu` VALUES ('1', '73');
INSERT INTO `sys_role_menu` VALUES ('1', '74');
INSERT INTO `sys_role_menu` VALUES ('1', '778a9d816bac41b1be874a88e907a27c');
INSERT INTO `sys_role_menu` VALUES ('1', '79');
INSERT INTO `sys_role_menu` VALUES ('1', '7ca9d571a1b247bc90ba76ca0d52fd77');
INSERT INTO `sys_role_menu` VALUES ('1', '7e10eca7f66840d68dd7d5641c3074d6');
INSERT INTO `sys_role_menu` VALUES ('1', '7feb45037eb745ab88f007332244b18b');
INSERT INTO `sys_role_menu` VALUES ('1', '8');
INSERT INTO `sys_role_menu` VALUES ('1', '80');
INSERT INTO `sys_role_menu` VALUES ('1', '81');
INSERT INTO `sys_role_menu` VALUES ('1', '82');
INSERT INTO `sys_role_menu` VALUES ('1', '84');
INSERT INTO `sys_role_menu` VALUES ('1', '85');
INSERT INTO `sys_role_menu` VALUES ('1', '88');
INSERT INTO `sys_role_menu` VALUES ('1', '89');
INSERT INTO `sys_role_menu` VALUES ('1', '8caab80c305d43969d7cb0ee56f76288');
INSERT INTO `sys_role_menu` VALUES ('1', '9');
INSERT INTO `sys_role_menu` VALUES ('1', '90');
INSERT INTO `sys_role_menu` VALUES ('1', '906704f70e2440fc8dfd1a115e98abbc');
INSERT INTO `sys_role_menu` VALUES ('1', '947bc4fd682e49b9b25c04178519f6b3');
INSERT INTO `sys_role_menu` VALUES ('1', '94fee7e54370465db231e7e76a9bb076');
INSERT INTO `sys_role_menu` VALUES ('1', '96181cd55cb94f58a7a8fba42931c516');
INSERT INTO `sys_role_menu` VALUES ('1', '966ca93a1b334849a90680a03c8714b4');
INSERT INTO `sys_role_menu` VALUES ('1', '97e40f459f3744778a296ffaac1cdb12');
INSERT INTO `sys_role_menu` VALUES ('1', '980e48f19fcc4282aecb7c221e6d7512');
INSERT INTO `sys_role_menu` VALUES ('1', '99ed33d30ec14a4faec9bd1043fa064b');
INSERT INTO `sys_role_menu` VALUES ('1', '9fafb344f45c407ab4a96ec78831c76c');
INSERT INTO `sys_role_menu` VALUES ('1', 'aca84547f89b41778f4fb60c1e130bd4');
INSERT INTO `sys_role_menu` VALUES ('1', 'adca77b4d0534d59867c635403fafd71');
INSERT INTO `sys_role_menu` VALUES ('1', 'ae7c4b2809f64e8a871b9ecdfb2eba9a');
INSERT INTO `sys_role_menu` VALUES ('1', 'afab2db430e2457f9cf3a11feaa8b869');
INSERT INTO `sys_role_menu` VALUES ('1', 'b1f6d1b86ba24365bae7fd86c5082317');
INSERT INTO `sys_role_menu` VALUES ('1', 'b7db4c86975e4b7e949feb3468b23442');
INSERT INTO `sys_role_menu` VALUES ('1', 'ba3a1365bb884b08bc009f1d1d2f3d79');
INSERT INTO `sys_role_menu` VALUES ('1', 'ba8092291b40482db8fe7fc006ea3d76');
INSERT INTO `sys_role_menu` VALUES ('1', 'bbbce0e575234d0085319bb40674d504');
INSERT INTO `sys_role_menu` VALUES ('1', 'c009bd65f7c04e7c9216d3c516be9959');
INSERT INTO `sys_role_menu` VALUES ('1', 'c2e4d9082a0b4386884a0b203afe2c5c');
INSERT INTO `sys_role_menu` VALUES ('1', 'c6573f8c9e7643509f3f001a1bac9b8f');
INSERT INTO `sys_role_menu` VALUES ('1', 'c8e72db59d064b31b68fb7b2798c7c7f');
INSERT INTO `sys_role_menu` VALUES ('1', 'cba993e075d94d4784282a6f8736c1b4');
INSERT INTO `sys_role_menu` VALUES ('1', 'd15ec45a4c5449c3bbd7a61d5f9dd1d2');
INSERT INTO `sys_role_menu` VALUES ('1', 'd801fbefccf242f4953725cd63e130fc');
INSERT INTO `sys_role_menu` VALUES ('1', 'dc25e014ee1a497f961253451d0e4dd5');
INSERT INTO `sys_role_menu` VALUES ('1', 'df7ce823c5b24ff9bada43d992f373e2');
INSERT INTO `sys_role_menu` VALUES ('1', 'e1b3c1619b294cb8bff56eedbcaf54bf');
INSERT INTO `sys_role_menu` VALUES ('1', 'e497e7a084484520b750a3deef59a602');
INSERT INTO `sys_role_menu` VALUES ('1', 'e684945469dd45bfb8726391928d4292');
INSERT INTO `sys_role_menu` VALUES ('1', 'f00806da831a4d2eac59920dfbefa937');
INSERT INTO `sys_role_menu` VALUES ('1', 'f61030a785eb457a8e5649fb5b3b0019');
INSERT INTO `sys_role_menu` VALUES ('1', 'f8ed2189f66240c4b8d48a64bdb15d32');
INSERT INTO `sys_role_menu` VALUES ('1', 'fa4b85a0ed2949ad9726c80ceeee14ae');
INSERT INTO `sys_role_menu` VALUES ('1', 'fb6220c6c3ff43d7adac5896433e0fc4');
INSERT INTO `sys_role_menu` VALUES ('1', 'fd4937a8fb934f64b0f6f884678d3d00');
INSERT INTO `sys_role_menu` VALUES ('1', 'ff31ce11ea7e4919a8add6c9fc94732b');
INSERT INTO `sys_role_menu` VALUES ('2', '070d8ff2c1614d71a8e77fe85297f732');
INSERT INTO `sys_role_menu` VALUES ('2', '0eb9d835c009480a8ebd6d9b756eeb27');
INSERT INTO `sys_role_menu` VALUES ('2', '0fd835e9b5ea479c9ae9806aacda07d7');
INSERT INTO `sys_role_menu` VALUES ('2', '1');
INSERT INTO `sys_role_menu` VALUES ('2', '157db05b1b714eaea3a452dd07846b54');
INSERT INTO `sys_role_menu` VALUES ('2', '16272ebbb54f4c658563b218d86afc89');
INSERT INTO `sys_role_menu` VALUES ('2', '1722337af14e48a39763600410f64ae7');
INSERT INTO `sys_role_menu` VALUES ('2', '1dbdf29c54394500a9bf55752f84f139');
INSERT INTO `sys_role_menu` VALUES ('2', '23eb51aec3dd47ba8a950d571644d6e3');
INSERT INTO `sys_role_menu` VALUES ('2', '24f37da931544b3aba32bc89939bb860');
INSERT INTO `sys_role_menu` VALUES ('2', '27');
INSERT INTO `sys_role_menu` VALUES ('2', '28');
INSERT INTO `sys_role_menu` VALUES ('2', '29');
INSERT INTO `sys_role_menu` VALUES ('2', '2b8ad8e36e6c4ee4b1b235ae31fcf421');
INSERT INTO `sys_role_menu` VALUES ('2', '2c6caf9a730a4e01a21666fe01885a57');
INSERT INTO `sys_role_menu` VALUES ('2', '2c7e82f75ba04ea2af46344cbf0d839c');
INSERT INTO `sys_role_menu` VALUES ('2', '30');
INSERT INTO `sys_role_menu` VALUES ('2', '35571780c835425c8714799ca4825aa4');
INSERT INTO `sys_role_menu` VALUES ('2', '384d83bcac634efaa4601ebaaafe2792');
INSERT INTO `sys_role_menu` VALUES ('2', '3895c5e2acc7480a96a30c24022e00a6');
INSERT INTO `sys_role_menu` VALUES ('2', '38a20c7ecca1440888e6b352289e4f39');
INSERT INTO `sys_role_menu` VALUES ('2', '3f337050f2f8449ba448671660611e83');
INSERT INTO `sys_role_menu` VALUES ('2', '463cc0d2f71c46c4be9fdb86714e2326');
INSERT INTO `sys_role_menu` VALUES ('2', '4993044c077341cfb1f395f625b8967a');
INSERT INTO `sys_role_menu` VALUES ('2', '4ee2b0cdeead4cf79e9831ba015bed1d');
INSERT INTO `sys_role_menu` VALUES ('2', '4f3f65c7295c45638ba42e6aa385ecb7');
INSERT INTO `sys_role_menu` VALUES ('2', '50f5ffb442084e7c80e44e3e9c51f29e');
INSERT INTO `sys_role_menu` VALUES ('2', '55eeeded5e624e92908aa042bf124b63');
INSERT INTO `sys_role_menu` VALUES ('2', '56');
INSERT INTO `sys_role_menu` VALUES ('2', '57');
INSERT INTO `sys_role_menu` VALUES ('2', '58');
INSERT INTO `sys_role_menu` VALUES ('2', '58c7551a07994d2c8fabaf5dd4f8bc94');
INSERT INTO `sys_role_menu` VALUES ('2', '59');
INSERT INTO `sys_role_menu` VALUES ('2', '59325888188a455cb19265958a95a977');
INSERT INTO `sys_role_menu` VALUES ('2', '5b471cc19e654f159abc4bdf4aa0dfbc');
INSERT INTO `sys_role_menu` VALUES ('2', '6165656098b046dcadfb15212328405a');
INSERT INTO `sys_role_menu` VALUES ('2', '6185934b34e2498f8839a25952aa0b10');
INSERT INTO `sys_role_menu` VALUES ('2', '6471899d811f4d5593d169d500fa1a63');
INSERT INTO `sys_role_menu` VALUES ('2', '672584037bb44a48ab37e91fd96753f8');
INSERT INTO `sys_role_menu` VALUES ('2', '67282105de3f4096b1e6f0c9223bfdd1');
INSERT INTO `sys_role_menu` VALUES ('2', '68409589d88f412bb59654ac44c0affe');
INSERT INTO `sys_role_menu` VALUES ('2', '6adaecb9add6454299a1f4c679981a59');
INSERT INTO `sys_role_menu` VALUES ('2', '6c0b7daa5d8d4b6d8812d4f31582a0e6');
INSERT INTO `sys_role_menu` VALUES ('2', '71');
INSERT INTO `sys_role_menu` VALUES ('2', '778a9d816bac41b1be874a88e907a27c');
INSERT INTO `sys_role_menu` VALUES ('2', '7ca9d571a1b247bc90ba76ca0d52fd77');
INSERT INTO `sys_role_menu` VALUES ('2', '7e10eca7f66840d68dd7d5641c3074d6');
INSERT INTO `sys_role_menu` VALUES ('2', '7feb45037eb745ab88f007332244b18b');
INSERT INTO `sys_role_menu` VALUES ('2', '83ad18b8bbbf457eabd2e1dcbf7ae9a7');
INSERT INTO `sys_role_menu` VALUES ('2', '8caab80c305d43969d7cb0ee56f76288');
INSERT INTO `sys_role_menu` VALUES ('2', '906704f70e2440fc8dfd1a115e98abbc');
INSERT INTO `sys_role_menu` VALUES ('2', '947bc4fd682e49b9b25c04178519f6b3');
INSERT INTO `sys_role_menu` VALUES ('2', '94fee7e54370465db231e7e76a9bb076');
INSERT INTO `sys_role_menu` VALUES ('2', '96181cd55cb94f58a7a8fba42931c516');
INSERT INTO `sys_role_menu` VALUES ('2', '966ca93a1b334849a90680a03c8714b4');
INSERT INTO `sys_role_menu` VALUES ('2', '97e40f459f3744778a296ffaac1cdb12');
INSERT INTO `sys_role_menu` VALUES ('2', '980e48f19fcc4282aecb7c221e6d7512');
INSERT INTO `sys_role_menu` VALUES ('2', '99ed33d30ec14a4faec9bd1043fa064b');
INSERT INTO `sys_role_menu` VALUES ('2', '9a87d8d27a04444a8cd43a49886bf7ec');
INSERT INTO `sys_role_menu` VALUES ('2', '9e6f96e6fa79497cb4d207492e39bc47');
INSERT INTO `sys_role_menu` VALUES ('2', '9fafb344f45c407ab4a96ec78831c76c');
INSERT INTO `sys_role_menu` VALUES ('2', 'aca84547f89b41778f4fb60c1e130bd4');
INSERT INTO `sys_role_menu` VALUES ('2', 'adca77b4d0534d59867c635403fafd71');
INSERT INTO `sys_role_menu` VALUES ('2', 'ae7c4b2809f64e8a871b9ecdfb2eba9a');
INSERT INTO `sys_role_menu` VALUES ('2', 'b7db4c86975e4b7e949feb3468b23442');
INSERT INTO `sys_role_menu` VALUES ('2', 'ba3a1365bb884b08bc009f1d1d2f3d79');
INSERT INTO `sys_role_menu` VALUES ('2', 'bbbce0e575234d0085319bb40674d504');
INSERT INTO `sys_role_menu` VALUES ('2', 'c009bd65f7c04e7c9216d3c516be9959');
INSERT INTO `sys_role_menu` VALUES ('2', 'c6573f8c9e7643509f3f001a1bac9b8f');
INSERT INTO `sys_role_menu` VALUES ('2', 'c8e72db59d064b31b68fb7b2798c7c7f');
INSERT INTO `sys_role_menu` VALUES ('2', 'cba993e075d94d4784282a6f8736c1b4');
INSERT INTO `sys_role_menu` VALUES ('2', 'd801fbefccf242f4953725cd63e130fc');
INSERT INTO `sys_role_menu` VALUES ('2', 'dc25e014ee1a497f961253451d0e4dd5');
INSERT INTO `sys_role_menu` VALUES ('2', 'e1b3c1619b294cb8bff56eedbcaf54bf');
INSERT INTO `sys_role_menu` VALUES ('2', 'e497e7a084484520b750a3deef59a602');
INSERT INTO `sys_role_menu` VALUES ('2', 'e684945469dd45bfb8726391928d4292');
INSERT INTO `sys_role_menu` VALUES ('2', 'e811fb9c544a48f7a62e74aaedfbff12');
INSERT INTO `sys_role_menu` VALUES ('2', 'f00806da831a4d2eac59920dfbefa937');
INSERT INTO `sys_role_menu` VALUES ('2', 'f61030a785eb457a8e5649fb5b3b0019');
INSERT INTO `sys_role_menu` VALUES ('2', 'f8ed2189f66240c4b8d48a64bdb15d32');
INSERT INTO `sys_role_menu` VALUES ('2', 'fa4b85a0ed2949ad9726c80ceeee14ae');
INSERT INTO `sys_role_menu` VALUES ('2', 'faff01af6c824a96943617d5f23bd7f6');
INSERT INTO `sys_role_menu` VALUES ('2', 'fb6220c6c3ff43d7adac5896433e0fc4');
INSERT INTO `sys_role_menu` VALUES ('2', 'fd4937a8fb934f64b0f6f884678d3d00');
INSERT INTO `sys_role_menu` VALUES ('2', 'ff31ce11ea7e4919a8add6c9fc94732b');
INSERT INTO `sys_role_menu` VALUES ('3', '070d8ff2c1614d71a8e77fe85297f732');
INSERT INTO `sys_role_menu` VALUES ('3', '0eb9d835c009480a8ebd6d9b756eeb27');
INSERT INTO `sys_role_menu` VALUES ('3', '1');
INSERT INTO `sys_role_menu` VALUES ('3', '157db05b1b714eaea3a452dd07846b54');
INSERT INTO `sys_role_menu` VALUES ('3', '27');
INSERT INTO `sys_role_menu` VALUES ('3', '28');
INSERT INTO `sys_role_menu` VALUES ('3', '29');
INSERT INTO `sys_role_menu` VALUES ('3', '2c6caf9a730a4e01a21666fe01885a57');
INSERT INTO `sys_role_menu` VALUES ('3', '30');
INSERT INTO `sys_role_menu` VALUES ('3', '384d83bcac634efaa4601ebaaafe2792');
INSERT INTO `sys_role_menu` VALUES ('3', '3895c5e2acc7480a96a30c24022e00a6');
INSERT INTO `sys_role_menu` VALUES ('3', '38a20c7ecca1440888e6b352289e4f39');
INSERT INTO `sys_role_menu` VALUES ('3', '4993044c077341cfb1f395f625b8967a');
INSERT INTO `sys_role_menu` VALUES ('3', '4ee2b0cdeead4cf79e9831ba015bed1d');
INSERT INTO `sys_role_menu` VALUES ('3', '55eeeded5e624e92908aa042bf124b63');
INSERT INTO `sys_role_menu` VALUES ('3', '59325888188a455cb19265958a95a977');
INSERT INTO `sys_role_menu` VALUES ('3', '5b471cc19e654f159abc4bdf4aa0dfbc');
INSERT INTO `sys_role_menu` VALUES ('3', '6185934b34e2498f8839a25952aa0b10');
INSERT INTO `sys_role_menu` VALUES ('3', '6471899d811f4d5593d169d500fa1a63');
INSERT INTO `sys_role_menu` VALUES ('3', '67282105de3f4096b1e6f0c9223bfdd1');
INSERT INTO `sys_role_menu` VALUES ('3', '6adaecb9add6454299a1f4c679981a59');
INSERT INTO `sys_role_menu` VALUES ('3', '6c0b7daa5d8d4b6d8812d4f31582a0e6');
INSERT INTO `sys_role_menu` VALUES ('3', '7e10eca7f66840d68dd7d5641c3074d6');
INSERT INTO `sys_role_menu` VALUES ('3', '7feb45037eb745ab88f007332244b18b');
INSERT INTO `sys_role_menu` VALUES ('3', '8caab80c305d43969d7cb0ee56f76288');
INSERT INTO `sys_role_menu` VALUES ('3', '947bc4fd682e49b9b25c04178519f6b3');
INSERT INTO `sys_role_menu` VALUES ('3', '99ed33d30ec14a4faec9bd1043fa064b');
INSERT INTO `sys_role_menu` VALUES ('3', '9e6f96e6fa79497cb4d207492e39bc47');
INSERT INTO `sys_role_menu` VALUES ('3', '9fafb344f45c407ab4a96ec78831c76c');
INSERT INTO `sys_role_menu` VALUES ('3', 'adca77b4d0534d59867c635403fafd71');
INSERT INTO `sys_role_menu` VALUES ('3', 'ae7c4b2809f64e8a871b9ecdfb2eba9a');
INSERT INTO `sys_role_menu` VALUES ('3', 'b7db4c86975e4b7e949feb3468b23442');
INSERT INTO `sys_role_menu` VALUES ('3', 'bbbce0e575234d0085319bb40674d504');
INSERT INTO `sys_role_menu` VALUES ('3', 'c6573f8c9e7643509f3f001a1bac9b8f');
INSERT INTO `sys_role_menu` VALUES ('3', 'c8e72db59d064b31b68fb7b2798c7c7f');
INSERT INTO `sys_role_menu` VALUES ('3', 'd801fbefccf242f4953725cd63e130fc');
INSERT INTO `sys_role_menu` VALUES ('3', 'dc25e014ee1a497f961253451d0e4dd5');
INSERT INTO `sys_role_menu` VALUES ('3', 'e1b3c1619b294cb8bff56eedbcaf54bf');
INSERT INTO `sys_role_menu` VALUES ('3', 'e497e7a084484520b750a3deef59a602');
INSERT INTO `sys_role_menu` VALUES ('3', 'e684945469dd45bfb8726391928d4292');
INSERT INTO `sys_role_menu` VALUES ('3', 'f00806da831a4d2eac59920dfbefa937');
INSERT INTO `sys_role_menu` VALUES ('3', 'f8ed2189f66240c4b8d48a64bdb15d32');
INSERT INTO `sys_role_menu` VALUES ('3', 'faff01af6c824a96943617d5f23bd7f6');
INSERT INTO `sys_role_menu` VALUES ('3', 'fd4937a8fb934f64b0f6f884678d3d00');
INSERT INTO `sys_role_menu` VALUES ('3', 'ff31ce11ea7e4919a8add6c9fc94732b');
INSERT INTO `sys_role_menu` VALUES ('459217f333964a32b8fc42af0ace49cb', '0fcf6bc8ebf64724a649692be822c8fc');
INSERT INTO `sys_role_menu` VALUES ('459217f333964a32b8fc42af0ace49cb', '1');
INSERT INTO `sys_role_menu` VALUES ('459217f333964a32b8fc42af0ace49cb', '15b9714953564f9da7804c58f1c7605e');
INSERT INTO `sys_role_menu` VALUES ('459217f333964a32b8fc42af0ace49cb', '55eeeded5e624e92908aa042bf124b63');
INSERT INTO `sys_role_menu` VALUES ('459217f333964a32b8fc42af0ace49cb', '95fbfc209f1241b592788a490da1d9d0');
INSERT INTO `sys_role_menu` VALUES ('459217f333964a32b8fc42af0ace49cb', 'e497e7a084484520b750a3deef59a602');

-- ----------------------------
-- Table structure for sys_role_office
-- ----------------------------
DROP TABLE IF EXISTS `sys_role_office`;
CREATE TABLE `sys_role_office` (
  `role_id` varchar(64) NOT NULL COMMENT '',
  `office_id` varchar(64) NOT NULL COMMENT '',
  PRIMARY KEY (`role_id`,`office_id`)
) ENGINE=InnoDB DEFAULT CHARSET=utf8 COMMENT='-';

-- ----------------------------
-- Records of sys_role_office
-- ----------------------------
INSERT INTO `sys_role_office` VALUES ('7', '10');
INSERT INTO `sys_role_office` VALUES ('7', '11');
INSERT INTO `sys_role_office` VALUES ('7', '12');
INSERT INTO `sys_role_office` VALUES ('7', '13');
INSERT INTO `sys_role_office` VALUES ('7', '14');
INSERT INTO `sys_role_office` VALUES ('7', '15');
INSERT INTO `sys_role_office` VALUES ('7', '16');
INSERT INTO `sys_role_office` VALUES ('7', '17');
INSERT INTO `sys_role_office` VALUES ('7', '18');
INSERT INTO `sys_role_office` VALUES ('7', '19');
INSERT INTO `sys_role_office` VALUES ('7', '20');
INSERT INTO `sys_role_office` VALUES ('7', '21');
INSERT INTO `sys_role_office` VALUES ('7', '22');
INSERT INTO `sys_role_office` VALUES ('7', '23');
INSERT INTO `sys_role_office` VALUES ('7', '24');
INSERT INTO `sys_role_office` VALUES ('7', '25');
INSERT INTO `sys_role_office` VALUES ('7', '26');
INSERT INTO `sys_role_office` VALUES ('7', '7');
INSERT INTO `sys_role_office` VALUES ('7', '8');
INSERT INTO `sys_role_office` VALUES ('7', '9');

-- ----------------------------
-- Table structure for sys_user
-- ----------------------------
DROP TABLE IF EXISTS `sys_user`;
CREATE TABLE `sys_user` (
  `id` varchar(64) NOT NULL COMMENT '',
  `company_id` varchar(64) NOT NULL COMMENT '',
  `office_id` varchar(64) NOT NULL COMMENT '',
  `login_name` varchar(100) NOT NULL COMMENT '',
  `password` varchar(100) NOT NULL COMMENT '',
  `no` varchar(100) DEFAULT NULL COMMENT '',
  `name` varchar(100) NOT NULL COMMENT '',
  `email` varchar(200) DEFAULT NULL COMMENT '',
  `phone` varchar(200) DEFAULT NULL COMMENT '',
  `mobile` varchar(200) DEFAULT NULL COMMENT '',
  `user_type` char(1) DEFAULT NULL COMMENT '',
  `photo` varchar(1000) DEFAULT NULL COMMENT '',
  `login_ip` varchar(100) DEFAULT NULL COMMENT 'IP',
  `login_date` datetime DEFAULT NULL COMMENT '',
  `login_flag` varchar(64) DEFAULT NULL COMMENT '',
  `create_by` varchar(64) NOT NULL COMMENT '',
  `create_date` datetime NOT NULL COMMENT '',
  `update_by` varchar(64) NOT NULL COMMENT '',
  `update_date` datetime NOT NULL COMMENT '',
  `remarks` varchar(255) DEFAULT NULL COMMENT '',
  `del_flag` char(1) NOT NULL DEFAULT '0' COMMENT '',
  `status` int(1) DEFAULT '1',
  `password2` varchar(100) DEFAULT NULL,
  PRIMARY KEY (`id`),
  KEY `sys_user_office_id` (`office_id`),
  KEY `sys_user_login_name` (`login_name`),
  KEY `sys_user_company_id` (`company_id`),
  KEY `sys_user_update_date` (`update_date`),
  KEY `sys_user_del_flag` (`del_flag`)
) ENGINE=InnoDB DEFAULT CHARSET=utf8 COMMENT='';

-- ----------------------------
-- Records of sys_user
-- ----------------------------
INSERT INTO `sys_user` VALUES ('1', '1', '2', 'superadmin', '02a3f0772fcca9f415adc990734b45c6f059c7d33ee28362c4852032', '0001', '', 'thinkgem@163.com', '8675', '8675', null, null, '192.168.50.199', '2018-11-26 14:55:57', '1', '1', '2013-05-27 08:00:00', '1', '2013-05-27 08:00:00', '', '0', '1', null);
INSERT INTO `sys_user` VALUES ('2', '1', '2', 'admin', '02a3f0772fcca9f415adc990734b45c6f059c7d33ee28362c4852032', '0001', 'admin', 'admin@163.com', '12345678', '12345678', null, null, '127.0.0.1', '2018-11-24 16:24:44', '1', '1', '2013-05-27 08:00:00', '1', '2013-05-27 08:00:00', 'admin', '0', '1', null);
INSERT INTO `sys_user` VALUES ('3', '1', '2', 'ckadmin', '02a3f0772fcca9f415adc990734b45c6f059c7d33ee28362c4852032', '0001', '', 'admin@163.com', '12345678', '12345678', null, null, '127.0.0.1', '2018-11-24 16:24:44', '1', '1', '2013-05-27 08:00:00', '1', '2013-05-27 08:00:00', '', '0', '1', null);
INSERT INTO `sys_user` VALUES ('300ffab678ab43e6ae8fe37715639e0a', '1', '2', 'b0101', 'f9f10a8a85884cab2e06a2fb5836013894cbd8003219372c434e6cb1', null, 'b0101', '', '', null, '1', null, null, null, '1', '2', '2018-11-15 09:14:44', '2', '2018-11-15 09:14:44', '', '0', '1', '530fc3bfdedfb503eaa85d2e18e502a0faf1661d7679ed5e2b86901f');
INSERT INTO `sys_user` VALUES ('3df888c8305845e5afdde4bb4a16cab5', '1', '2', 'a0102', '55a3a497a87728c1e738d02631a7de09266f2e0e2bda741954016c7b', null, 'a0102', '', '', null, '1', null, null, null, '1', '2', '2018-11-14 14:54:51', '2', '2018-11-14 14:54:51', '', '0', '1', '27130dd9e1af0c643dab5d475dd350bbba55f1de5bbaab237df5506e');
INSERT INTO `sys_user` VALUES ('5b11e16ade11486bb9620dcda031d52c', '1', '2', 'b01', '8596fc192f04b532b52ad314c33263268233321c87f1ed30301dfbe3', null, 'b01', '', '', null, '1', null, null, null, '1', '2', '2018-11-14 14:09:36', '2', '2018-11-14 14:09:36', '', '0', '1', '3c0af09011a42ac4217a4bd0e33ab3cdf61bfb9236c3d6d52816f952');
INSERT INTO `sys_user` VALUES ('86b6322c46c740c099ef0381189b2d6f', '1', '2', 'a01', 'b07173a1528dedcc7e2fb823460cf6cf147c19e28040522cf0a1dd89', null, 'a01', '', '', null, '1', null, '127.0.0.1', '2018-11-23 15:35:07', '1', '2', '2018-11-14 13:44:02', '2', '2018-11-14 13:44:02', '', '0', '1', '67570b6f36336de39ad38adfd881fafa3b166de44c51c8a13d2c1526');
INSERT INTO `sys_user` VALUES ('ebd1849c55ac4277a491c01695a9a468', '1', '2', 'a0101', 'a628fc2cb372194b21767b6ed5ced14039b2e5fefd3736b5b009f680', null, 'a0101', '', '', null, '1', null, '127.0.0.1', '2018-11-23 15:43:20', '1', '2', '2018-11-14 14:50:55', '2', '2018-11-14 14:50:55', '', '0', '1', '51c23c97017afe431a8e5c2d0941f66f4030d57460cd2b39d02ac6fb');

-- ----------------------------
-- Table structure for sys_user_role
-- ----------------------------
DROP TABLE IF EXISTS `sys_user_role`;
CREATE TABLE `sys_user_role` (
  `user_id` varchar(64) NOT NULL COMMENT '',
  `role_id` varchar(64) NOT NULL COMMENT '',
  PRIMARY KEY (`user_id`,`role_id`)
) ENGINE=InnoDB DEFAULT CHARSET=utf8 COMMENT='-';

-- ----------------------------
-- Records of sys_user_role
-- ----------------------------
INSERT INTO `sys_user_role` VALUES ('1', '1');
INSERT INTO `sys_user_role` VALUES ('1', '2');
INSERT INTO `sys_user_role` VALUES ('1', '3');
INSERT INTO `sys_user_role` VALUES ('2', '2');
INSERT INTO `sys_user_role` VALUES ('2', '3');
INSERT INTO `sys_user_role` VALUES ('3', '8');
INSERT INTO `sys_user_role` VALUES ('300ffab678ab43e6ae8fe37715639e0a', '3');
INSERT INTO `sys_user_role` VALUES ('3df888c8305845e5afdde4bb4a16cab5', '3');
INSERT INTO `sys_user_role` VALUES ('5b11e16ade11486bb9620dcda031d52c', '3');
INSERT INTO `sys_user_role` VALUES ('86b6322c46c740c099ef0381189b2d6f', '3');
INSERT INTO `sys_user_role` VALUES ('ebd1849c55ac4277a491c01695a9a468', '2');
INSERT INTO `sys_user_role` VALUES ('ebd1849c55ac4277a491c01695a9a468', '3');

-- ----------------------------
-- Table structure for test_data
-- ----------------------------
DROP TABLE IF EXISTS `test_data`;
CREATE TABLE `test_data` (
  `id` varchar(64) NOT NULL COMMENT '',
  `user_id` varchar(64) DEFAULT NULL COMMENT '',
  `office_id` varchar(64) DEFAULT NULL COMMENT '',
  `area_id` varchar(64) DEFAULT NULL COMMENT '',
  `name` varchar(100) DEFAULT NULL COMMENT '',
  `sex` char(1) DEFAULT NULL COMMENT '',
  `in_date` date DEFAULT NULL COMMENT '',
  `create_by` varchar(64) NOT NULL COMMENT '',
  `create_date` datetime NOT NULL COMMENT '',
  `update_by` varchar(64) NOT NULL COMMENT '',
  `update_date` datetime NOT NULL COMMENT '',
  `remarks` varchar(255) DEFAULT NULL COMMENT '',
  `del_flag` char(1) NOT NULL DEFAULT '0' COMMENT '',
  PRIMARY KEY (`id`),
  KEY `test_data_del_flag` (`del_flag`)
) ENGINE=InnoDB DEFAULT CHARSET=utf8 COMMENT='';

-- ----------------------------
-- Records of test_data
-- ----------------------------

-- ----------------------------
-- Table structure for test_data_child
-- ----------------------------
DROP TABLE IF EXISTS `test_data_child`;
CREATE TABLE `test_data_child` (
  `id` varchar(64) NOT NULL COMMENT '',
  `test_data_main_id` varchar(64) DEFAULT NULL COMMENT 'ID',
  `name` varchar(100) DEFAULT NULL COMMENT '',
  `create_by` varchar(64) NOT NULL COMMENT '',
  `create_date` datetime NOT NULL COMMENT '',
  `update_by` varchar(64) NOT NULL COMMENT '',
  `update_date` datetime NOT NULL COMMENT '',
  `remarks` varchar(255) DEFAULT NULL COMMENT '',
  `del_flag` char(1) NOT NULL DEFAULT '0' COMMENT '',
  PRIMARY KEY (`id`),
  KEY `test_data_child_del_flag` (`del_flag`)
) ENGINE=InnoDB DEFAULT CHARSET=utf8 COMMENT='';

-- ----------------------------
-- Records of test_data_child
-- ----------------------------

-- ----------------------------
-- Table structure for test_data_main
-- ----------------------------
DROP TABLE IF EXISTS `test_data_main`;
CREATE TABLE `test_data_main` (
  `id` varchar(64) NOT NULL COMMENT '',
  `user_id` varchar(64) DEFAULT NULL COMMENT '',
  `office_id` varchar(64) DEFAULT NULL COMMENT '',
  `area_id` varchar(64) DEFAULT NULL COMMENT '',
  `name` varchar(100) DEFAULT NULL COMMENT '',
  `sex` char(1) DEFAULT NULL COMMENT '',
  `in_date` date DEFAULT NULL COMMENT '',
  `create_by` varchar(64) NOT NULL COMMENT '',
  `create_date` datetime NOT NULL COMMENT '',
  `update_by` varchar(64) NOT NULL COMMENT '',
  `update_date` datetime NOT NULL COMMENT '',
  `remarks` varchar(255) DEFAULT NULL COMMENT '',
  `del_flag` char(1) NOT NULL DEFAULT '0' COMMENT '',
  PRIMARY KEY (`id`),
  KEY `test_data_main_del_flag` (`del_flag`)
) ENGINE=InnoDB DEFAULT CHARSET=utf8 COMMENT='';

-- ----------------------------
-- Records of test_data_main
-- ----------------------------

-- ----------------------------
-- Table structure for test_tree
-- ----------------------------
DROP TABLE IF EXISTS `test_tree`;
CREATE TABLE `test_tree` (
  `id` varchar(64) NOT NULL COMMENT '',
  `parent_id` varchar(64) NOT NULL COMMENT '',
  `parent_ids` varchar(2000) NOT NULL COMMENT '',
  `name` varchar(100) NOT NULL COMMENT '',
  `sort` decimal(10,0) NOT NULL COMMENT '',
  `create_by` varchar(64) NOT NULL COMMENT '',
  `create_date` datetime NOT NULL COMMENT '',
  `update_by` varchar(64) NOT NULL COMMENT '',
  `update_date` datetime NOT NULL COMMENT '',
  `remarks` varchar(255) DEFAULT NULL COMMENT '',
  `del_flag` char(1) NOT NULL DEFAULT '0' COMMENT '',
  PRIMARY KEY (`id`),
  KEY `test_tree_del_flag` (`del_flag`),
  KEY `test_data_parent_id` (`parent_id`)
) ENGINE=InnoDB DEFAULT CHARSET=utf8 COMMENT='';

-- ----------------------------
-- Records of test_tree
-- ----------------------------
